Year,Province,Species Group,Species,Quantity (kgs),Value (CAD)
1990,Atlantic,Shellfish,Clams / quahaug,"22,450,009","18,495,709"
1990,Atlantic,Shellfish,"Crab, Other","864,815","321,713"
1990,Atlantic,Shellfish,"Crab, Queen","26,177,016","49,576,647"
1990,Atlantic,Shellfish,Lobster,"47,852,924","232,204,241"
1990,Atlantic,Shellfish,Other shellfish,"9,121,513","8,450,173"
1990,Atlantic,Shellfish,Scallop,"83,329,325","87,035,291"
1990,Atlantic,Shellfish,Sea cucumber,0,0
1990,Atlantic,Shellfish,Sea urchin,"109,156","99,933"
1990,Atlantic,Shellfish,Shrimp,"37,262,575","75,718,213"
1990,Atlantic,Shellfish,Total shellfish,"227,167,333","471,901,920"
1990,Atlantic,Pelagics,Alewife,"7,003,491","1,791,344"
1990,Atlantic,Pelagics,Capelin,"127,419,404","20,273,128"
1990,Atlantic,Pelagics,Eel,"877,718","3,641,112"
1990,Atlantic,Pelagics,Elvers,0,0
1990,Atlantic,Pelagics,Herring,"260,272,586","37,614,775"
1990,Atlantic,Pelagics,Mackerel,"21,789,434","6,209,451"
1990,Atlantic,Pelagics,Other pelagic/finfish,"1,622,501","1,780,224"
1990,Atlantic,Pelagics,Salmon,"687,776","3,177,064"
1990,Atlantic,Pelagics,Shark,"123,474","174,371"
1990,Atlantic,Pelagics,Silversides,"81,853","27,068"
1990,Atlantic,Pelagics,Swordfish,"911,961","5,269,020"
1990,Atlantic,Pelagics,Total pelagics,"421,260,564","87,106,813"
1990,Atlantic,Pelagics,Tuna,"470,366","7,149,258"
1990,Atlantic,Other,Marine plants,"24,794,429","2,038,907"
1990,Atlantic,Other,Miscellaneous,"53,318","849,272"
1990,Atlantic,Other,Total other,"24,847,747","2,888,179"
1990,Atlantic,Groundfish,Cod,"395,299,460","243,936,789"
1990,Atlantic,Groundfish,Flatfishes,"63,663,677","36,281,123"
1990,Atlantic,Groundfish,Greenland turbot,"19,601,518","16,868,142"
1990,Atlantic,Groundfish,Haddock,"22,147,588","24,214,508"
1990,Atlantic,Groundfish,Hake,"15,186,892","7,607,407"
1990,Atlantic,Groundfish,Halibut,"2,415,495","10,821,620"
1990,Atlantic,Groundfish,Other groundfish,"10,601,779","6,624,282"
1990,Atlantic,Groundfish,Pollock,"38,385,273","20,218,482"
1990,Atlantic,Groundfish,Redfish spp.,"81,425,307","22,694,569"
1990,Atlantic,Groundfish,Skate,"124,933","7,581"
1990,Atlantic,Groundfish,Total groundfish,"648,851,922","389,274,503"
1990,Atlantic,Grand total,Grand total,"1,322,127,566","951,171,415"
1990,British Columbia,Shellfish,Clams / quahaug,"6,600,000","15,999,000"
1990,British Columbia,Shellfish,"Crab, Other","2,167,700","9,311,000"
1990,British Columbia,Shellfish,"Crab, Queen",0,0
1990,British Columbia,Shellfish,Lobster,0,0
1990,British Columbia,Shellfish,Other shellfish,"1,756,300","4,081,000"
1990,British Columbia,Shellfish,Scallop,"68,700","317,000"
1990,British Columbia,Shellfish,Sea cucumber,0,0
1990,British Columbia,Shellfish,Sea urchin,"3,639,300","2,901,000"
1990,British Columbia,Shellfish,Shrimp,"2,700,300","9,643,000"
1990,British Columbia,Shellfish,Total shellfish,"16,932,300","42,252,000"
1990,British Columbia,Pelagics,Alewife,0,0
1990,British Columbia,Pelagics,Capelin,0,0
1990,British Columbia,Pelagics,Eel,0,0
1990,British Columbia,Pelagics,Elvers,0,0
1990,British Columbia,Pelagics,Herring,"41,055,600","73,170,000"
1990,British Columbia,Pelagics,Mackerel,0,0
1990,British Columbia,Pelagics,Other pelagic/finfish,"244,600","580,487"
1990,British Columbia,Pelagics,Salmon,"96,396,000","263,400,000"
1990,British Columbia,Pelagics,Shark,0,0
1990,British Columbia,Pelagics,Silversides,0,0
1990,British Columbia,Pelagics,Swordfish,0,0
1990,British Columbia,Pelagics,Total pelagics,"137,971,000","337,980,487"
1990,British Columbia,Pelagics,Tuna,"274,800","830,000"
1990,British Columbia,Other,Marine plants,0,0
1990,British Columbia,Other,Miscellaneous,"453,700","8,376,000"
1990,British Columbia,Other,Total other,"453,700","8,376,000"
1990,British Columbia,Groundfish,Cod,"6,233,100","3,375,000"
1990,British Columbia,Groundfish,Flatfishes,"7,183,800","5,551,000"
1990,British Columbia,Groundfish,Greenland turbot,"2,602,200","601,000"
1990,British Columbia,Groundfish,Haddock,0,0
1990,British Columbia,Groundfish,Hake,"79,453,100","12,833,000"
1990,British Columbia,Groundfish,Halibut,"5,032,134","21,065,000"
1990,British Columbia,Groundfish,Other groundfish,"14,501,700","25,482,000"
1990,British Columbia,Groundfish,Pollock,"676,300","185,000"
1990,British Columbia,Groundfish,Redfish spp.,"27,738,700","18,443,000"
1990,British Columbia,Groundfish,Skate,"183,200","37,000"
1990,British Columbia,Groundfish,Total groundfish,"143,604,234","87,572,000"
1990,British Columbia,Grand total,Grand total,"298,961,234","476,180,487"
1990,Canada,Shellfish,Clams / quahaug,"29,050,009","34,494,709"
1990,Canada,Shellfish,"Crab, Other","3,032,515","9,632,713"
1990,Canada,Shellfish,"Crab, Queen","26,177,016","49,576,647"
1990,Canada,Shellfish,Lobster,"47,852,924","232,204,241"
1990,Canada,Shellfish,Other shellfish,"10,877,813","12,531,173"
1990,Canada,Shellfish,Scallop,"83,398,025","87,352,291"
1990,Canada,Shellfish,Sea cucumber,0,0
1990,Canada,Shellfish,Sea urchin,"3,748,456","3,000,933"
1990,Canada,Shellfish,Shrimp,"39,962,875","85,361,213"
1990,Canada,Shellfish,Total shellfish,"244,099,633","514,153,920"
1990,Canada,Pelagics,Alewife,"7,003,491","1,791,344"
1990,Canada,Pelagics,Capelin,"127,419,404","20,273,128"
1990,Canada,Pelagics,Eel,"877,718","3,641,112"
1990,Canada,Pelagics,Elvers,0,0
1990,Canada,Pelagics,Herring,"301,328,186","110,784,775"
1990,Canada,Pelagics,Mackerel,"21,789,434","6,209,451"
1990,Canada,Pelagics,Other pelagic/finfish,"1,867,101","2,360,711"
1990,Canada,Pelagics,Salmon,"97,083,776","266,577,064"
1990,Canada,Pelagics,Shark,"123,474","174,371"
1990,Canada,Pelagics,Silversides,"81,853","27,068"
1990,Canada,Pelagics,Swordfish,"911,961","5,269,020"
1990,Canada,Pelagics,Total pelagics,"559,231,564","425,087,300"
1990,Canada,Pelagics,Tuna,"745,166","7,979,258"
1990,Canada,Other,Marine plants,"24,794,429","2,038,907"
1990,Canada,Other,Miscellaneous,"507,018","9,225,272"
1990,Canada,Other,Total other,"25,301,447","11,264,179"
1990,Canada,Groundfish,Cod,"401,532,560","247,311,789"
1990,Canada,Groundfish,Flatfishes,"70,847,477","41,832,123"
1990,Canada,Groundfish,Greenland turbot,"22,203,718","17,469,142"
1990,Canada,Groundfish,Haddock,"22,147,588","24,214,508"
1990,Canada,Groundfish,Hake,"94,639,992","20,440,407"
1990,Canada,Groundfish,Halibut,"7,447,629","31,886,620"
1990,Canada,Groundfish,Other groundfish,"25,103,479","32,106,282"
1990,Canada,Groundfish,Pollock,"39,061,573","20,403,482"
1990,Canada,Groundfish,Redfish spp.,"109,164,007","41,137,569"
1990,Canada,Groundfish,Skate,"308,133","44,581"
1990,Canada,Groundfish,Total groundfish,"792,456,156","476,846,503"
1990,Canada,Grand total,Grand total,"1,621,088,800","1,427,351,902"
1990,New Brunswick,Shellfish,Clams / quahaug,"2,131,313","2,638,109"
1990,New Brunswick,Shellfish,"Crab, Other","311,444","100,993"
1990,New Brunswick,Shellfish,"Crab, Queen","4,328,180","10,538,701"
1990,New Brunswick,Shellfish,Lobster,"8,907,532","35,217,354"
1990,New Brunswick,Shellfish,Other shellfish,"977,782","1,591,863"
1990,New Brunswick,Shellfish,Scallop,"8,325,323","9,615,293"
1990,New Brunswick,Shellfish,Sea cucumber,0,0
1990,New Brunswick,Shellfish,Sea urchin,"95,405","86,210"
1990,New Brunswick,Shellfish,Shrimp,"3,649,205","4,273,610"
1990,New Brunswick,Shellfish,Total shellfish,"28,726,184","64,062,133"
1990,New Brunswick,Pelagics,Alewife,"4,118,135","623,337"
1990,New Brunswick,Pelagics,Capelin,0,0
1990,New Brunswick,Pelagics,Eel,"165,747","554,695"
1990,New Brunswick,Pelagics,Elvers,0,0
1990,New Brunswick,Pelagics,Herring,"100,017,845","14,732,853"
1990,New Brunswick,Pelagics,Mackerel,"3,822,999","1,115,979"
1990,New Brunswick,Pelagics,Other pelagic/finfish,"895,660","756,648"
1990,New Brunswick,Pelagics,Salmon,0,0
1990,New Brunswick,Pelagics,Shark,"3,792","6,445"
1990,New Brunswick,Pelagics,Silversides,0,0
1990,New Brunswick,Pelagics,Swordfish,0,0
1990,New Brunswick,Pelagics,Total pelagics,"109,024,178","17,789,957"
1990,New Brunswick,Pelagics,Tuna,0,0
1990,New Brunswick,Other,Marine plants,"140,633","203,445"
1990,New Brunswick,Other,Miscellaneous,0,"58,485"
1990,New Brunswick,Other,Total other,"140,633","261,930"
1990,New Brunswick,Groundfish,Cod,"10,371,124","6,596,682"
1990,New Brunswick,Groundfish,Flatfishes,"2,413,094","1,753,564"
1990,New Brunswick,Groundfish,Greenland turbot,"71,537","42,439"
1990,New Brunswick,Groundfish,Haddock,"14,875","19,512"
1990,New Brunswick,Groundfish,Hake,"767,732","344,047"
1990,New Brunswick,Groundfish,Halibut,"46,992","183,389"
1990,New Brunswick,Groundfish,Other groundfish,"45,644","15,523"
1990,New Brunswick,Groundfish,Pollock,"909,682","604,705"
1990,New Brunswick,Groundfish,Redfish spp.,"2,465,087","615,201"
1990,New Brunswick,Groundfish,Skate,0,0
1990,New Brunswick,Groundfish,Total groundfish,"17,105,767","10,175,064"
1990,New Brunswick,Grand total,Grand total,"154,996,762","92,289,083"
1990,Newfoundland and Labrador,Shellfish,Clams / quahaug,"7,716,633","3,345,464"
1990,Newfoundland and Labrador,Shellfish,"Crab, Other",0,0
1990,Newfoundland and Labrador,Shellfish,"Crab, Queen","11,053,567","13,158,582"
1990,Newfoundland and Labrador,Shellfish,Lobster,"2,921,105","12,700,349"
1990,Newfoundland and Labrador,Shellfish,Other shellfish,"4,627,461","1,131,970"
1990,Newfoundland and Labrador,Shellfish,Scallop,"959,027","623,606"
1990,Newfoundland and Labrador,Shellfish,Sea cucumber,0,0
1990,Newfoundland and Labrador,Shellfish,Sea urchin,0,0
1990,Newfoundland and Labrador,Shellfish,Shrimp,"19,981,488","47,291,798"
1990,Newfoundland and Labrador,Shellfish,Total shellfish,"47,259,281","78,251,769"
1990,Newfoundland and Labrador,Pelagics,Alewife,0,0
1990,Newfoundland and Labrador,Pelagics,Capelin,"127,102,680","20,059,428"
1990,Newfoundland and Labrador,Pelagics,Eel,"146,577","560,453"
1990,Newfoundland and Labrador,Pelagics,Elvers,0,0
1990,Newfoundland and Labrador,Pelagics,Herring,"27,987,722","3,493,319"
1990,Newfoundland and Labrador,Pelagics,Mackerel,"4,249,066","855,814"
1990,Newfoundland and Labrador,Pelagics,Other pelagic/finfish,"169,282","220,705"
1990,Newfoundland and Labrador,Pelagics,Salmon,"613,824","2,714,177"
1990,Newfoundland and Labrador,Pelagics,Shark,"8,089","13,649"
1990,Newfoundland and Labrador,Pelagics,Silversides,0,0
1990,Newfoundland and Labrador,Pelagics,Swordfish,"3,067","15,527"
1990,Newfoundland and Labrador,Pelagics,Total pelagics,"160,423,783","29,936,793"
1990,Newfoundland and Labrador,Pelagics,Tuna,"143,476","2,003,723"
1990,Newfoundland and Labrador,Other,Marine plants,0,0
1990,Newfoundland and Labrador,Other,Miscellaneous,"52,788","707,694"
1990,Newfoundland and Labrador,Other,Total other,"52,788","707,694"
1990,Newfoundland and Labrador,Groundfish,Cod,"245,929,103","134,714,905"
1990,Newfoundland and Labrador,Groundfish,Flatfishes,"41,450,491","16,742,104"
1990,Newfoundland and Labrador,Groundfish,Greenland turbot,"16,986,216","13,852,862"
1990,Newfoundland and Labrador,Groundfish,Haddock,"1,938,209","874,850"
1990,Newfoundland and Labrador,Groundfish,Hake,"600,736","154,598"
1990,Newfoundland and Labrador,Groundfish,Halibut,"303,236","830,302"
1990,Newfoundland and Labrador,Groundfish,Other groundfish,"1,999,688","1,492,737"
1990,Newfoundland and Labrador,Groundfish,Pollock,"1,818,184","606,863"
1990,Newfoundland and Labrador,Groundfish,Redfish spp.,"26,727,050","7,339,886"
1990,Newfoundland and Labrador,Groundfish,Skate,"11,728",644
1990,Newfoundland and Labrador,Groundfish,Total groundfish,"337,764,641","176,609,752"
1990,Newfoundland and Labrador,Grand total,Grand total,"545,500,493","285,506,008"
1990,Nova Scotia,Shellfish,Clams / quahaug,"10,627,521","9,924,591"
1990,Nova Scotia,Shellfish,"Crab, Other","29,950","8,283"
1990,Nova Scotia,Shellfish,"Crab, Queen","3,258,997","7,618,922"
1990,Nova Scotia,Shellfish,Lobster,"22,466,650","134,710,910"
1990,Nova Scotia,Shellfish,Other shellfish,"1,224,319","1,806,460"
1990,Nova Scotia,Shellfish,Scallop,"69,622,661","72,034,689"
1990,Nova Scotia,Shellfish,Sea cucumber,0,0
1990,Nova Scotia,Shellfish,Sea urchin,"13,751","13,723"
1990,Nova Scotia,Shellfish,Shrimp,"3,995,949","12,503,388"
1990,Nova Scotia,Shellfish,Total shellfish,"111,239,798","238,620,966"
1990,Nova Scotia,Pelagics,Alewife,"2,802,235","1,141,387"
1990,Nova Scotia,Pelagics,Capelin,0,0
1990,Nova Scotia,Pelagics,Eel,"25,525","84,506"
1990,Nova Scotia,Pelagics,Elvers,0,0
1990,Nova Scotia,Pelagics,Herring,"111,868,396","16,026,078"
1990,Nova Scotia,Pelagics,Mackerel,"9,195,754","2,933,522"
1990,Nova Scotia,Pelagics,Other pelagic/finfish,"198,661","390,849"
1990,Nova Scotia,Pelagics,Salmon,0,0
1990,Nova Scotia,Pelagics,Shark,"110,493","153,060"
1990,Nova Scotia,Pelagics,Silversides,0,0
1990,Nova Scotia,Pelagics,Swordfish,"908,894","5,253,493"
1990,Nova Scotia,Pelagics,Total pelagics,"125,427,917","31,029,964"
1990,Nova Scotia,Pelagics,Tuna,"317,959","5,047,070"
1990,Nova Scotia,Other,Marine plants,"24,653,755","1,835,417"
1990,Nova Scotia,Other,Miscellaneous,0,"82,489"
1990,Nova Scotia,Other,Total other,"24,653,755","1,917,907"
1990,Nova Scotia,Groundfish,Cod,"112,612,162","87,127,155"
1990,Nova Scotia,Groundfish,Flatfishes,"15,521,570","15,158,555"
1990,Nova Scotia,Groundfish,Greenland turbot,"439,621","427,595"
1990,Nova Scotia,Groundfish,Haddock,"20,192,442","23,318,751"
1990,Nova Scotia,Groundfish,Hake,"11,436,717","6,333,190"
1990,Nova Scotia,Groundfish,Halibut,"1,809,412","8,873,773"
1990,Nova Scotia,Groundfish,Other groundfish,"8,095,356","4,992,616"
1990,Nova Scotia,Groundfish,Pollock,"35,647,768","19,004,481"
1990,Nova Scotia,Groundfish,Redfish spp.,"25,959,600","8,072,813"
1990,Nova Scotia,Groundfish,Skate,"112,647","6,807"
1990,Nova Scotia,Groundfish,Total groundfish,"231,827,295","173,315,736"
1990,Nova Scotia,Grand total,Grand total,"493,148,765","444,884,573"
1990,Prince Edward Island,Shellfish,Clams / quahaug,"1,269,105","1,707,739"
1990,Prince Edward Island,Shellfish,"Crab, Other","406,022","147,148"
1990,Prince Edward Island,Shellfish,"Crab, Queen","559,773","1,017,762"
1990,Prince Edward Island,Shellfish,Lobster,"10,246,196","36,229,681"
1990,Prince Edward Island,Shellfish,Other shellfish,"1,774,418","3,488,674"
1990,Prince Edward Island,Shellfish,Scallop,"799,208","925,630"
1990,Prince Edward Island,Shellfish,Sea cucumber,0,0
1990,Prince Edward Island,Shellfish,Sea urchin,0,0
1990,Prince Edward Island,Shellfish,Shrimp,0,0
1990,Prince Edward Island,Shellfish,Total shellfish,"15,054,722","43,516,634"
1990,Prince Edward Island,Pelagics,Alewife,"83,121","26,620"
1990,Prince Edward Island,Pelagics,Capelin,0,0
1990,Prince Edward Island,Pelagics,Eel,"123,709","390,258"
1990,Prince Edward Island,Pelagics,Elvers,0,0
1990,Prince Edward Island,Pelagics,Herring,"14,131,502","1,947,836"
1990,Prince Edward Island,Pelagics,Mackerel,"2,550,758","701,775"
1990,Prince Edward Island,Pelagics,Other pelagic/finfish,"86,830","91,238"
1990,Prince Edward Island,Pelagics,Salmon,26,189
1990,Prince Edward Island,Pelagics,Shark,977,"1,150"
1990,Prince Edward Island,Pelagics,Silversides,"81,853","27,068"
1990,Prince Edward Island,Pelagics,Swordfish,0,0
1990,Prince Edward Island,Pelagics,Total pelagics,"17,067,707","3,284,598"
1990,Prince Edward Island,Pelagics,Tuna,"8,931","98,465"
1990,Prince Edward Island,Other,Marine plants,0,0
1990,Prince Edward Island,Other,Miscellaneous,0,0
1990,Prince Edward Island,Other,Total other,0,0
1990,Prince Edward Island,Groundfish,Cod,"4,102,810","2,282,783"
1990,Prince Edward Island,Groundfish,Flatfishes,"1,485,448","829,918"
1990,Prince Edward Island,Groundfish,Greenland turbot,236,52
1990,Prince Edward Island,Groundfish,Haddock,"1,039",502
1990,Prince Edward Island,Groundfish,Hake,"2,066,778","670,035"
1990,Prince Edward Island,Groundfish,Halibut,"1,443","5,731"
1990,Prince Edward Island,Groundfish,Other groundfish,"297,890","54,900"
1990,Prince Edward Island,Groundfish,Pollock,"8,474","2,139"
1990,Prince Edward Island,Groundfish,Redfish spp.,"14,013,083","3,707,160"
1990,Prince Edward Island,Groundfish,Skate,0,0
1990,Prince Edward Island,Groundfish,Total groundfish,"21,977,201","7,553,219"
1990,Prince Edward Island,Grand total,Grand total,"54,099,630","54,354,451"
1990,Quebec,Shellfish,Clams / quahaug,"705,437","879,806"
1990,Quebec,Shellfish,"Crab, Other","117,399","65,289"
1990,Quebec,Shellfish,"Crab, Queen","6,976,499","17,242,680"
1990,Quebec,Shellfish,Lobster,"3,311,441","13,345,947"
1990,Quebec,Shellfish,Other shellfish,"517,533","431,207"
1990,Quebec,Shellfish,Scallop,"3,623,106","3,836,073"
1990,Quebec,Shellfish,Sea cucumber,0,0
1990,Quebec,Shellfish,Sea urchin,0,0
1990,Quebec,Shellfish,Shrimp,"9,635,933","11,649,418"
1990,Quebec,Shellfish,Total shellfish,"24,887,348","47,450,419"
1990,Quebec,Pelagics,Alewife,0,0
1990,Quebec,Pelagics,Capelin,"316,724","213,700"
1990,Quebec,Pelagics,Eel,"416,160","2,051,201"
1990,Quebec,Pelagics,Elvers,0,0
1990,Quebec,Pelagics,Herring,"6,267,121","1,414,688"
1990,Quebec,Pelagics,Mackerel,"1,970,857","602,362"
1990,Quebec,Pelagics,Other pelagic/finfish,"272,068","320,784"
1990,Quebec,Pelagics,Salmon,"73,926","462,698"
1990,Quebec,Pelagics,Shark,123,68
1990,Quebec,Pelagics,Silversides,0,0
1990,Quebec,Pelagics,Swordfish,0,0
1990,Quebec,Pelagics,Total pelagics,"9,316,979","5,065,501"
1990,Quebec,Pelagics,Tuna,0,0
1990,Quebec,Other,Marine plants,41,45
1990,Quebec,Other,Miscellaneous,530,604
1990,Quebec,Other,Total other,571,649
1990,Quebec,Groundfish,Cod,"22,284,261","13,215,263"
1990,Quebec,Groundfish,Flatfishes,"2,793,074","1,796,981"
1990,Quebec,Groundfish,Greenland turbot,"2,103,908","2,545,194"
1990,Quebec,Groundfish,Haddock,"1,023",893
1990,Quebec,Groundfish,Hake,"314,929","105,537"
1990,Quebec,Groundfish,Halibut,"254,412","928,425"
1990,Quebec,Groundfish,Other groundfish,"163,201","68,506"
1990,Quebec,Groundfish,Pollock,"1,165",294
1990,Quebec,Groundfish,Redfish spp.,"12,260,487","2,959,509"
1990,Quebec,Groundfish,Skate,558,130
1990,Quebec,Groundfish,Total groundfish,"40,177,018","21,620,732"
1990,Quebec,Grand total,Grand total,"74,381,916","74,137,302"
1991,Atlantic,Shellfish,Clams / quahaug,"12,732,657","11,851,358"
1991,Atlantic,Shellfish,"Crab, Other","1,099,615","427,180"
1991,Atlantic,Shellfish,"Crab, Queen","35,305,762","69,124,721"
1991,Atlantic,Shellfish,Lobster,"48,450,405","279,206,684"
1991,Atlantic,Shellfish,Other shellfish,"5,710,341","4,872,634"
1991,Atlantic,Shellfish,Scallop,"79,597,124","81,689,472"
1991,Atlantic,Shellfish,Sea cucumber,0,0
1991,Atlantic,Shellfish,Sea urchin,"300,726","273,506"
1991,Atlantic,Shellfish,Shrimp,"40,626,266","86,150,087"
1991,Atlantic,Shellfish,Total shellfish,"223,822,896","533,595,643"
1991,Atlantic,Pelagics,Alewife,"6,207,156","1,446,761"
1991,Atlantic,Pelagics,Capelin,"50,177,285","7,259,436"
1991,Atlantic,Pelagics,Eel,"907,179","3,988,759"
1991,Atlantic,Pelagics,Elvers,0,0
1991,Atlantic,Pelagics,Herring,"216,744,331","29,497,954"
1991,Atlantic,Pelagics,Mackerel,"25,899,116","7,547,887"
1991,Atlantic,Pelagics,Other pelagic/finfish,"1,798,997","2,136,523"
1991,Atlantic,Pelagics,Salmon,"490,023","2,330,542"
1991,Atlantic,Pelagics,Shark,"547,226","1,098,393"
1991,Atlantic,Pelagics,Silversides,"118,032","51,948"
1991,Atlantic,Pelagics,Swordfish,"1,028,569","6,824,300"
1991,Atlantic,Pelagics,Total pelagics,"304,466,873","70,512,440"
1991,Atlantic,Pelagics,Tuna,"548,959","8,329,937"
1991,Atlantic,Other,Marine plants,"32,951,547","3,620,365"
1991,Atlantic,Other,Miscellaneous,"78,870","662,431"
1991,Atlantic,Other,Total other,"33,030,417","4,282,796"
1991,Atlantic,Groundfish,Cod,"310,016,286","227,972,651"
1991,Atlantic,Groundfish,Flatfishes,"64,300,425","35,306,936"
1991,Atlantic,Groundfish,Greenland turbot,"19,900,328","17,014,007"
1991,Atlantic,Groundfish,Haddock,"21,957,912","30,722,510"
1991,Atlantic,Groundfish,Hake,"64,357,590","22,292,925"
1991,Atlantic,Groundfish,Halibut,"2,035,749","9,006,487"
1991,Atlantic,Groundfish,Other groundfish,"11,449,020","10,498,527"
1991,Atlantic,Groundfish,Pollock,"40,770,930","24,060,663"
1991,Atlantic,Groundfish,Redfish spp.,"92,686,781","24,958,486"
1991,Atlantic,Groundfish,Skate,"1,134,514","244,752"
1991,Atlantic,Groundfish,Total groundfish,"628,609,535","402,077,943"
1991,Atlantic,Grand total,Grand total,"1,189,929,721","1,010,468,822"
1991,British Columbia,Shellfish,Clams / quahaug,"4,887,274","13,112,597"
1991,British Columbia,Shellfish,"Crab, Other","1,887,242","8,688,061"
1991,British Columbia,Shellfish,"Crab, Queen",0,0
1991,British Columbia,Shellfish,Lobster,0,0
1991,British Columbia,Shellfish,Other shellfish,"1,228,228","2,401,369"
1991,British Columbia,Shellfish,Scallop,"82,246","386,596"
1991,British Columbia,Shellfish,Sea cucumber,0,0
1991,British Columbia,Shellfish,Sea urchin,"7,576,290","6,081,375"
1991,British Columbia,Shellfish,Shrimp,"4,225,838","12,145,070"
1991,British Columbia,Shellfish,Total shellfish,"19,887,118","42,815,068"
1991,British Columbia,Pelagics,Alewife,0,0
1991,British Columbia,Pelagics,Capelin,0,0
1991,British Columbia,Pelagics,Eel,0,0
1991,British Columbia,Pelagics,Elvers,0,0
1991,British Columbia,Pelagics,Herring,"39,741,109","49,421,151"
1991,British Columbia,Pelagics,Mackerel,0,0
1991,British Columbia,Pelagics,Other pelagic/finfish,"40,517","68,883"
1991,British Columbia,Pelagics,Salmon,"85,679,124","172,440,000"
1991,British Columbia,Pelagics,Shark,0,0
1991,British Columbia,Pelagics,Silversides,0,0
1991,British Columbia,Pelagics,Swordfish,0,0
1991,British Columbia,Pelagics,Total pelagics,"125,604,164","222,272,031"
1991,British Columbia,Pelagics,Tuna,"143,414","341,997"
1991,British Columbia,Other,Marine plants,0,0
1991,British Columbia,Other,Miscellaneous,"699,335","8,888,773"
1991,British Columbia,Other,Total other,"699,335","8,888,773"
1991,British Columbia,Groundfish,Cod,"11,910,238","6,064,092"
1991,British Columbia,Groundfish,Flatfishes,"7,891,091","5,824,269"
1991,British Columbia,Groundfish,Greenland turbot,"2,286,766","600,662"
1991,British Columbia,Groundfish,Haddock,0,0
1991,British Columbia,Groundfish,Hake,"99,055,056","15,388,349"
1991,British Columbia,Groundfish,Halibut,"4,310,180","21,770,656"
1991,British Columbia,Groundfish,Other groundfish,"14,210,555","35,526,915"
1991,British Columbia,Groundfish,Pollock,"2,579,806","600,293"
1991,British Columbia,Groundfish,Redfish spp.,"23,421,924","16,915,870"
1991,British Columbia,Groundfish,Skate,"248,202","49,902"
1991,British Columbia,Groundfish,Total groundfish,"165,913,818","102,741,008"
1991,British Columbia,Grand total,Grand total,"312,104,435","376,716,880"
1991,Canada,Shellfish,Clams / quahaug,"17,619,931","24,963,955"
1991,Canada,Shellfish,"Crab, Other","2,986,857","9,115,241"
1991,Canada,Shellfish,"Crab, Queen","35,305,762","69,124,721"
1991,Canada,Shellfish,Lobster,"48,450,405","279,206,684"
1991,Canada,Shellfish,Other shellfish,"6,938,569","7,274,003"
1991,Canada,Shellfish,Scallop,"79,679,370","82,076,068"
1991,Canada,Shellfish,Sea cucumber,0,0
1991,Canada,Shellfish,Sea urchin,"7,877,016","6,354,881"
1991,Canada,Shellfish,Shrimp,"44,852,104","98,295,157"
1991,Canada,Shellfish,Total shellfish,"243,710,014","576,410,711"
1991,Canada,Pelagics,Alewife,"6,207,156","1,446,761"
1991,Canada,Pelagics,Capelin,"50,177,285","7,259,436"
1991,Canada,Pelagics,Eel,"907,179","3,988,759"
1991,Canada,Pelagics,Elvers,0,0
1991,Canada,Pelagics,Herring,"256,485,440","78,919,105"
1991,Canada,Pelagics,Mackerel,"25,899,116","7,547,887"
1991,Canada,Pelagics,Other pelagic/finfish,"1,839,514","2,205,406"
1991,Canada,Pelagics,Salmon,"86,169,147","174,770,542"
1991,Canada,Pelagics,Shark,"547,226","1,098,393"
1991,Canada,Pelagics,Silversides,"118,032","51,948"
1991,Canada,Pelagics,Swordfish,"1,028,569","6,824,300"
1991,Canada,Pelagics,Total pelagics,"430,071,037","292,784,471"
1991,Canada,Pelagics,Tuna,"692,373","8,671,934"
1991,Canada,Other,Marine plants,"32,951,547","3,620,365"
1991,Canada,Other,Miscellaneous,"778,205","9,551,204"
1991,Canada,Other,Total other,"33,729,752","13,171,569"
1991,Canada,Groundfish,Cod,"321,926,524","234,036,743"
1991,Canada,Groundfish,Flatfishes,"72,191,516","41,131,205"
1991,Canada,Groundfish,Greenland turbot,"22,187,094","17,614,669"
1991,Canada,Groundfish,Haddock,"21,957,912","30,722,510"
1991,Canada,Groundfish,Hake,"163,412,646","37,681,274"
1991,Canada,Groundfish,Halibut,"6,345,929","30,777,143"
1991,Canada,Groundfish,Other groundfish,"25,659,575","46,025,442"
1991,Canada,Groundfish,Pollock,"43,350,736","24,660,956"
1991,Canada,Groundfish,Redfish spp.,"116,108,705","41,874,356"
1991,Canada,Groundfish,Skate,"1,382,716","294,654"
1991,Canada,Groundfish,Total groundfish,"794,523,353","504,818,951"
1991,Canada,Grand total,Grand total,"1,502,034,156","1,387,185,702"
1991,New Brunswick,Shellfish,Clams / quahaug,"1,418,797","1,963,381"
1991,New Brunswick,Shellfish,"Crab, Other","467,683","159,589"
1991,New Brunswick,Shellfish,"Crab, Queen","6,194,345","17,009,926"
1991,New Brunswick,Shellfish,Lobster,"8,038,551","43,674,562"
1991,New Brunswick,Shellfish,Other shellfish,"824,240","1,580,195"
1991,New Brunswick,Shellfish,Scallop,"4,916,382","6,158,241"
1991,New Brunswick,Shellfish,Sea cucumber,0,0
1991,New Brunswick,Shellfish,Sea urchin,"278,479","253,238"
1991,New Brunswick,Shellfish,Shrimp,"3,354,698","4,589,272"
1991,New Brunswick,Shellfish,Total shellfish,"25,493,175","75,388,403"
1991,New Brunswick,Pelagics,Alewife,"3,969,116","543,640"
1991,New Brunswick,Pelagics,Capelin,"64,270","7,390"
1991,New Brunswick,Pelagics,Eel,"147,073","517,305"
1991,New Brunswick,Pelagics,Elvers,0,0
1991,New Brunswick,Pelagics,Herring,"67,943,469","9,062,482"
1991,New Brunswick,Pelagics,Mackerel,"2,225,025","738,333"
1991,New Brunswick,Pelagics,Other pelagic/finfish,"859,178","728,606"
1991,New Brunswick,Pelagics,Salmon,0,0
1991,New Brunswick,Pelagics,Shark,"7,413","9,831"
1991,New Brunswick,Pelagics,Silversides,0,0
1991,New Brunswick,Pelagics,Swordfish,0,0
1991,New Brunswick,Pelagics,Total pelagics,"75,215,544","11,607,587"
1991,New Brunswick,Pelagics,Tuna,0,0
1991,New Brunswick,Other,Marine plants,"319,438","204,803"
1991,New Brunswick,Other,Miscellaneous,0,"21,883"
1991,New Brunswick,Other,Total other,"319,438","226,687"
1991,New Brunswick,Groundfish,Cod,"6,746,912","5,298,631"
1991,New Brunswick,Groundfish,Flatfishes,"1,761,796","1,283,811"
1991,New Brunswick,Groundfish,Greenland turbot,"142,290","91,904"
1991,New Brunswick,Groundfish,Haddock,"9,054","13,945"
1991,New Brunswick,Groundfish,Hake,"631,020","326,483"
1991,New Brunswick,Groundfish,Halibut,"29,046","123,269"
1991,New Brunswick,Groundfish,Other groundfish,"44,947","16,419"
1991,New Brunswick,Groundfish,Pollock,"1,285,097","1,057,865"
1991,New Brunswick,Groundfish,Redfish spp.,"3,750,653","988,436"
1991,New Brunswick,Groundfish,Skate,0,0
1991,New Brunswick,Groundfish,Total groundfish,"14,400,815","9,200,763"
1991,New Brunswick,Grand total,Grand total,"115,428,972","96,423,439"
1991,Newfoundland and Labrador,Shellfish,Clams / quahaug,"4,522,081","1,968,853"
1991,Newfoundland and Labrador,Shellfish,"Crab, Other",0,0
1991,Newfoundland and Labrador,Shellfish,"Crab, Queen","16,275,660","19,989,377"
1991,Newfoundland and Labrador,Shellfish,Lobster,"3,075,239","15,944,368"
1991,Newfoundland and Labrador,Shellfish,Other shellfish,"1,813,654","578,772"
1991,Newfoundland and Labrador,Shellfish,Scallop,"1,403,298","1,060,402"
1991,Newfoundland and Labrador,Shellfish,Sea cucumber,0,0
1991,Newfoundland and Labrador,Shellfish,Sea urchin,0,0
1991,Newfoundland and Labrador,Shellfish,Shrimp,"21,857,833","49,346,398"
1991,Newfoundland and Labrador,Shellfish,Total shellfish,"48,947,765","88,888,170"
1991,Newfoundland and Labrador,Pelagics,Alewife,0,0
1991,Newfoundland and Labrador,Pelagics,Capelin,"49,871,708","7,196,636"
1991,Newfoundland and Labrador,Pelagics,Eel,"134,132","564,055"
1991,Newfoundland and Labrador,Pelagics,Elvers,0,0
1991,Newfoundland and Labrador,Pelagics,Herring,"46,000,684","6,827,232"
1991,Newfoundland and Labrador,Pelagics,Mackerel,"8,376,964","2,054,971"
1991,Newfoundland and Labrador,Pelagics,Other pelagic/finfish,"174,896","225,069"
1991,Newfoundland and Labrador,Pelagics,Salmon,"451,625","2,143,047"
1991,Newfoundland and Labrador,Pelagics,Shark,"5,393","2,678"
1991,Newfoundland and Labrador,Pelagics,Silversides,0,0
1991,Newfoundland and Labrador,Pelagics,Swordfish,148,"1,054"
1991,Newfoundland and Labrador,Pelagics,Total pelagics,"105,129,538","20,517,901"
1991,Newfoundland and Labrador,Pelagics,Tuna,"113,988","1,503,159"
1991,Newfoundland and Labrador,Other,Marine plants,0,0
1991,Newfoundland and Labrador,Other,Miscellaneous,"48,169","530,205"
1991,Newfoundland and Labrador,Other,Total other,"48,169","530,205"
1991,Newfoundland and Labrador,Groundfish,Cod,"179,662,737","111,475,326"
1991,Newfoundland and Labrador,Groundfish,Flatfishes,"42,642,152","16,389,929"
1991,Newfoundland and Labrador,Groundfish,Greenland turbot,"13,586,976","10,546,677"
1991,Newfoundland and Labrador,Groundfish,Haddock,"1,092,879","492,066"
1991,Newfoundland and Labrador,Groundfish,Hake,"1,429,158","588,460"
1991,Newfoundland and Labrador,Groundfish,Halibut,"375,519","1,043,918"
1991,Newfoundland and Labrador,Groundfish,Other groundfish,"3,486,865","4,967,172"
1991,Newfoundland and Labrador,Groundfish,Pollock,"1,905,889","656,544"
1991,Newfoundland and Labrador,Groundfish,Redfish spp.,"28,803,419","7,382,628"
1991,Newfoundland and Labrador,Groundfish,Skate,"21,548","2,849"
1991,Newfoundland and Labrador,Groundfish,Total groundfish,"273,007,142","153,545,567"
1991,Newfoundland and Labrador,Grand total,Grand total,"427,132,614","263,481,844"
1991,Nova Scotia,Shellfish,Clams / quahaug,"4,931,417","5,607,876"
1991,Nova Scotia,Shellfish,"Crab, Other","38,112","12,678"
1991,Nova Scotia,Shellfish,"Crab, Queen","3,798,275","9,378,127"
1991,Nova Scotia,Shellfish,Lobster,"23,568,623","154,651,801"
1991,Nova Scotia,Shellfish,Other shellfish,"957,267","370,527"
1991,Nova Scotia,Shellfish,Scallop,"69,929,450","70,657,318"
1991,Nova Scotia,Shellfish,Sea cucumber,0,0
1991,Nova Scotia,Shellfish,Sea urchin,"15,554","20,256"
1991,Nova Scotia,Shellfish,Shrimp,"5,899,438","18,432,538"
1991,Nova Scotia,Shellfish,Total shellfish,"109,138,136","259,131,120"
1991,Nova Scotia,Pelagics,Alewife,"2,151,032","874,695"
1991,Nova Scotia,Pelagics,Capelin,0,0
1991,Nova Scotia,Pelagics,Eel,"73,863","233,778"
1991,Nova Scotia,Pelagics,Elvers,0,0
1991,Nova Scotia,Pelagics,Herring,"91,318,524","11,850,287"
1991,Nova Scotia,Pelagics,Mackerel,"8,119,049","2,644,459"
1991,Nova Scotia,Pelagics,Other pelagic/finfish,"235,721","485,992"
1991,Nova Scotia,Pelagics,Salmon,0,0
1991,Nova Scotia,Pelagics,Shark,"532,035","1,084,372"
1991,Nova Scotia,Pelagics,Silversides,0,0
1991,Nova Scotia,Pelagics,Swordfish,"1,028,421","6,823,246"
1991,Nova Scotia,Pelagics,Total pelagics,"103,885,737","30,702,208"
1991,Nova Scotia,Pelagics,Tuna,"427,092","6,705,379"
1991,Nova Scotia,Other,Marine plants,"22,889,072","1,271,455"
1991,Nova Scotia,Other,Miscellaneous,993,"102,305"
1991,Nova Scotia,Other,Total other,"22,890,065","1,373,760"
1991,Nova Scotia,Groundfish,Cod,"101,419,078","93,777,571"
1991,Nova Scotia,Groundfish,Flatfishes,"14,910,246","14,554,633"
1991,Nova Scotia,Groundfish,Greenland turbot,"4,585,269","4,231,039"
1991,Nova Scotia,Groundfish,Haddock,"20,853,610","30,214,230"
1991,Nova Scotia,Groundfish,Hake,"60,331,180","20,602,355"
1991,Nova Scotia,Groundfish,Halibut,"1,424,860","6,969,010"
1991,Nova Scotia,Groundfish,Other groundfish,"7,689,463","5,434,906"
1991,Nova Scotia,Groundfish,Pollock,"37,575,441","22,344,753"
1991,Nova Scotia,Groundfish,Redfish spp.,"31,499,624","8,943,930"
1991,Nova Scotia,Groundfish,Skate,"1,111,891","241,372"
1991,Nova Scotia,Groundfish,Total groundfish,"281,400,662","207,313,799"
1991,Nova Scotia,Grand total,Grand total,"517,314,600","498,520,887"
1991,Prince Edward Island,Shellfish,Clams / quahaug,"1,280,387","1,670,819"
1991,Prince Edward Island,Shellfish,"Crab, Other","591,014","247,198"
1991,Prince Edward Island,Shellfish,"Crab, Queen","1,055,852","2,212,365"
1991,Prince Edward Island,Shellfish,Lobster,"10,274,680","46,434,108"
1991,Prince Edward Island,Shellfish,Other shellfish,"1,184,126","1,831,794"
1991,Prince Edward Island,Shellfish,Scallop,"822,888","959,839"
1991,Prince Edward Island,Shellfish,Sea cucumber,0,0
1991,Prince Edward Island,Shellfish,Sea urchin,0,0
1991,Prince Edward Island,Shellfish,Shrimp,0,0
1991,Prince Edward Island,Shellfish,Total shellfish,"15,208,947","53,356,124"
1991,Prince Edward Island,Pelagics,Alewife,"87,008","28,427"
1991,Prince Edward Island,Pelagics,Capelin,0,0
1991,Prince Edward Island,Pelagics,Eel,"126,614","426,178"
1991,Prince Edward Island,Pelagics,Elvers,0,0
1991,Prince Edward Island,Pelagics,Herring,"7,542,083","924,913"
1991,Prince Edward Island,Pelagics,Mackerel,"3,922,445","1,067,517"
1991,Prince Edward Island,Pelagics,Other pelagic/finfish,"198,632","159,675"
1991,Prince Edward Island,Pelagics,Salmon,19,166
1991,Prince Edward Island,Pelagics,Shark,"1,819","1,200"
1991,Prince Edward Island,Pelagics,Silversides,"118,004","51,820"
1991,Prince Edward Island,Pelagics,Swordfish,0,0
1991,Prince Edward Island,Pelagics,Total pelagics,"12,004,503","2,781,293"
1991,Prince Edward Island,Pelagics,Tuna,"7,879","121,399"
1991,Prince Edward Island,Other,Marine plants,"9,741,886","2,143,218"
1991,Prince Edward Island,Other,Miscellaneous,0,0
1991,Prince Edward Island,Other,Total other,"9,741,886","2,143,218"
1991,Prince Edward Island,Groundfish,Cod,"3,093,432","2,413,411"
1991,Prince Edward Island,Groundfish,Flatfishes,"2,105,893","1,118,824"
1991,Prince Edward Island,Groundfish,Greenland turbot,0,0
1991,Prince Edward Island,Groundfish,Haddock,2,2
1991,Prince Edward Island,Groundfish,Hake,"1,540,854","609,699"
1991,Prince Edward Island,Groundfish,Halibut,"1,120","5,253"
1991,Prince Edward Island,Groundfish,Other groundfish,"12,664","5,238"
1991,Prince Edward Island,Groundfish,Pollock,696,233
1991,Prince Edward Island,Groundfish,Redfish spp.,"12,466,602","3,567,165"
1991,Prince Edward Island,Groundfish,Skate,0,0
1991,Prince Edward Island,Groundfish,Total groundfish,"19,221,263","7,719,824"
1991,Prince Edward Island,Grand total,Grand total,"56,176,599","66,000,459"
1991,Quebec,Shellfish,Clams / quahaug,"579,975","640,430"
1991,Quebec,Shellfish,"Crab, Other","2,806","7,715"
1991,Quebec,Shellfish,"Crab, Queen","7,981,630","20,534,926"
1991,Quebec,Shellfish,Lobster,"3,493,312","18,501,844"
1991,Quebec,Shellfish,Other shellfish,"931,054","511,346"
1991,Quebec,Shellfish,Scallop,"2,525,106","2,853,673"
1991,Quebec,Shellfish,Sea cucumber,0,0
1991,Quebec,Shellfish,Sea urchin,"6,693",12
1991,Quebec,Shellfish,Shrimp,"9,514,297","13,781,879"
1991,Quebec,Shellfish,Total shellfish,"25,034,873","56,831,826"
1991,Quebec,Pelagics,Alewife,0,0
1991,Quebec,Pelagics,Capelin,"241,307","55,410"
1991,Quebec,Pelagics,Eel,"425,497","2,247,443"
1991,Quebec,Pelagics,Elvers,0,0
1991,Quebec,Pelagics,Herring,"3,939,571","833,040"
1991,Quebec,Pelagics,Mackerel,"3,255,633","1,042,607"
1991,Quebec,Pelagics,Other pelagic/finfish,"330,570","537,182"
1991,Quebec,Pelagics,Salmon,"38,379","187,329"
1991,Quebec,Pelagics,Shark,566,312
1991,Quebec,Pelagics,Silversides,28,128
1991,Quebec,Pelagics,Swordfish,0,0
1991,Quebec,Pelagics,Total pelagics,"8,231,551","4,903,451"
1991,Quebec,Pelagics,Tuna,0,0
1991,Quebec,Other,Marine plants,"1,151",888
1991,Quebec,Other,Miscellaneous,"29,708","8,038"
1991,Quebec,Other,Total other,"30,859","8,926"
1991,Quebec,Groundfish,Cod,"19,094,127","15,007,712"
1991,Quebec,Groundfish,Flatfishes,"2,880,338","1,959,739"
1991,Quebec,Groundfish,Greenland turbot,"1,585,793","2,144,387"
1991,Quebec,Groundfish,Haddock,"2,367","2,267"
1991,Quebec,Groundfish,Hake,"425,378","165,927"
1991,Quebec,Groundfish,Halibut,"205,204","865,037"
1991,Quebec,Groundfish,Other groundfish,"215,081","74,793"
1991,Quebec,Groundfish,Pollock,"3,807","1,269"
1991,Quebec,Groundfish,Redfish spp.,"16,166,483","4,076,328"
1991,Quebec,Groundfish,Skate,"1,075",531
1991,Quebec,Groundfish,Total groundfish,"40,579,653","24,297,990"
1991,Quebec,Grand total,Grand total,"73,876,936","86,042,193"
1992,Atlantic,Shellfish,Clams / quahaug,"17,612,420","16,321,715"
1992,Atlantic,Shellfish,"Crab, Other","970,960","342,238"
1992,Atlantic,Shellfish,"Crab, Queen","37,254,513","61,358,268"
1992,Atlantic,Shellfish,Lobster,"41,944,296","317,223,336"
1992,Atlantic,Shellfish,Other shellfish,"4,550,662","4,702,702"
1992,Atlantic,Shellfish,Scallop,"92,118,713","102,270,472"
1992,Atlantic,Shellfish,Sea cucumber,0,0
1992,Atlantic,Shellfish,Sea urchin,"584,681","600,639"
1992,Atlantic,Shellfish,Shrimp,"39,312,490","81,384,922"
1992,Atlantic,Shellfish,Total shellfish,"234,348,735","584,204,292"
1992,Atlantic,Pelagics,Alewife,"5,703,821","1,533,142"
1992,Atlantic,Pelagics,Capelin,"32,066,835","4,997,628"
1992,Atlantic,Pelagics,Eel,"699,863","3,150,755"
1992,Atlantic,Pelagics,Elvers,0,0
1992,Atlantic,Pelagics,Herring,"216,845,775","28,012,618"
1992,Atlantic,Pelagics,Mackerel,"26,382,430","7,176,049"
1992,Atlantic,Pelagics,Other pelagic/finfish,"1,592,595","1,527,269"
1992,Atlantic,Pelagics,Salmon,"281,697","1,393,700"
1992,Atlantic,Pelagics,Shark,"1,020,108","2,191,217"
1992,Atlantic,Pelagics,Silversides,"46,392","17,539"
1992,Atlantic,Pelagics,Swordfish,"1,543,357","11,249,348"
1992,Atlantic,Pelagics,Total pelagics,"286,726,899","69,689,089"
1992,Atlantic,Pelagics,Tuna,"544,026","8,439,825"
1992,Atlantic,Other,Marine plants,"28,823,293","1,937,598"
1992,Atlantic,Other,Miscellaneous,"39,694","883,693"
1992,Atlantic,Other,Total other,"28,862,987","2,821,291"
1992,Atlantic,Groundfish,Cod,"188,130,586","153,449,740"
1992,Atlantic,Groundfish,Flatfishes,"48,865,510","29,496,926"
1992,Atlantic,Groundfish,Greenland turbot,"21,632,409","18,358,961"
1992,Atlantic,Groundfish,Haddock,"21,974,870","30,245,273"
1992,Atlantic,Groundfish,Hake,"38,420,550","17,811,486"
1992,Atlantic,Groundfish,Halibut,"1,580,766","7,339,163"
1992,Atlantic,Groundfish,Other groundfish,"12,802,958","12,620,191"
1992,Atlantic,Groundfish,Pollock,"34,069,947","24,025,779"
1992,Atlantic,Groundfish,Redfish spp.,"99,322,068","28,061,895"
1992,Atlantic,Groundfish,Skate,"496,082","79,157"
1992,Atlantic,Groundfish,Total groundfish,"467,295,746","321,488,570"
1992,Atlantic,Grand total,Grand total,"1,017,234,367","978,203,243"
1992,British Columbia,Shellfish,Clams / quahaug,"4,215,400","18,967,000"
1992,British Columbia,Shellfish,"Crab, Other","3,355,000","11,203,000"
1992,British Columbia,Shellfish,"Crab, Queen",0,0
1992,British Columbia,Shellfish,Lobster,0,0
1992,British Columbia,Shellfish,Other shellfish,"1,148,600","2,614,000"
1992,British Columbia,Shellfish,Scallop,"90,700","420,000"
1992,British Columbia,Shellfish,Sea cucumber,0,0
1992,British Columbia,Shellfish,Sea urchin,"14,055,700","13,184,000"
1992,British Columbia,Shellfish,Shrimp,"3,851,000","12,416,000"
1992,British Columbia,Shellfish,Total shellfish,"26,716,400","58,804,000"
1992,British Columbia,Pelagics,Alewife,0,0
1992,British Columbia,Pelagics,Capelin,0,0
1992,British Columbia,Pelagics,Eel,0,0
1992,British Columbia,Pelagics,Elvers,0,0
1992,British Columbia,Pelagics,Herring,"34,586,900","51,547,000"
1992,British Columbia,Pelagics,Mackerel,"55,100","19,000"
1992,British Columbia,Pelagics,Other pelagic/finfish,"117,900","173,000"
1992,British Columbia,Pelagics,Salmon,"66,497,000","191,800,000"
1992,British Columbia,Pelagics,Shark,0,0
1992,British Columbia,Pelagics,Silversides,0,0
1992,British Columbia,Pelagics,Swordfish,0,0
1992,British Columbia,Pelagics,Total pelagics,"101,768,400","244,910,000"
1992,British Columbia,Pelagics,Tuna,"511,500","1,371,000"
1992,British Columbia,Other,Marine plants,0,0
1992,British Columbia,Other,Miscellaneous,"1,300,300","8,915,000"
1992,British Columbia,Other,Total other,"1,300,300","8,915,000"
1992,British Columbia,Groundfish,Cod,"10,125,300","5,476,000"
1992,British Columbia,Groundfish,Flatfishes,"8,088,000","5,901,000"
1992,British Columbia,Groundfish,Greenland turbot,"3,568,700","880,000"
1992,British Columbia,Groundfish,Haddock,0,0
1992,British Columbia,Groundfish,Hake,"97,317,000","15,460,000"
1992,British Columbia,Groundfish,Halibut,"4,576,663","21,525,000"
1992,British Columbia,Groundfish,Other groundfish,"12,286,000","30,334,000"
1992,British Columbia,Groundfish,Pollock,"3,249,000","984,000"
1992,British Columbia,Groundfish,Redfish spp.,"25,781,400","19,340,000"
1992,British Columbia,Groundfish,Skate,"263,600","52,000"
1992,British Columbia,Groundfish,Total groundfish,"165,255,663","99,952,000"
1992,British Columbia,Grand total,Grand total,"295,040,763","412,581,000"
1992,Canada,Shellfish,Clams / quahaug,"21,827,820","35,288,715"
1992,Canada,Shellfish,"Crab, Other","4,325,960","11,545,238"
1992,Canada,Shellfish,"Crab, Queen","37,254,513","61,358,268"
1992,Canada,Shellfish,Lobster,"41,944,296","317,223,336"
1992,Canada,Shellfish,Other shellfish,"5,699,262","7,316,702"
1992,Canada,Shellfish,Scallop,"92,209,413","102,690,472"
1992,Canada,Shellfish,Sea cucumber,0,0
1992,Canada,Shellfish,Sea urchin,"14,640,381","13,784,639"
1992,Canada,Shellfish,Shrimp,"43,163,490","93,800,922"
1992,Canada,Shellfish,Total shellfish,"261,065,135","643,008,292"
1992,Canada,Pelagics,Alewife,"5,703,821","1,533,142"
1992,Canada,Pelagics,Capelin,"32,066,835","4,997,628"
1992,Canada,Pelagics,Eel,"699,863","3,150,755"
1992,Canada,Pelagics,Elvers,0,0
1992,Canada,Pelagics,Herring,"251,432,675","79,559,618"
1992,Canada,Pelagics,Mackerel,"26,437,530","7,195,049"
1992,Canada,Pelagics,Other pelagic/finfish,"1,710,495","1,700,269"
1992,Canada,Pelagics,Salmon,"66,778,697","193,193,700"
1992,Canada,Pelagics,Shark,"1,020,108","2,191,217"
1992,Canada,Pelagics,Silversides,"46,392","17,539"
1992,Canada,Pelagics,Swordfish,"1,543,357","11,249,348"
1992,Canada,Pelagics,Total pelagics,"388,495,299","314,599,089"
1992,Canada,Pelagics,Tuna,"1,055,526","9,810,825"
1992,Canada,Other,Marine plants,"28,823,293","1,937,598"
1992,Canada,Other,Miscellaneous,"1,339,994","9,798,693"
1992,Canada,Other,Total other,"30,163,287","11,736,291"
1992,Canada,Groundfish,Cod,"198,255,886","158,925,740"
1992,Canada,Groundfish,Flatfishes,"56,953,510","35,397,926"
1992,Canada,Groundfish,Greenland turbot,"25,201,109","19,238,961"
1992,Canada,Groundfish,Haddock,"21,974,870","30,245,273"
1992,Canada,Groundfish,Hake,"135,737,550","33,271,486"
1992,Canada,Groundfish,Halibut,"6,157,429","28,864,163"
1992,Canada,Groundfish,Other groundfish,"25,088,958","42,954,191"
1992,Canada,Groundfish,Pollock,"37,318,947","25,009,779"
1992,Canada,Groundfish,Redfish spp.,"125,103,468","47,401,895"
1992,Canada,Groundfish,Skate,"759,682","131,157"
1992,Canada,Groundfish,Total groundfish,"632,551,409","421,440,570"
1992,Canada,Grand total,Grand total,"1,312,275,130","1,390,784,243"
1992,New Brunswick,Shellfish,Clams / quahaug,"1,809,705","2,389,002"
1992,New Brunswick,Shellfish,"Crab, Other","328,265","123,141"
1992,New Brunswick,Shellfish,"Crab, Queen","6,997,851","15,427,468"
1992,New Brunswick,Shellfish,Lobster,"7,970,631","51,640,949"
1992,New Brunswick,Shellfish,Other shellfish,"791,269","1,313,462"
1992,New Brunswick,Shellfish,Scallop,"5,085,030","7,419,234"
1992,New Brunswick,Shellfish,Sea cucumber,0,0
1992,New Brunswick,Shellfish,Sea urchin,"512,337","499,572"
1992,New Brunswick,Shellfish,Shrimp,"2,779,785","3,682,329"
1992,New Brunswick,Shellfish,Total shellfish,"26,274,873","82,495,156"
1992,New Brunswick,Pelagics,Alewife,"3,813,339","755,114"
1992,New Brunswick,Pelagics,Capelin,0,0
1992,New Brunswick,Pelagics,Eel,"125,779","460,393"
1992,New Brunswick,Pelagics,Elvers,0,0
1992,New Brunswick,Pelagics,Herring,"80,381,527","10,927,906"
1992,New Brunswick,Pelagics,Mackerel,"1,794,719","521,660"
1992,New Brunswick,Pelagics,Other pelagic/finfish,"771,498","609,325"
1992,New Brunswick,Pelagics,Salmon,0,0
1992,New Brunswick,Pelagics,Shark,"4,734","6,494"
1992,New Brunswick,Pelagics,Silversides,0,0
1992,New Brunswick,Pelagics,Swordfish,0,0
1992,New Brunswick,Pelagics,Total pelagics,"86,893,157","13,295,389"
1992,New Brunswick,Pelagics,Tuna,"1,561","14,497"
1992,New Brunswick,Other,Marine plants,"183,794","271,675"
1992,New Brunswick,Other,Miscellaneous,0,"10,625"
1992,New Brunswick,Other,Total other,"183,794","282,300"
1992,New Brunswick,Groundfish,Cod,"3,864,661","3,419,307"
1992,New Brunswick,Groundfish,Flatfishes,"1,581,486","1,186,891"
1992,New Brunswick,Groundfish,Greenland turbot,"186,719","125,185"
1992,New Brunswick,Groundfish,Haddock,"7,950","17,159"
1992,New Brunswick,Groundfish,Hake,"379,554","227,787"
1992,New Brunswick,Groundfish,Halibut,"17,440","79,788"
1992,New Brunswick,Groundfish,Other groundfish,"59,478","30,816"
1992,New Brunswick,Groundfish,Pollock,"926,351","882,570"
1992,New Brunswick,Groundfish,Redfish spp.,"4,788,779","1,441,336"
1992,New Brunswick,Groundfish,Skate,2,0
1992,New Brunswick,Groundfish,Total groundfish,"11,812,420","7,410,839"
1992,New Brunswick,Grand total,Grand total,"125,164,244","103,483,683"
1992,Newfoundland and Labrador,Shellfish,Clams / quahaug,"7,675,748","3,314,067"
1992,Newfoundland and Labrador,Shellfish,"Crab, Other",0,0
1992,Newfoundland and Labrador,Shellfish,"Crab, Queen","16,440,923","12,973,347"
1992,Newfoundland and Labrador,Shellfish,Lobster,"3,232,485","21,356,634"
1992,Newfoundland and Labrador,Shellfish,Other shellfish,"1,030,388","348,662"
1992,Newfoundland and Labrador,Shellfish,Scallop,"6,912,229","4,759,517"
1992,Newfoundland and Labrador,Shellfish,Sea cucumber,0,0
1992,Newfoundland and Labrador,Shellfish,Sea urchin,0,0
1992,Newfoundland and Labrador,Shellfish,Shrimp,"22,028,011","51,171,376"
1992,Newfoundland and Labrador,Shellfish,Total shellfish,"57,319,784","93,923,603"
1992,Newfoundland and Labrador,Pelagics,Alewife,0,0
1992,Newfoundland and Labrador,Pelagics,Capelin,"31,155,292","4,872,846"
1992,Newfoundland and Labrador,Pelagics,Eel,"89,951","390,191"
1992,Newfoundland and Labrador,Pelagics,Elvers,0,0
1992,Newfoundland and Labrador,Pelagics,Herring,"28,160,274","3,557,878"
1992,Newfoundland and Labrador,Pelagics,Mackerel,"9,918,024","1,886,444"
1992,Newfoundland and Labrador,Pelagics,Other pelagic/finfish,"131,477","178,344"
1992,Newfoundland and Labrador,Pelagics,Salmon,"203,184","982,066"
1992,Newfoundland and Labrador,Pelagics,Shark,"10,503","9,899"
1992,Newfoundland and Labrador,Pelagics,Silversides,0,0
1992,Newfoundland and Labrador,Pelagics,Swordfish,"55,588","278,813"
1992,Newfoundland and Labrador,Pelagics,Total pelagics,"69,780,067","12,822,313"
1992,Newfoundland and Labrador,Pelagics,Tuna,"55,774","665,833"
1992,Newfoundland and Labrador,Other,Marine plants,0,0
1992,Newfoundland and Labrador,Other,Miscellaneous,"39,620","576,679"
1992,Newfoundland and Labrador,Other,Total other,"39,620","576,679"
1992,Newfoundland and Labrador,Groundfish,Cod,"75,300,123","50,680,132"
1992,Newfoundland and Labrador,Groundfish,Flatfishes,"27,812,409","11,122,622"
1992,Newfoundland and Labrador,Groundfish,Greenland turbot,"12,889,325","12,002,124"
1992,Newfoundland and Labrador,Groundfish,Haddock,"998,047","443,041"
1992,Newfoundland and Labrador,Groundfish,Hake,"1,504,886","653,420"
1992,Newfoundland and Labrador,Groundfish,Halibut,"143,936","344,948"
1992,Newfoundland and Labrador,Groundfish,Other groundfish,"3,753,053","6,399,157"
1992,Newfoundland and Labrador,Groundfish,Pollock,"783,541","192,062"
1992,Newfoundland and Labrador,Groundfish,Redfish spp.,"34,859,695","9,182,206"
1992,Newfoundland and Labrador,Groundfish,Skate,"117,056","8,452"
1992,Newfoundland and Labrador,Groundfish,Total groundfish,"158,162,071","91,028,163"
1992,Newfoundland and Labrador,Grand total,Grand total,"285,301,542","198,350,758"
1992,Nova Scotia,Shellfish,Clams / quahaug,"5,933,345","8,163,790"
1992,Nova Scotia,Shellfish,"Crab, Other","134,398","56,658"
1992,Nova Scotia,Shellfish,"Crab, Queen","4,807,919","13,188,667"
1992,Nova Scotia,Shellfish,Lobster,"18,033,942","159,760,799"
1992,Nova Scotia,Shellfish,Other shellfish,"559,265","370,009"
1992,Nova Scotia,Shellfish,Scallop,"76,619,669","85,951,670"
1992,Nova Scotia,Shellfish,Sea cucumber,0,0
1992,Nova Scotia,Shellfish,Sea urchin,"72,344","101,067"
1992,Nova Scotia,Shellfish,Shrimp,"6,231,600","14,524,299"
1992,Nova Scotia,Shellfish,Total shellfish,"112,392,482","282,116,959"
1992,Nova Scotia,Pelagics,Alewife,"1,573,427","685,419"
1992,Nova Scotia,Pelagics,Capelin,0,0
1992,Nova Scotia,Pelagics,Eel,"117,684","468,161"
1992,Nova Scotia,Pelagics,Elvers,0,0
1992,Nova Scotia,Pelagics,Herring,"96,610,030","11,598,046"
1992,Nova Scotia,Pelagics,Mackerel,"8,847,070","2,749,003"
1992,Nova Scotia,Pelagics,Other pelagic/finfish,"131,467","156,696"
1992,Nova Scotia,Pelagics,Salmon,0,0
1992,Nova Scotia,Pelagics,Shark,"1,003,398","2,173,785"
1992,Nova Scotia,Pelagics,Silversides,0,0
1992,Nova Scotia,Pelagics,Swordfish,"1,487,769","10,970,536"
1992,Nova Scotia,Pelagics,Total pelagics,"110,248,992","36,427,053"
1992,Nova Scotia,Pelagics,Tuna,"478,147","7,625,407"
1992,Nova Scotia,Other,Marine plants,"28,639,499","1,665,924"
1992,Nova Scotia,Other,Miscellaneous,0,"293,999"
1992,Nova Scotia,Other,Total other,"28,639,499","1,959,922"
1992,Nova Scotia,Groundfish,Cod,"90,485,023","83,647,347"
1992,Nova Scotia,Groundfish,Flatfishes,"14,880,860","14,162,351"
1992,Nova Scotia,Groundfish,Greenland turbot,"5,864,091","3,057,022"
1992,Nova Scotia,Groundfish,Haddock,"20,968,154","29,784,517"
1992,Nova Scotia,Groundfish,Hake,"35,005,409","16,150,985"
1992,Nova Scotia,Groundfish,Halibut,"1,302,345","6,368,110"
1992,Nova Scotia,Groundfish,Other groundfish,"8,792,583","6,095,796"
1992,Nova Scotia,Groundfish,Pollock,"32,359,056","22,950,641"
1992,Nova Scotia,Groundfish,Redfish spp.,"31,826,421","9,831,966"
1992,Nova Scotia,Groundfish,Skate,"377,655","70,240"
1992,Nova Scotia,Groundfish,Total groundfish,"241,861,597","192,118,974"
1992,Nova Scotia,Grand total,Grand total,"493,142,570","512,622,908"
1992,Prince Edward Island,Shellfish,Clams / quahaug,"1,620,150","1,820,788"
1992,Prince Edward Island,Shellfish,"Crab, Other","508,029","161,849"
1992,Prince Edward Island,Shellfish,"Crab, Queen","745,648","1,586,493"
1992,Prince Edward Island,Shellfish,Lobster,"8,872,678","58,068,544"
1992,Prince Edward Island,Shellfish,Other shellfish,"1,176,535","2,062,435"
1992,Prince Edward Island,Shellfish,Scallop,"794,849","1,075,629"
1992,Prince Edward Island,Shellfish,Sea cucumber,0,0
1992,Prince Edward Island,Shellfish,Sea urchin,0,0
1992,Prince Edward Island,Shellfish,Shrimp,0,0
1992,Prince Edward Island,Shellfish,Total shellfish,"13,717,889","64,775,737"
1992,Prince Edward Island,Pelagics,Alewife,"317,050","92,608"
1992,Prince Edward Island,Pelagics,Capelin,0,0
1992,Prince Edward Island,Pelagics,Eel,"54,435","183,809"
1992,Prince Edward Island,Pelagics,Elvers,0,0
1992,Prince Edward Island,Pelagics,Herring,"7,847,801","1,110,070"
1992,Prince Edward Island,Pelagics,Mackerel,"2,342,297","792,454"
1992,Prince Edward Island,Pelagics,Other pelagic/finfish,"210,582","159,695"
1992,Prince Edward Island,Pelagics,Salmon,0,0
1992,Prince Edward Island,Pelagics,Shark,"1,050",860
1992,Prince Edward Island,Pelagics,Silversides,"46,392","17,539"
1992,Prince Edward Island,Pelagics,Swordfish,0,0
1992,Prince Edward Island,Pelagics,Total pelagics,"10,828,151","2,491,125"
1992,Prince Edward Island,Pelagics,Tuna,"8,544","134,089"
1992,Prince Edward Island,Other,Marine plants,0,0
1992,Prince Edward Island,Other,Miscellaneous,0,0
1992,Prince Edward Island,Other,Total other,0,0
1992,Prince Edward Island,Groundfish,Cod,"2,345,338","2,043,092"
1992,Prince Edward Island,Groundfish,Flatfishes,"1,854,573","1,144,218"
1992,Prince Edward Island,Groundfish,Greenland turbot,0,0
1992,Prince Edward Island,Groundfish,Haddock,0,0
1992,Prince Edward Island,Groundfish,Hake,"1,072,705","549,711"
1992,Prince Edward Island,Groundfish,Halibut,709,"2,469"
1992,Prince Edward Island,Groundfish,Other groundfish,"3,627",743
1992,Prince Edward Island,Groundfish,Pollock,36,13
1992,Prince Edward Island,Groundfish,Redfish spp.,"13,350,317","3,857,446"
1992,Prince Edward Island,Groundfish,Skate,227,50
1992,Prince Edward Island,Groundfish,Total groundfish,"18,627,532","7,597,742"
1992,Prince Edward Island,Grand total,Grand total,"43,173,572","74,864,604"
1992,Quebec,Shellfish,Clams / quahaug,"573,472","634,068"
1992,Quebec,Shellfish,"Crab, Other",268,591
1992,Quebec,Shellfish,"Crab, Queen","8,262,172","18,182,293"
1992,Quebec,Shellfish,Lobster,"3,834,560","26,396,410"
1992,Quebec,Shellfish,Other shellfish,"993,205","608,135"
1992,Quebec,Shellfish,Scallop,"2,706,936","3,064,422"
1992,Quebec,Shellfish,Sea cucumber,0,0
1992,Quebec,Shellfish,Sea urchin,0,0
1992,Quebec,Shellfish,Shrimp,"8,273,094","12,006,918"
1992,Quebec,Shellfish,Total shellfish,"24,643,707","60,892,837"
1992,Quebec,Pelagics,Alewife,5,1
1992,Quebec,Pelagics,Capelin,"911,543","124,782"
1992,Quebec,Pelagics,Eel,"312,014","1,648,200"
1992,Quebec,Pelagics,Elvers,0,0
1992,Quebec,Pelagics,Herring,"3,846,143","818,718"
1992,Quebec,Pelagics,Mackerel,"3,480,320","1,226,487"
1992,Quebec,Pelagics,Other pelagic/finfish,"347,571","423,209"
1992,Quebec,Pelagics,Salmon,"78,513","411,634"
1992,Quebec,Pelagics,Shark,423,178
1992,Quebec,Pelagics,Silversides,0,0
1992,Quebec,Pelagics,Swordfish,0,0
1992,Quebec,Pelagics,Total pelagics,"8,976,532","4,653,209"
1992,Quebec,Pelagics,Tuna,0,0
1992,Quebec,Other,Marine plants,0,0
1992,Quebec,Other,Miscellaneous,74,"2,390"
1992,Quebec,Other,Total other,74,"2,390"
1992,Quebec,Groundfish,Cod,"16,135,441","13,659,862"
1992,Quebec,Groundfish,Flatfishes,"2,736,182","1,880,844"
1992,Quebec,Groundfish,Greenland turbot,"2,692,274","3,174,629"
1992,Quebec,Groundfish,Haddock,719,556
1992,Quebec,Groundfish,Hake,"457,996","229,583"
1992,Quebec,Groundfish,Halibut,"116,336","543,848"
1992,Quebec,Groundfish,Other groundfish,"194,217","93,680"
1992,Quebec,Groundfish,Pollock,963,493
1992,Quebec,Groundfish,Redfish spp.,"14,496,856","3,748,942"
1992,Quebec,Groundfish,Skate,"1,142",415
1992,Quebec,Groundfish,Total groundfish,"36,832,126","23,332,853"
1992,Quebec,Grand total,Grand total,"70,452,439","88,881,289"
1993,Atlantic,Shellfish,Clams / quahaug,"24,830,526","25,332,468"
1993,Atlantic,Shellfish,"Crab, Other","2,193,357","877,504"
1993,Atlantic,Shellfish,"Crab, Queen","48,099,535","110,295,849"
1993,Atlantic,Shellfish,Lobster,"41,061,116","299,194,618"
1993,Atlantic,Shellfish,Other shellfish,"5,613,383","4,569,804"
1993,Atlantic,Shellfish,Scallop,"90,932,274","122,357,104"
1993,Atlantic,Shellfish,Sea cucumber,0,0
1993,Atlantic,Shellfish,Sea urchin,"1,150,985","1,615,958"
1993,Atlantic,Shellfish,Shrimp,"42,942,990","87,754,943"
1993,Atlantic,Shellfish,Total shellfish,"256,824,166","651,998,249"
1993,Atlantic,Pelagics,Alewife,"6,051,137","1,453,435"
1993,Atlantic,Pelagics,Capelin,"49,720,599","19,431,808"
1993,Atlantic,Pelagics,Eel,"766,253","3,153,912"
1993,Atlantic,Pelagics,Elvers,0,0
1993,Atlantic,Pelagics,Herring,"201,920,231","25,758,866"
1993,Atlantic,Pelagics,Mackerel,"26,712,055","7,180,442"
1993,Atlantic,Pelagics,Other pelagic/finfish,"1,938,233","1,863,807"
1993,Atlantic,Pelagics,Salmon,"161,165","712,613"
1993,Atlantic,Pelagics,Shark,"1,123,138","2,165,605"
1993,Atlantic,Pelagics,Silversides,"82,748","29,088"
1993,Atlantic,Pelagics,Swordfish,"2,208,786","15,911,749"
1993,Atlantic,Pelagics,Total pelagics,"291,332,500","89,633,253"
1993,Atlantic,Pelagics,Tuna,"648,155","11,971,930"
1993,Atlantic,Other,Marine plants,"16,497,781","1,441,634"
1993,Atlantic,Other,Miscellaneous,"29,669","600,416"
1993,Atlantic,Other,Total other,"16,527,450","2,042,050"
1993,Atlantic,Groundfish,Cod,"76,687,797","66,338,203"
1993,Atlantic,Groundfish,Flatfishes,"36,132,202","23,796,260"
1993,Atlantic,Groundfish,Greenland turbot,"16,293,125","15,062,614"
1993,Atlantic,Groundfish,Haddock,"12,982,240","21,033,190"
1993,Atlantic,Groundfish,Hake,"35,938,537","22,192,779"
1993,Atlantic,Groundfish,Halibut,"1,459,210","7,268,463"
1993,Atlantic,Groundfish,Other groundfish,"11,859,785","17,505,450"
1993,Atlantic,Groundfish,Pollock,"21,578,861","12,418,574"
1993,Atlantic,Groundfish,Redfish spp.,"84,686,727","23,723,992"
1993,Atlantic,Groundfish,Skate,"322,892","50,663"
1993,Atlantic,Groundfish,Total groundfish,"297,941,376","209,390,187"
1993,Atlantic,Grand total,Grand total,"862,625,492","953,063,739"
1993,British Columbia,Shellfish,Clams / quahaug,"3,830,300","29,925,000"
1993,British Columbia,Shellfish,"Crab, Other","6,305,800","18,761,000"
1993,British Columbia,Shellfish,"Crab, Queen",0,0
1993,British Columbia,Shellfish,Lobster,0,0
1993,British Columbia,Shellfish,Other shellfish,"1,053,600","1,803,000"
1993,British Columbia,Shellfish,Scallop,"89,800","423,000"
1993,British Columbia,Shellfish,Sea cucumber,0,0
1993,British Columbia,Shellfish,Sea urchin,"7,102,100","9,149,000"
1993,British Columbia,Shellfish,Shrimp,"4,497,500","13,623,000"
1993,British Columbia,Shellfish,Total shellfish,"22,879,100","73,684,000"
1993,British Columbia,Pelagics,Alewife,0,0
1993,British Columbia,Pelagics,Capelin,0,0
1993,British Columbia,Pelagics,Eel,0,0
1993,British Columbia,Pelagics,Elvers,0,0
1993,British Columbia,Pelagics,Herring,"41,048,000","71,260,000"
1993,British Columbia,Pelagics,Mackerel,"20,200","6,000"
1993,British Columbia,Pelagics,Other pelagic/finfish,"35,900","52,000"
1993,British Columbia,Pelagics,Salmon,"84,989,000","201,027,000"
1993,British Columbia,Pelagics,Shark,0,0
1993,British Columbia,Pelagics,Silversides,0,0
1993,British Columbia,Pelagics,Swordfish,0,0
1993,British Columbia,Pelagics,Total pelagics,"126,644,300","273,697,000"
1993,British Columbia,Pelagics,Tuna,"551,200","1,352,000"
1993,British Columbia,Other,Marine plants,0,0
1993,British Columbia,Other,Miscellaneous,"485,400","11,846,000"
1993,British Columbia,Other,Total other,"485,400","11,846,000"
1993,British Columbia,Groundfish,Cod,"8,122,600","4,591,000"
1993,British Columbia,Groundfish,Flatfishes,"10,024,400","7,173,000"
1993,British Columbia,Groundfish,Greenland turbot,"4,132,400","1,056,000"
1993,British Columbia,Groundfish,Haddock,0,0
1993,British Columbia,Groundfish,Hake,"62,571,000","8,655,000"
1993,British Columbia,Groundfish,Halibut,"6,379,345","30,275,000"
1993,British Columbia,Groundfish,Other groundfish,"11,907,400","29,316,000"
1993,British Columbia,Groundfish,Pollock,"8,121,000","2,617,000"
1993,British Columbia,Groundfish,Redfish spp.,"24,642,700","17,848,000"
1993,British Columbia,Groundfish,Skate,"249,300","49,000"
1993,British Columbia,Groundfish,Total groundfish,"136,150,145","101,580,000"
1993,British Columbia,Grand total,Grand total,"286,158,945","460,807,000"
1993,Canada,Shellfish,Clams / quahaug,"28,660,826","55,257,468"
1993,Canada,Shellfish,"Crab, Other","8,499,157","19,638,504"
1993,Canada,Shellfish,"Crab, Queen","48,099,535","110,295,849"
1993,Canada,Shellfish,Lobster,"41,061,116","299,194,618"
1993,Canada,Shellfish,Other shellfish,"6,666,983","6,372,804"
1993,Canada,Shellfish,Scallop,"91,022,074","122,780,104"
1993,Canada,Shellfish,Sea cucumber,0,0
1993,Canada,Shellfish,Sea urchin,"8,253,085","10,764,958"
1993,Canada,Shellfish,Shrimp,"47,440,490","101,377,943"
1993,Canada,Shellfish,Total shellfish,"279,703,266","725,682,249"
1993,Canada,Pelagics,Alewife,"6,051,137","1,453,435"
1993,Canada,Pelagics,Capelin,"49,720,599","19,431,808"
1993,Canada,Pelagics,Eel,"766,253","3,153,912"
1993,Canada,Pelagics,Elvers,0,0
1993,Canada,Pelagics,Herring,"242,968,231","97,018,866"
1993,Canada,Pelagics,Mackerel,"26,732,255","7,186,442"
1993,Canada,Pelagics,Other pelagic/finfish,"1,974,133","1,915,807"
1993,Canada,Pelagics,Salmon,"85,150,165","201,739,613"
1993,Canada,Pelagics,Shark,"1,123,138","2,165,605"
1993,Canada,Pelagics,Silversides,"82,748","29,088"
1993,Canada,Pelagics,Swordfish,"2,208,786","15,911,749"
1993,Canada,Pelagics,Total pelagics,"417,976,800","363,330,253"
1993,Canada,Pelagics,Tuna,"1,199,355","13,323,930"
1993,Canada,Other,Marine plants,"16,497,781","1,441,634"
1993,Canada,Other,Miscellaneous,"515,069","12,446,416"
1993,Canada,Other,Total other,"17,012,850","13,888,050"
1993,Canada,Groundfish,Cod,"84,810,397","70,929,203"
1993,Canada,Groundfish,Flatfishes,"46,156,602","30,969,260"
1993,Canada,Groundfish,Greenland turbot,"20,425,525","16,118,614"
1993,Canada,Groundfish,Haddock,"12,982,240","21,033,190"
1993,Canada,Groundfish,Hake,"98,509,537","30,847,779"
1993,Canada,Groundfish,Halibut,"7,838,555","37,543,463"
1993,Canada,Groundfish,Other groundfish,"23,767,185","46,821,450"
1993,Canada,Groundfish,Pollock,"29,699,861","15,035,574"
1993,Canada,Groundfish,Redfish spp.,"109,329,427","41,571,992"
1993,Canada,Groundfish,Skate,"572,192","99,663"
1993,Canada,Groundfish,Total groundfish,"434,091,521","310,970,187"
1993,Canada,Grand total,Grand total,"1,148,784,437","1,413,870,739"
1993,New Brunswick,Shellfish,Clams / quahaug,"1,403,737","2,126,506"
1993,New Brunswick,Shellfish,"Crab, Other","403,685","133,678"
1993,New Brunswick,Shellfish,"Crab, Queen","8,809,700","26,077,809"
1993,New Brunswick,Shellfish,Lobster,"7,919,028","46,684,422"
1993,New Brunswick,Shellfish,Other shellfish,"679,248","1,163,982"
1993,New Brunswick,Shellfish,Scallop,"4,969,070","8,881,492"
1993,New Brunswick,Shellfish,Sea cucumber,0,0
1993,New Brunswick,Shellfish,Sea urchin,"960,062","1,392,480"
1993,New Brunswick,Shellfish,Shrimp,"2,499,613","3,309,301"
1993,New Brunswick,Shellfish,Total shellfish,"27,644,143","89,769,670"
1993,New Brunswick,Pelagics,Alewife,"3,820,407","487,227"
1993,New Brunswick,Pelagics,Capelin,0,0
1993,New Brunswick,Pelagics,Eel,"105,871","393,381"
1993,New Brunswick,Pelagics,Elvers,0,0
1993,New Brunswick,Pelagics,Herring,"79,811,569","10,380,171"
1993,New Brunswick,Pelagics,Mackerel,"2,045,913","694,533"
1993,New Brunswick,Pelagics,Other pelagic/finfish,"758,218","751,366"
1993,New Brunswick,Pelagics,Salmon,0,0
1993,New Brunswick,Pelagics,Shark,"2,282","3,353"
1993,New Brunswick,Pelagics,Silversides,0,0
1993,New Brunswick,Pelagics,Swordfish,0,0
1993,New Brunswick,Pelagics,Total pelagics,"86,552,127","12,875,778"
1993,New Brunswick,Pelagics,Tuna,"7,867","165,748"
1993,New Brunswick,Other,Marine plants,"226,776","312,537"
1993,New Brunswick,Other,Miscellaneous,0,"8,000"
1993,New Brunswick,Other,Total other,"226,776","320,537"
1993,New Brunswick,Groundfish,Cod,"879,509","1,030,997"
1993,New Brunswick,Groundfish,Flatfishes,"1,012,851","836,445"
1993,New Brunswick,Groundfish,Greenland turbot,"54,054","48,286"
1993,New Brunswick,Groundfish,Haddock,"5,295","13,285"
1993,New Brunswick,Groundfish,Hake,"116,875","84,524"
1993,New Brunswick,Groundfish,Halibut,"8,918","43,038"
1993,New Brunswick,Groundfish,Other groundfish,"299,358","84,918"
1993,New Brunswick,Groundfish,Pollock,"556,509","469,165"
1993,New Brunswick,Groundfish,Redfish spp.,"3,010,946","705,119"
1993,New Brunswick,Groundfish,Skate,811,179
1993,New Brunswick,Groundfish,Total groundfish,"5,945,126","3,315,956"
1993,New Brunswick,Grand total,Grand total,"120,368,172","106,281,942"
1993,Newfoundland and Labrador,Shellfish,Clams / quahaug,"13,585,359","10,322,196"
1993,Newfoundland and Labrador,Shellfish,"Crab, Other",0,0
1993,Newfoundland and Labrador,Shellfish,"Crab, Queen","22,922,222","31,728,880"
1993,Newfoundland and Labrador,Shellfish,Lobster,"2,608,008","18,234,376"
1993,Newfoundland and Labrador,Shellfish,Other shellfish,"322,577","127,803"
1993,Newfoundland and Labrador,Shellfish,Scallop,"4,519,691","6,084,566"
1993,Newfoundland and Labrador,Shellfish,Sea cucumber,0,0
1993,Newfoundland and Labrador,Shellfish,Sea urchin,"62,027","61,655"
1993,Newfoundland and Labrador,Shellfish,Shrimp,"23,134,855","52,036,154"
1993,Newfoundland and Labrador,Shellfish,Total shellfish,"67,154,739","118,595,631"
1993,Newfoundland and Labrador,Pelagics,Alewife,0,0
1993,Newfoundland and Labrador,Pelagics,Capelin,"48,221,289","19,192,725"
1993,Newfoundland and Labrador,Pelagics,Eel,"116,062","484,744"
1993,Newfoundland and Labrador,Pelagics,Elvers,0,0
1993,Newfoundland and Labrador,Pelagics,Herring,"21,687,578","3,049,336"
1993,Newfoundland and Labrador,Pelagics,Mackerel,"9,683,408","1,824,499"
1993,Newfoundland and Labrador,Pelagics,Other pelagic/finfish,"117,286","153,620"
1993,Newfoundland and Labrador,Pelagics,Salmon,"112,467","502,918"
1993,Newfoundland and Labrador,Pelagics,Shark,"9,697","11,065"
1993,Newfoundland and Labrador,Pelagics,Silversides,0,0
1993,Newfoundland and Labrador,Pelagics,Swordfish,"132,944","821,391"
1993,Newfoundland and Labrador,Pelagics,Total pelagics,"80,108,261","26,404,655"
1993,Newfoundland and Labrador,Pelagics,Tuna,"27,530","364,357"
1993,Newfoundland and Labrador,Other,Marine plants,0,0
1993,Newfoundland and Labrador,Other,Miscellaneous,"29,146","141,155"
1993,Newfoundland and Labrador,Other,Total other,"29,146","141,155"
1993,Newfoundland and Labrador,Groundfish,Cod,"37,108,984","24,681,887"
1993,Newfoundland and Labrador,Groundfish,Flatfishes,"22,067,222","8,816,668"
1993,Newfoundland and Labrador,Groundfish,Greenland turbot,"8,037,593","8,511,834"
1993,Newfoundland and Labrador,Groundfish,Haddock,"787,262","269,936"
1993,Newfoundland and Labrador,Groundfish,Hake,"1,050,619","333,386"
1993,Newfoundland and Labrador,Groundfish,Halibut,"170,066","535,915"
1993,Newfoundland and Labrador,Groundfish,Other groundfish,"4,184,343","13,417,988"
1993,Newfoundland and Labrador,Groundfish,Pollock,"547,722","123,755"
1993,Newfoundland and Labrador,Groundfish,Redfish spp.,"26,278,052","7,251,623"
1993,Newfoundland and Labrador,Groundfish,Skate,"75,735","10,839"
1993,Newfoundland and Labrador,Groundfish,Total groundfish,"100,307,598","63,953,832"
1993,Newfoundland and Labrador,Grand total,Grand total,"247,599,744","209,095,272"
1993,Nova Scotia,Shellfish,Clams / quahaug,"8,007,890","10,518,812"
1993,Nova Scotia,Shellfish,"Crab, Other","455,535","246,849"
1993,Nova Scotia,Shellfish,"Crab, Queen","5,132,156","18,690,209"
1993,Nova Scotia,Shellfish,Lobster,"18,041,382","157,532,875"
1993,Nova Scotia,Shellfish,Other shellfish,"2,584,374","577,394"
1993,Nova Scotia,Shellfish,Scallop,"77,731,404","101,217,826"
1993,Nova Scotia,Shellfish,Sea cucumber,0,0
1993,Nova Scotia,Shellfish,Sea urchin,"128,896","161,822"
1993,Nova Scotia,Shellfish,Shrimp,"7,735,949","17,894,024"
1993,Nova Scotia,Shellfish,Total shellfish,"119,817,586","306,839,812"
1993,Nova Scotia,Pelagics,Alewife,"2,030,744","897,331"
1993,Nova Scotia,Pelagics,Capelin,0,0
1993,Nova Scotia,Pelagics,Eel,"159,314","657,160"
1993,Nova Scotia,Pelagics,Elvers,0,0
1993,Nova Scotia,Pelagics,Herring,"89,392,537","10,297,709"
1993,Nova Scotia,Pelagics,Mackerel,"7,156,669","2,088,969"
1993,Nova Scotia,Pelagics,Other pelagic/finfish,"566,366","241,064"
1993,Nova Scotia,Pelagics,Salmon,0,0
1993,Nova Scotia,Pelagics,Shark,"1,108,504","2,147,969"
1993,Nova Scotia,Pelagics,Silversides,0,0
1993,Nova Scotia,Pelagics,Swordfish,"2,075,842","15,090,358"
1993,Nova Scotia,Pelagics,Total pelagics,"103,085,782","42,598,626"
1993,Nova Scotia,Pelagics,Tuna,"595,806","11,178,065"
1993,Nova Scotia,Other,Marine plants,"16,271,005","1,129,097"
1993,Nova Scotia,Other,Miscellaneous,0,"449,371"
1993,Nova Scotia,Other,Total other,"16,271,005","1,578,468"
1993,Nova Scotia,Groundfish,Cod,"33,792,763","36,364,704"
1993,Nova Scotia,Groundfish,Flatfishes,"10,816,620","12,592,664"
1993,Nova Scotia,Groundfish,Greenland turbot,"5,766,413","2,997,231"
1993,Nova Scotia,Groundfish,Haddock,"12,189,449","20,749,823"
1993,Nova Scotia,Groundfish,Hake,"33,875,839","21,327,360"
1993,Nova Scotia,Groundfish,Halibut,"1,167,909","6,110,327"
1993,Nova Scotia,Groundfish,Other groundfish,"6,746,102","3,753,250"
1993,Nova Scotia,Groundfish,Pollock,"20,473,321","11,825,477"
1993,Nova Scotia,Groundfish,Redfish spp.,"38,179,412","11,311,114"
1993,Nova Scotia,Groundfish,Skate,"238,367","38,507"
1993,Nova Scotia,Groundfish,Total groundfish,"163,246,195","127,070,457"
1993,Nova Scotia,Grand total,Grand total,"402,420,568","478,087,363"
1993,Prince Edward Island,Shellfish,Clams / quahaug,"1,415,130","2,017,923"
1993,Prince Edward Island,Shellfish,"Crab, Other","1,334,137","496,978"
1993,Prince Edward Island,Shellfish,"Crab, Queen","905,247","2,993,984"
1993,Prince Edward Island,Shellfish,Lobster,"8,904,593","51,712,806"
1993,Prince Edward Island,Shellfish,Other shellfish,"1,204,515","2,227,217"
1993,Prince Edward Island,Shellfish,Scallop,"1,261,259","2,466,301"
1993,Prince Edward Island,Shellfish,Sea cucumber,0,0
1993,Prince Edward Island,Shellfish,Sea urchin,0,0
1993,Prince Edward Island,Shellfish,Shrimp,0,0
1993,Prince Edward Island,Shellfish,Total shellfish,"15,024,881","61,915,209"
1993,Prince Edward Island,Pelagics,Alewife,"199,986","68,878"
1993,Prince Edward Island,Pelagics,Capelin,0,0
1993,Prince Edward Island,Pelagics,Eel,"73,688","246,170"
1993,Prince Edward Island,Pelagics,Elvers,0,0
1993,Prince Edward Island,Pelagics,Herring,"5,539,174","741,340"
1993,Prince Edward Island,Pelagics,Mackerel,"4,650,640","1,482,182"
1993,Prince Edward Island,Pelagics,Other pelagic/finfish,"180,212","212,601"
1993,Prince Edward Island,Pelagics,Salmon,0,0
1993,Prince Edward Island,Pelagics,Shark,"2,369","3,066"
1993,Prince Edward Island,Pelagics,Silversides,"82,748","29,088"
1993,Prince Edward Island,Pelagics,Swordfish,0,0
1993,Prince Edward Island,Pelagics,Total pelagics,"10,745,769","3,047,084"
1993,Prince Edward Island,Pelagics,Tuna,"16,952","263,760"
1993,Prince Edward Island,Other,Marine plants,0,0
1993,Prince Edward Island,Other,Miscellaneous,0,0
1993,Prince Edward Island,Other,Total other,0,0
1993,Prince Edward Island,Groundfish,Cod,"817,294","678,396"
1993,Prince Edward Island,Groundfish,Flatfishes,"933,243","589,851"
1993,Prince Edward Island,Groundfish,Greenland turbot,0,0
1993,Prince Edward Island,Groundfish,Haddock,0,0
1993,Prince Edward Island,Groundfish,Hake,"567,731","275,206"
1993,Prince Edward Island,Groundfish,Halibut,700,"4,424"
1993,Prince Edward Island,Groundfish,Other groundfish,"341,332","77,198"
1993,Prince Edward Island,Groundfish,Pollock,0,0
1993,Prince Edward Island,Groundfish,Redfish spp.,"5,242,898","1,450,252"
1993,Prince Edward Island,Groundfish,Skate,"7,845","1,112"
1993,Prince Edward Island,Groundfish,Total groundfish,"7,911,043","3,076,439"
1993,Prince Edward Island,Grand total,Grand total,"33,681,693","68,038,732"
1993,Quebec,Shellfish,Clams / quahaug,"418,410","347,031"
1993,Quebec,Shellfish,"Crab, Other",0,0
1993,Quebec,Shellfish,"Crab, Queen","10,330,210","30,804,967"
1993,Quebec,Shellfish,Lobster,"3,588,105","25,030,139"
1993,Quebec,Shellfish,Other shellfish,"822,669","473,408"
1993,Quebec,Shellfish,Scallop,"2,450,850","3,706,919"
1993,Quebec,Shellfish,Sea cucumber,0,0
1993,Quebec,Shellfish,Sea urchin,0,0
1993,Quebec,Shellfish,Shrimp,"9,572,573","14,515,464"
1993,Quebec,Shellfish,Total shellfish,"27,182,817","74,877,928"
1993,Quebec,Pelagics,Alewife,0,0
1993,Quebec,Pelagics,Capelin,"1,499,310","239,083"
1993,Quebec,Pelagics,Eel,"311,318","1,372,457"
1993,Quebec,Pelagics,Elvers,0,0
1993,Quebec,Pelagics,Herring,"5,489,373","1,290,310"
1993,Quebec,Pelagics,Mackerel,"3,175,425","1,090,259"
1993,Quebec,Pelagics,Other pelagic/finfish,"316,151","505,156"
1993,Quebec,Pelagics,Salmon,"48,698","209,695"
1993,Quebec,Pelagics,Shark,286,151
1993,Quebec,Pelagics,Silversides,0,0
1993,Quebec,Pelagics,Swordfish,0,0
1993,Quebec,Pelagics,Total pelagics,"10,840,561","4,707,111"
1993,Quebec,Pelagics,Tuna,0,0
1993,Quebec,Other,Marine plants,0,0
1993,Quebec,Other,Miscellaneous,523,"1,889"
1993,Quebec,Other,Total other,523,"1,889"
1993,Quebec,Groundfish,Cod,"4,089,247","3,582,218"
1993,Quebec,Groundfish,Flatfishes,"1,302,266","960,631"
1993,Quebec,Groundfish,Greenland turbot,"2,435,065","3,505,262"
1993,Quebec,Groundfish,Haddock,234,146
1993,Quebec,Groundfish,Hake,"327,473","172,303"
1993,Quebec,Groundfish,Halibut,"111,617","574,760"
1993,Quebec,Groundfish,Other groundfish,"288,650","172,096"
1993,Quebec,Groundfish,Pollock,"1,309",176
1993,Quebec,Groundfish,Redfish spp.,"11,975,419","3,005,884"
1993,Quebec,Groundfish,Skate,134,26
1993,Quebec,Groundfish,Total groundfish,"20,531,414","11,973,503"
1993,Quebec,Grand total,Grand total,"58,555,315","91,560,430"
1994,Atlantic,Shellfish,Clams / quahaug,"26,857,210","33,800,599"
1994,Atlantic,Shellfish,"Crab, Other","4,666,814","2,713,513"
1994,Atlantic,Shellfish,"Crab, Queen","60,454,463","270,359,463"
1994,Atlantic,Shellfish,Lobster,"41,682,797","355,249,127"
1994,Atlantic,Shellfish,Other shellfish,"9,498,031","8,498,313"
1994,Atlantic,Shellfish,Scallop,"91,711,133","140,519,313"
1994,Atlantic,Shellfish,Sea cucumber,25,22
1994,Atlantic,Shellfish,Sea urchin,"2,427,946","4,782,015"
1994,Atlantic,Shellfish,Shrimp,"48,680,660","99,236,515"
1994,Atlantic,Shellfish,Total shellfish,"285,979,079","915,158,879"
1994,Atlantic,Pelagics,Alewife,"5,403,965","1,388,511"
1994,Atlantic,Pelagics,Capelin,"2,282,640","578,411"
1994,Atlantic,Pelagics,Eel,"629,986","2,851,997"
1994,Atlantic,Pelagics,Elvers,0,0
1994,Atlantic,Pelagics,Herring,"207,144,443","27,726,789"
1994,Atlantic,Pelagics,Mackerel,"20,833,467","7,079,596"
1994,Atlantic,Pelagics,Other pelagic/finfish,"2,281,997","2,510,292"
1994,Atlantic,Pelagics,Salmon,"136,211","685,037"
1994,Atlantic,Pelagics,Shark,"1,948,995","4,021,618"
1994,Atlantic,Pelagics,Silversides,"543,170","207,621"
1994,Atlantic,Pelagics,Swordfish,"1,675,033","14,049,693"
1994,Atlantic,Pelagics,Total pelagics,"243,485,127","70,795,101"
1994,Atlantic,Pelagics,Tuna,"605,220","9,695,537"
1994,Atlantic,Other,Marine plants,"30,215,434","3,374,500"
1994,Atlantic,Other,Miscellaneous,"1,033,811","1,631,016"
1994,Atlantic,Other,Total other,"31,249,245","5,005,517"
1994,Atlantic,Groundfish,Cod,"22,748,020","29,621,346"
1994,Atlantic,Groundfish,Flatfishes,"15,198,915","18,083,383"
1994,Atlantic,Groundfish,Greenland turbot,"11,038,761","14,425,459"
1994,Atlantic,Groundfish,Haddock,"6,955,204","13,965,982"
1994,Atlantic,Groundfish,Hake,"14,728,021","9,072,258"
1994,Atlantic,Groundfish,Halibut,"1,264,101","7,951,810"
1994,Atlantic,Groundfish,Other groundfish,"9,526,198","12,859,688"
1994,Atlantic,Groundfish,Pollock,"15,596,105","10,892,835"
1994,Atlantic,Groundfish,Redfish spp.,"50,787,998","15,859,650"
1994,Atlantic,Groundfish,Skate,"6,393,012","2,289,150"
1994,Atlantic,Groundfish,Total groundfish,"154,236,335","135,021,561"
1994,Atlantic,Grand total,Grand total,"714,949,786","1,125,981,059"
1994,British Columbia,Shellfish,Clams / quahaug,"4,094,369","37,472,907"
1994,British Columbia,Shellfish,"Crab, Other","6,002,356","25,724,933"
1994,British Columbia,Shellfish,"Crab, Queen",0,0
1994,British Columbia,Shellfish,Lobster,0,0
1994,British Columbia,Shellfish,Other shellfish,"1,180,934","2,032,879"
1994,British Columbia,Shellfish,Scallop,"103,782","489,940"
1994,British Columbia,Shellfish,Sea cucumber,0,0
1994,British Columbia,Shellfish,Sea urchin,"6,160,657","10,209,960"
1994,British Columbia,Shellfish,Shrimp,"4,501,957","16,913,226"
1994,British Columbia,Shellfish,Total shellfish,"22,044,055","92,843,845"
1994,British Columbia,Pelagics,Alewife,0,0
1994,British Columbia,Pelagics,Capelin,0,0
1994,British Columbia,Pelagics,Eel,0,0
1994,British Columbia,Pelagics,Elvers,0,0
1994,British Columbia,Pelagics,Herring,"40,639,143","73,171,625"
1994,British Columbia,Pelagics,Mackerel,"4,023","1,323"
1994,British Columbia,Pelagics,Other pelagic/finfish,"72,552","129,966"
1994,British Columbia,Pelagics,Salmon,"65,826,375","256,306,910"
1994,British Columbia,Pelagics,Shark,0,0
1994,British Columbia,Pelagics,Silversides,0,0
1994,British Columbia,Pelagics,Swordfish,0,0
1994,British Columbia,Pelagics,Total pelagics,"107,105,515","330,828,053"
1994,British Columbia,Pelagics,Tuna,"563,422","1,218,229"
1994,British Columbia,Other,Marine plants,0,0
1994,British Columbia,Other,Miscellaneous,"343,255","17,183,069"
1994,British Columbia,Other,Total other,"343,255","17,183,069"
1994,British Columbia,Groundfish,Cod,"3,556,480","2,258,579"
1994,British Columbia,Groundfish,Flatfishes,"8,642,411","6,611,833"
1994,British Columbia,Groundfish,Greenland turbot,"4,100,525","947,205"
1994,British Columbia,Groundfish,Haddock,0,0
1994,British Columbia,Groundfish,Hake,"116,658,748","16,813,462"
1994,British Columbia,Groundfish,Halibut,"5,982,445","37,449,464"
1994,British Columbia,Groundfish,Other groundfish,"11,850,826","38,140,627"
1994,British Columbia,Groundfish,Pollock,"4,609,176","1,508,114"
1994,British Columbia,Groundfish,Redfish spp.,"24,282,319","22,289,824"
1994,British Columbia,Groundfish,Skate,"582,076","118,539"
1994,British Columbia,Groundfish,Total groundfish,"180,265,006","126,137,647"
1994,British Columbia,Grand total,Grand total,"309,757,831","566,992,614"
1994,Canada,Shellfish,Clams / quahaug,"30,951,579","71,273,506"
1994,Canada,Shellfish,"Crab, Other","10,669,170","28,438,446"
1994,Canada,Shellfish,"Crab, Queen","60,454,463","270,359,463"
1994,Canada,Shellfish,Lobster,"41,682,797","355,249,127"
1994,Canada,Shellfish,Other shellfish,"10,678,965","10,531,192"
1994,Canada,Shellfish,Scallop,"91,814,915","141,009,253"
1994,Canada,Shellfish,Sea cucumber,25,22
1994,Canada,Shellfish,Sea urchin,"8,588,603","14,991,975"
1994,Canada,Shellfish,Shrimp,"53,182,617","116,149,741"
1994,Canada,Shellfish,Total shellfish,"308,023,134","1,008,002,724"
1994,Canada,Pelagics,Alewife,"5,403,965","1,388,511"
1994,Canada,Pelagics,Capelin,"2,282,640","578,411"
1994,Canada,Pelagics,Eel,"629,986","2,851,997"
1994,Canada,Pelagics,Elvers,0,0
1994,Canada,Pelagics,Herring,"247,783,586","100,898,414"
1994,Canada,Pelagics,Mackerel,"20,837,490","7,080,919"
1994,Canada,Pelagics,Other pelagic/finfish,"2,354,549","2,640,258"
1994,Canada,Pelagics,Salmon,"65,962,586","256,991,947"
1994,Canada,Pelagics,Shark,"1,948,995","4,021,618"
1994,Canada,Pelagics,Silversides,"543,170","207,621"
1994,Canada,Pelagics,Swordfish,"1,675,033","14,049,693"
1994,Canada,Pelagics,Total pelagics,"350,590,642","401,623,154"
1994,Canada,Pelagics,Tuna,"1,168,642","10,913,766"
1994,Canada,Other,Marine plants,"30,215,434","3,374,500"
1994,Canada,Other,Miscellaneous,"1,377,066","18,814,085"
1994,Canada,Other,Total other,"31,592,500","22,188,586"
1994,Canada,Groundfish,Cod,"26,304,500","31,879,925"
1994,Canada,Groundfish,Flatfishes,"23,841,326","24,695,216"
1994,Canada,Groundfish,Greenland turbot,"15,139,286","15,372,664"
1994,Canada,Groundfish,Haddock,"6,955,204","13,965,982"
1994,Canada,Groundfish,Hake,"131,386,769","25,885,720"
1994,Canada,Groundfish,Halibut,"7,246,546","45,401,274"
1994,Canada,Groundfish,Other groundfish,"21,377,024","51,000,315"
1994,Canada,Groundfish,Pollock,"20,205,281","12,400,949"
1994,Canada,Groundfish,Redfish spp.,"75,070,317","38,149,474"
1994,Canada,Groundfish,Skate,"6,975,088","2,407,689"
1994,Canada,Groundfish,Total groundfish,"334,501,341","261,159,208"
1994,Canada,Grand total,Grand total,"1,024,707,617","1,692,973,673"
1994,New Brunswick,Shellfish,Clams / quahaug,"1,758,300","2,810,442"
1994,New Brunswick,Shellfish,"Crab, Other","1,337,010","592,815"
1994,New Brunswick,Shellfish,"Crab, Queen","12,432,566","72,639,924"
1994,New Brunswick,Shellfish,Lobster,"7,869,022","60,456,196"
1994,New Brunswick,Shellfish,Other shellfish,"885,741","1,649,212"
1994,New Brunswick,Shellfish,Scallop,"4,634,787","9,790,293"
1994,New Brunswick,Shellfish,Sea cucumber,0,0
1994,New Brunswick,Shellfish,Sea urchin,"1,529,909","3,001,974"
1994,New Brunswick,Shellfish,Shrimp,"2,986,193","3,764,550"
1994,New Brunswick,Shellfish,Total shellfish,"33,433,528","154,705,405"
1994,New Brunswick,Pelagics,Alewife,"3,562,552","486,306"
1994,New Brunswick,Pelagics,Capelin,"46,629","5,541"
1994,New Brunswick,Pelagics,Eel,"80,387","331,005"
1994,New Brunswick,Pelagics,Elvers,0,0
1994,New Brunswick,Pelagics,Herring,"97,930,203","13,371,674"
1994,New Brunswick,Pelagics,Mackerel,"1,933,423","749,639"
1994,New Brunswick,Pelagics,Other pelagic/finfish,"961,393","1,168,479"
1994,New Brunswick,Pelagics,Salmon,0,0
1994,New Brunswick,Pelagics,Shark,"4,585","7,004"
1994,New Brunswick,Pelagics,Silversides,0,0
1994,New Brunswick,Pelagics,Swordfish,0,0
1994,New Brunswick,Pelagics,Total pelagics,"104,520,421","16,146,083"
1994,New Brunswick,Pelagics,Tuna,"1,249","26,436"
1994,New Brunswick,Other,Marine plants,"566,383","415,743"
1994,New Brunswick,Other,Miscellaneous,0,0
1994,New Brunswick,Other,Total other,"566,383","415,743"
1994,New Brunswick,Groundfish,Cod,"577,574","873,252"
1994,New Brunswick,Groundfish,Flatfishes,"706,964","736,271"
1994,New Brunswick,Groundfish,Greenland turbot,"7,749","8,859"
1994,New Brunswick,Groundfish,Haddock,"21,290","62,440"
1994,New Brunswick,Groundfish,Hake,"98,034","85,146"
1994,New Brunswick,Groundfish,Halibut,"8,843","55,790"
1994,New Brunswick,Groundfish,Other groundfish,"82,397","25,951"
1994,New Brunswick,Groundfish,Pollock,"434,174","431,635"
1994,New Brunswick,Groundfish,Redfish spp.,"1,208,218","294,071"
1994,New Brunswick,Groundfish,Skate,"1,174",331
1994,New Brunswick,Groundfish,Total groundfish,"3,146,417","2,573,746"
1994,New Brunswick,Grand total,Grand total,"141,666,749","173,840,976"
1994,Newfoundland and Labrador,Shellfish,Clams / quahaug,"12,999,004","16,941,167"
1994,Newfoundland and Labrador,Shellfish,"Crab, Other","1,755","1,935"
1994,Newfoundland and Labrador,Shellfish,"Crab, Queen","27,954,580","87,286,905"
1994,Newfoundland and Labrador,Shellfish,Lobster,"2,639,066","20,768,849"
1994,Newfoundland and Labrador,Shellfish,Other shellfish,"2,000,921","794,412"
1994,Newfoundland and Labrador,Shellfish,Scallop,"7,467,431","12,710,318"
1994,Newfoundland and Labrador,Shellfish,Sea cucumber,25,22
1994,Newfoundland and Labrador,Shellfish,Sea urchin,"96,659","91,154"
1994,Newfoundland and Labrador,Shellfish,Shrimp,"25,728,466","59,020,629"
1994,Newfoundland and Labrador,Shellfish,Total shellfish,"78,887,907","197,615,391"
1994,Newfoundland and Labrador,Pelagics,Alewife,0,0
1994,Newfoundland and Labrador,Pelagics,Capelin,"1,908,652","528,778"
1994,Newfoundland and Labrador,Pelagics,Eel,"110,903","468,833"
1994,Newfoundland and Labrador,Pelagics,Elvers,0,0
1994,Newfoundland and Labrador,Pelagics,Herring,"17,886,960","3,030,627"
1994,Newfoundland and Labrador,Pelagics,Mackerel,"2,799,870","599,634"
1994,Newfoundland and Labrador,Pelagics,Other pelagic/finfish,"219,227","151,779"
1994,Newfoundland and Labrador,Pelagics,Salmon,"93,148","480,628"
1994,Newfoundland and Labrador,Pelagics,Shark,"23,836","22,150"
1994,Newfoundland and Labrador,Pelagics,Silversides,0,0
1994,Newfoundland and Labrador,Pelagics,Swordfish,"132,614","975,538"
1994,Newfoundland and Labrador,Pelagics,Total pelagics,"23,182,341","6,310,511"
1994,Newfoundland and Labrador,Pelagics,Tuna,"7,131","52,544"
1994,Newfoundland and Labrador,Other,Marine plants,0,0
1994,Newfoundland and Labrador,Other,Miscellaneous,"1,032,388","826,478"
1994,Newfoundland and Labrador,Other,Total other,"1,032,388","826,478"
1994,Newfoundland and Labrador,Groundfish,Cod,"2,315,195","1,632,900"
1994,Newfoundland and Labrador,Groundfish,Flatfishes,"2,618,599","1,679,773"
1994,Newfoundland and Labrador,Groundfish,Greenland turbot,"7,279,638","8,203,629"
1994,Newfoundland and Labrador,Groundfish,Haddock,"21,779","15,466"
1994,Newfoundland and Labrador,Groundfish,Hake,"536,322","238,596"
1994,Newfoundland and Labrador,Groundfish,Halibut,"63,704","285,937"
1994,Newfoundland and Labrador,Groundfish,Other groundfish,"2,764,399","8,825,288"
1994,Newfoundland and Labrador,Groundfish,Pollock,"219,239","76,562"
1994,Newfoundland and Labrador,Groundfish,Redfish spp.,"17,515,431","5,351,300"
1994,Newfoundland and Labrador,Groundfish,Skate,"3,629,716","1,139,519"
1994,Newfoundland and Labrador,Groundfish,Total groundfish,"36,964,022","27,448,970"
1994,Newfoundland and Labrador,Grand total,Grand total,"140,066,658","232,201,350"
1994,Nova Scotia,Shellfish,Clams / quahaug,"9,700,034","10,910,106"
1994,Nova Scotia,Shellfish,"Crab, Other","1,296,874","1,190,408"
1994,Nova Scotia,Shellfish,"Crab, Queen","4,329,474","32,959,277"
1994,Nova Scotia,Shellfish,Lobster,"19,450,859","183,109,747"
1994,Nova Scotia,Shellfish,Other shellfish,"3,994,790","2,469,179"
1994,Nova Scotia,Shellfish,Scallop,"75,769,040","110,568,041"
1994,Nova Scotia,Shellfish,Sea cucumber,0,0
1994,Nova Scotia,Shellfish,Sea urchin,"787,770","1,670,887"
1994,Nova Scotia,Shellfish,Shrimp,"9,608,665","22,132,441"
1994,Nova Scotia,Shellfish,Total shellfish,"124,937,506","365,010,085"
1994,Nova Scotia,Pelagics,Alewife,"1,726,331","866,056"
1994,Nova Scotia,Pelagics,Capelin,0,0
1994,Nova Scotia,Pelagics,Eel,"141,901","548,332"
1994,Nova Scotia,Pelagics,Elvers,0,0
1994,Nova Scotia,Pelagics,Herring,"76,970,231","8,745,239"
1994,Nova Scotia,Pelagics,Mackerel,"8,053,182","2,912,005"
1994,Nova Scotia,Pelagics,Other pelagic/finfish,"483,183","239,756"
1994,Nova Scotia,Pelagics,Salmon,0,0
1994,Nova Scotia,Pelagics,Shark,"1,913,635","3,985,749"
1994,Nova Scotia,Pelagics,Silversides,0,0
1994,Nova Scotia,Pelagics,Swordfish,"1,542,419","13,074,155"
1994,Nova Scotia,Pelagics,Total pelagics,"91,423,030","39,913,007"
1994,Nova Scotia,Pelagics,Tuna,"592,148","9,541,715"
1994,Nova Scotia,Other,Marine plants,"21,142,795","1,454,625"
1994,Nova Scotia,Other,Miscellaneous,"1,122","803,757"
1994,Nova Scotia,Other,Total other,"21,143,917","2,258,382"
1994,Nova Scotia,Groundfish,Cod,"19,016,454","26,319,517"
1994,Nova Scotia,Groundfish,Flatfishes,"10,702,798","14,726,613"
1994,Nova Scotia,Groundfish,Greenland turbot,"599,411","1,332,077"
1994,Nova Scotia,Groundfish,Haddock,"6,912,103","13,888,052"
1994,Nova Scotia,Groundfish,Hake,"13,706,641","8,499,809"
1994,Nova Scotia,Groundfish,Halibut,"1,030,731","6,731,923"
1994,Nova Scotia,Groundfish,Other groundfish,"5,664,207","3,716,927"
1994,Nova Scotia,Groundfish,Pollock,"14,930,390","10,381,322"
1994,Nova Scotia,Groundfish,Redfish spp.,"27,391,745","8,968,930"
1994,Nova Scotia,Groundfish,Skate,"2,733,488","1,138,048"
1994,Nova Scotia,Groundfish,Total groundfish,"102,687,968","95,703,218"
1994,Nova Scotia,Grand total,Grand total,"340,192,421","502,884,692"
1994,Prince Edward Island,Shellfish,Clams / quahaug,"1,483,407","2,372,422"
1994,Prince Edward Island,Shellfish,"Crab, Other","1,925,621","893,445"
1994,Prince Edward Island,Shellfish,"Crab, Queen","1,077,964","5,021,192"
1994,Prince Edward Island,Shellfish,Lobster,"8,572,356","65,422,995"
1994,Prince Edward Island,Shellfish,Other shellfish,"2,046,049","3,277,673"
1994,Prince Edward Island,Shellfish,Scallop,"1,386,786","3,026,318"
1994,Prince Edward Island,Shellfish,Sea cucumber,0,0
1994,Prince Edward Island,Shellfish,Sea urchin,0,0
1994,Prince Edward Island,Shellfish,Shrimp,0,0
1994,Prince Edward Island,Shellfish,Total shellfish,"16,492,183","80,014,045"
1994,Prince Edward Island,Pelagics,Alewife,"115,082","36,149"
1994,Prince Edward Island,Pelagics,Capelin,0,0
1994,Prince Edward Island,Pelagics,Eel,"46,154","220,056"
1994,Prince Edward Island,Pelagics,Elvers,0,0
1994,Prince Edward Island,Pelagics,Herring,"8,908,579","1,384,929"
1994,Prince Edward Island,Pelagics,Mackerel,"4,501,142","1,796,785"
1994,Prince Edward Island,Pelagics,Other pelagic/finfish,"255,837","373,750"
1994,Prince Edward Island,Pelagics,Salmon,0,0
1994,Prince Edward Island,Pelagics,Shark,"2,491","2,218"
1994,Prince Edward Island,Pelagics,Silversides,"543,170","207,621"
1994,Prince Edward Island,Pelagics,Swordfish,0,0
1994,Prince Edward Island,Pelagics,Total pelagics,"14,377,147","4,096,350"
1994,Prince Edward Island,Pelagics,Tuna,"4,692","74,842"
1994,Prince Edward Island,Other,Marine plants,"8,505,816","1,503,580"
1994,Prince Edward Island,Other,Miscellaneous,0,0
1994,Prince Edward Island,Other,Total other,"8,505,816","1,503,580"
1994,Prince Edward Island,Groundfish,Cod,"474,559","408,277"
1994,Prince Edward Island,Groundfish,Flatfishes,"794,426","617,315"
1994,Prince Edward Island,Groundfish,Greenland turbot,0,0
1994,Prince Edward Island,Groundfish,Haddock,0,0
1994,Prince Edward Island,Groundfish,Hake,"266,612","177,390"
1994,Prince Edward Island,Groundfish,Halibut,16,84
1994,Prince Edward Island,Groundfish,Other groundfish,"852,568","205,912"
1994,Prince Edward Island,Groundfish,Pollock,107,69
1994,Prince Edward Island,Groundfish,Redfish spp.,24,10
1994,Prince Edward Island,Groundfish,Skate,"13,863","5,154"
1994,Prince Edward Island,Groundfish,Total groundfish,"2,402,175","1,414,211"
1994,Prince Edward Island,Grand total,Grand total,"41,777,321","87,028,185"
1994,Quebec,Shellfish,Clams / quahaug,"916,465","766,461"
1994,Quebec,Shellfish,"Crab, Other","105,554","34,910"
1994,Quebec,Shellfish,"Crab, Queen","14,659,879","72,452,164"
1994,Quebec,Shellfish,Lobster,"3,151,494","25,491,341"
1994,Quebec,Shellfish,Other shellfish,"570,530","307,838"
1994,Quebec,Shellfish,Scallop,"2,453,089","4,424,344"
1994,Quebec,Shellfish,Sea cucumber,0,0
1994,Quebec,Shellfish,Sea urchin,"13,608","18,000"
1994,Quebec,Shellfish,Shrimp,"10,357,336","14,318,895"
1994,Quebec,Shellfish,Total shellfish,"32,227,955","117,813,953"
1994,Quebec,Pelagics,Alewife,0,0
1994,Quebec,Pelagics,Capelin,"327,359","44,092"
1994,Quebec,Pelagics,Eel,"250,641","1,283,771"
1994,Quebec,Pelagics,Elvers,0,0
1994,Quebec,Pelagics,Herring,"5,448,470","1,194,319"
1994,Quebec,Pelagics,Mackerel,"3,545,850","1,021,534"
1994,Quebec,Pelagics,Other pelagic/finfish,"362,357","576,529"
1994,Quebec,Pelagics,Salmon,"43,063","204,409"
1994,Quebec,Pelagics,Shark,"4,448","4,497"
1994,Quebec,Pelagics,Silversides,0,0
1994,Quebec,Pelagics,Swordfish,0,0
1994,Quebec,Pelagics,Total pelagics,"9,982,188","4,329,151"
1994,Quebec,Pelagics,Tuna,0,0
1994,Quebec,Other,Marine plants,440,553
1994,Quebec,Other,Miscellaneous,301,782
1994,Quebec,Other,Total other,741,"1,335"
1994,Quebec,Groundfish,Cod,"364,238","387,400"
1994,Quebec,Groundfish,Flatfishes,"376,128","323,411"
1994,Quebec,Groundfish,Greenland turbot,"3,151,963","4,880,894"
1994,Quebec,Groundfish,Haddock,32,23
1994,Quebec,Groundfish,Hake,"120,412","71,318"
1994,Quebec,Groundfish,Halibut,"160,807","878,075"
1994,Quebec,Groundfish,Other groundfish,"162,627","85,611"
1994,Quebec,Groundfish,Pollock,"12,195","3,248"
1994,Quebec,Groundfish,Redfish spp.,"4,672,580","1,245,338"
1994,Quebec,Groundfish,Skate,"14,771","6,098"
1994,Quebec,Groundfish,Total groundfish,"9,035,753","7,881,416"
1994,Quebec,Grand total,Grand total,"51,246,637","130,025,856"
1995,Atlantic,Shellfish,Clams / quahaug,"30,548,406","37,185,636"
1995,Atlantic,Shellfish,"Crab, Other","7,917,164","6,732,728"
1995,Atlantic,Shellfish,"Crab, Queen","65,344,228","431,022,708"
1995,Atlantic,Shellfish,Lobster,"41,254,853","419,548,403"
1995,Atlantic,Shellfish,Other shellfish,"5,233,756","6,553,615"
1995,Atlantic,Shellfish,Scallop,"68,700,671","103,381,849"
1995,Atlantic,Shellfish,Sea cucumber,945,"2,123"
1995,Atlantic,Shellfish,Sea urchin,"3,166,841","7,520,367"
1995,Atlantic,Shellfish,Shrimp,"54,581,548","136,483,375"
1995,Atlantic,Shellfish,Total shellfish,"276,748,412","1,148,430,804"
1995,Atlantic,Pelagics,Alewife,"5,402,261","1,254,266"
1995,Atlantic,Pelagics,Capelin,"297,432","69,300"
1995,Atlantic,Pelagics,Eel,"534,729","3,926,079"
1995,Atlantic,Pelagics,Elvers,0,0
1995,Atlantic,Pelagics,Herring,"193,702,713","34,064,006"
1995,Atlantic,Pelagics,Mackerel,"18,311,734","6,875,819"
1995,Atlantic,Pelagics,Other pelagic/finfish,"1,823,654","2,221,482"
1995,Atlantic,Pelagics,Salmon,"102,377","587,153"
1995,Atlantic,Pelagics,Shark,"1,687,431","3,417,183"
1995,Atlantic,Pelagics,Silversides,"222,737","72,134"
1995,Atlantic,Pelagics,Swordfish,"1,610,266","13,603,258"
1995,Atlantic,Pelagics,Total pelagics,"224,611,370","83,091,224"
1995,Atlantic,Pelagics,Tuna,"916,036","17,000,545"
1995,Atlantic,Other,Marine plants,"26,673,526","3,108,882"
1995,Atlantic,Other,Miscellaneous,"1,193,321","1,341,680"
1995,Atlantic,Other,Total other,"27,866,847","4,450,562"
1995,Atlantic,Groundfish,Cod,"12,512,155","18,143,235"
1995,Atlantic,Groundfish,Flatfishes,"10,831,827","15,007,169"
1995,Atlantic,Groundfish,Greenland turbot,"11,338,766","18,322,940"
1995,Atlantic,Groundfish,Haddock,"7,932,608","15,039,175"
1995,Atlantic,Groundfish,Hake,"21,580,047","14,954,824"
1995,Atlantic,Groundfish,Halibut,"894,898","6,599,973"
1995,Atlantic,Groundfish,Other groundfish,"7,856,115","13,259,419"
1995,Atlantic,Groundfish,Pollock,"10,221,685","9,312,484"
1995,Atlantic,Groundfish,Redfish spp.,"17,954,925","8,103,772"
1995,Atlantic,Groundfish,Skate,"6,249,136","2,518,993"
1995,Atlantic,Groundfish,Total groundfish,"107,372,162","121,261,984"
1995,Atlantic,Grand total,Grand total,"636,598,791","1,357,234,573"
1995,British Columbia,Shellfish,Clams / quahaug,"3,784,746","46,721,633"
1995,British Columbia,Shellfish,"Crab, Other","4,746,650","24,283,319"
1995,British Columbia,Shellfish,"Crab, Queen",0,0
1995,British Columbia,Shellfish,Lobster,0,0
1995,British Columbia,Shellfish,Other shellfish,"1,342,085","1,852,537"
1995,British Columbia,Shellfish,Scallop,"96,070","478,142"
1995,British Columbia,Shellfish,Sea cucumber,0,0
1995,British Columbia,Shellfish,Sea urchin,"6,666,445","12,623,519"
1995,British Columbia,Shellfish,Shrimp,"8,557,089","32,512,882"
1995,British Columbia,Shellfish,Total shellfish,"25,193,085","118,472,032"
1995,British Columbia,Pelagics,Alewife,0,0
1995,British Columbia,Pelagics,Capelin,0,0
1995,British Columbia,Pelagics,Eel,0,0
1995,British Columbia,Pelagics,Elvers,0,0
1995,British Columbia,Pelagics,Herring,"26,775,877","71,183,564"
1995,British Columbia,Pelagics,Mackerel,"56,084","11,191"
1995,British Columbia,Pelagics,Other pelagic/finfish,"83,867","159,587"
1995,British Columbia,Pelagics,Salmon,"48,793,277","85,697,401"
1995,British Columbia,Pelagics,Shark,0,0
1995,British Columbia,Pelagics,Silversides,0,0
1995,British Columbia,Pelagics,Swordfish,0,0
1995,British Columbia,Pelagics,Total pelagics,"76,501,365","158,722,483"
1995,British Columbia,Pelagics,Tuna,"792,260","1,670,740"
1995,British Columbia,Other,Marine plants,0,0
1995,British Columbia,Other,Miscellaneous,"291,818","22,531,640"
1995,British Columbia,Other,Total other,"291,818","22,531,640"
1995,British Columbia,Groundfish,Cod,"2,172,465","2,179,145"
1995,British Columbia,Groundfish,Flatfishes,"8,038,203","8,058,195"
1995,British Columbia,Groundfish,Greenland turbot,"2,730,036","639,685"
1995,British Columbia,Groundfish,Haddock,0,0
1995,British Columbia,Groundfish,Hake,"59,318,812","9,103,412"
1995,British Columbia,Groundfish,Halibut,"5,213,869","34,105,871"
1995,British Columbia,Groundfish,Other groundfish,"11,108,839","38,010,366"
1995,British Columbia,Groundfish,Pollock,"3,294,607","1,368,042"
1995,British Columbia,Groundfish,Redfish spp.,"21,668,951","25,117,375"
1995,British Columbia,Groundfish,Skate,"982,008","239,486"
1995,British Columbia,Groundfish,Total groundfish,"114,527,790","118,821,577"
1995,British Columbia,Grand total,Grand total,"216,514,058","418,547,732"
1995,Canada,Shellfish,Clams / quahaug,"34,333,152","83,907,269"
1995,Canada,Shellfish,"Crab, Other","12,663,814","31,016,047"
1995,Canada,Shellfish,"Crab, Queen","65,344,228","431,022,708"
1995,Canada,Shellfish,Lobster,"41,254,853","419,548,403"
1995,Canada,Shellfish,Other shellfish,"6,575,841","8,406,152"
1995,Canada,Shellfish,Scallop,"68,796,741","103,859,991"
1995,Canada,Shellfish,Sea cucumber,945,"2,123"
1995,Canada,Shellfish,Sea urchin,"9,833,286","20,143,886"
1995,Canada,Shellfish,Shrimp,"63,138,637","168,996,257"
1995,Canada,Shellfish,Total shellfish,"301,941,497","1,266,902,836"
1995,Canada,Pelagics,Alewife,"5,402,261","1,254,266"
1995,Canada,Pelagics,Capelin,"297,432","69,300"
1995,Canada,Pelagics,Eel,"534,729","3,926,079"
1995,Canada,Pelagics,Elvers,0,0
1995,Canada,Pelagics,Herring,"220,478,590","105,247,570"
1995,Canada,Pelagics,Mackerel,"18,367,818","6,887,010"
1995,Canada,Pelagics,Other pelagic/finfish,"1,907,521","2,381,070"
1995,Canada,Pelagics,Salmon,"48,895,654","86,284,554"
1995,Canada,Pelagics,Shark,"1,687,431","3,417,183"
1995,Canada,Pelagics,Silversides,"222,737","72,134"
1995,Canada,Pelagics,Swordfish,"1,610,266","13,603,258"
1995,Canada,Pelagics,Total pelagics,"301,112,735","241,813,707"
1995,Canada,Pelagics,Tuna,"1,708,296","18,671,285"
1995,Canada,Other,Marine plants,"26,673,526","3,108,882"
1995,Canada,Other,Miscellaneous,"1,485,139","23,873,320"
1995,Canada,Other,Total other,"28,158,665","26,982,202"
1995,Canada,Groundfish,Cod,"14,684,620","20,322,380"
1995,Canada,Groundfish,Flatfishes,"18,870,030","23,065,364"
1995,Canada,Groundfish,Greenland turbot,"14,068,802","18,962,625"
1995,Canada,Groundfish,Haddock,"7,932,608","15,039,175"
1995,Canada,Groundfish,Hake,"80,898,859","24,058,236"
1995,Canada,Groundfish,Halibut,"6,108,767","40,705,844"
1995,Canada,Groundfish,Other groundfish,"18,964,954","51,269,785"
1995,Canada,Groundfish,Pollock,"13,516,292","10,680,526"
1995,Canada,Groundfish,Redfish spp.,"39,623,876","33,221,147"
1995,Canada,Groundfish,Skate,"7,231,144","2,758,479"
1995,Canada,Groundfish,Total groundfish,"221,899,952","240,083,561"
1995,Canada,Grand total,Grand total,"853,112,849","1,775,782,305"
1995,New Brunswick,Shellfish,Clams / quahaug,"2,105,198","4,046,419"
1995,New Brunswick,Shellfish,"Crab, Other","1,811,804","1,152,062"
1995,New Brunswick,Shellfish,"Crab, Queen","11,721,609","93,693,527"
1995,New Brunswick,Shellfish,Lobster,"7,743,926","69,179,306"
1995,New Brunswick,Shellfish,Other shellfish,"950,028","1,683,407"
1995,New Brunswick,Shellfish,Scallop,"4,008,065","8,205,705"
1995,New Brunswick,Shellfish,Sea cucumber,0,0
1995,New Brunswick,Shellfish,Sea urchin,"1,620,701","3,124,523"
1995,New Brunswick,Shellfish,Shrimp,"3,381,092","4,762,882"
1995,New Brunswick,Shellfish,Total shellfish,"33,342,423","185,847,831"
1995,New Brunswick,Pelagics,Alewife,"3,407,837","538,126"
1995,New Brunswick,Pelagics,Capelin,0,0
1995,New Brunswick,Pelagics,Eel,"76,809","520,581"
1995,New Brunswick,Pelagics,Elvers,0,0
1995,New Brunswick,Pelagics,Herring,"89,912,646","16,786,433"
1995,New Brunswick,Pelagics,Mackerel,"2,206,506","807,377"
1995,New Brunswick,Pelagics,Other pelagic/finfish,"811,881","1,018,534"
1995,New Brunswick,Pelagics,Salmon,0,0
1995,New Brunswick,Pelagics,Shark,"3,881","6,446"
1995,New Brunswick,Pelagics,Silversides,0,0
1995,New Brunswick,Pelagics,Swordfish,0,0
1995,New Brunswick,Pelagics,Total pelagics,"96,419,560","19,677,498"
1995,New Brunswick,Pelagics,Tuna,0,0
1995,New Brunswick,Other,Marine plants,"1,256,597","344,081"
1995,New Brunswick,Other,Miscellaneous,0,0
1995,New Brunswick,Other,Total other,"1,256,597","344,081"
1995,New Brunswick,Groundfish,Cod,"650,321","821,388"
1995,New Brunswick,Groundfish,Flatfishes,"480,794","547,343"
1995,New Brunswick,Groundfish,Greenland turbot,"17,736","24,801"
1995,New Brunswick,Groundfish,Haddock,"17,684","42,958"
1995,New Brunswick,Groundfish,Hake,"39,579","50,353"
1995,New Brunswick,Groundfish,Halibut,"1,666","11,028"
1995,New Brunswick,Groundfish,Other groundfish,"105,916","48,103"
1995,New Brunswick,Groundfish,Pollock,"237,331","334,230"
1995,New Brunswick,Groundfish,Redfish spp.,"10,822","2,960"
1995,New Brunswick,Groundfish,Skate,"1,493",823
1995,New Brunswick,Groundfish,Total groundfish,"1,563,342","1,883,987"
1995,New Brunswick,Grand total,Grand total,"132,581,922","207,753,398"
1995,Newfoundland and Labrador,Shellfish,Clams / quahaug,"16,121,132","18,941,869"
1995,Newfoundland and Labrador,Shellfish,"Crab, Other","1,176,918","1,230,870"
1995,Newfoundland and Labrador,Shellfish,"Crab, Queen","32,343,400","176,217,808"
1995,Newfoundland and Labrador,Shellfish,Lobster,"2,544,363","24,600,714"
1995,Newfoundland and Labrador,Shellfish,Other shellfish,"213,799","97,988"
1995,Newfoundland and Labrador,Shellfish,Scallop,"10,368,843","14,278,137"
1995,Newfoundland and Labrador,Shellfish,Sea cucumber,11,5
1995,Newfoundland and Labrador,Shellfish,Sea urchin,"282,984","340,426"
1995,Newfoundland and Labrador,Shellfish,Shrimp,"29,156,749","79,283,237"
1995,Newfoundland and Labrador,Shellfish,Total shellfish,"92,208,199","314,991,054"
1995,Newfoundland and Labrador,Pelagics,Alewife,0,0
1995,Newfoundland and Labrador,Pelagics,Capelin,"160,329","52,166"
1995,Newfoundland and Labrador,Pelagics,Eel,"86,810","431,119"
1995,Newfoundland and Labrador,Pelagics,Elvers,0,0
1995,Newfoundland and Labrador,Pelagics,Herring,"21,393,951","3,361,987"
1995,Newfoundland and Labrador,Pelagics,Mackerel,"2,973,894","653,201"
1995,Newfoundland and Labrador,Pelagics,Other pelagic/finfish,"133,933","112,517"
1995,Newfoundland and Labrador,Pelagics,Salmon,"60,588","351,398"
1995,Newfoundland and Labrador,Pelagics,Shark,"117,454","270,943"
1995,Newfoundland and Labrador,Pelagics,Silversides,0,0
1995,Newfoundland and Labrador,Pelagics,Swordfish,"68,325","584,545"
1995,Newfoundland and Labrador,Pelagics,Total pelagics,"25,006,500","5,963,667"
1995,Newfoundland and Labrador,Pelagics,Tuna,"11,216","145,791"
1995,Newfoundland and Labrador,Other,Marine plants,0,0
1995,Newfoundland and Labrador,Other,Miscellaneous,"1,170,031","659,567"
1995,Newfoundland and Labrador,Other,Total other,"1,170,031","659,567"
1995,Newfoundland and Labrador,Groundfish,Cod,"934,140","916,849"
1995,Newfoundland and Labrador,Groundfish,Flatfishes,"1,774,850","1,354,383"
1995,Newfoundland and Labrador,Groundfish,Greenland turbot,"7,636,094","11,696,182"
1995,Newfoundland and Labrador,Groundfish,Haddock,"74,122","91,548"
1995,Newfoundland and Labrador,Groundfish,Hake,"593,781","583,014"
1995,Newfoundland and Labrador,Groundfish,Halibut,"132,651","767,195"
1995,Newfoundland and Labrador,Groundfish,Other groundfish,"1,809,635","8,466,034"
1995,Newfoundland and Labrador,Groundfish,Pollock,"351,271","291,533"
1995,Newfoundland and Labrador,Groundfish,Redfish spp.,"5,647,040","1,955,613"
1995,Newfoundland and Labrador,Groundfish,Skate,"4,419,276","1,578,128"
1995,Newfoundland and Labrador,Groundfish,Total groundfish,"23,372,860","27,700,479"
1995,Newfoundland and Labrador,Grand total,Grand total,"141,757,590","349,314,767"
1995,Nova Scotia,Shellfish,Clams / quahaug,"9,799,718","10,407,530"
1995,Nova Scotia,Shellfish,"Crab, Other","1,815,020","2,538,508"
1995,Nova Scotia,Shellfish,"Crab, Queen","4,801,689","38,784,055"
1995,Nova Scotia,Shellfish,Lobster,"18,951,892","210,762,265"
1995,Nova Scotia,Shellfish,Other shellfish,"1,477,434","973,201"
1995,Nova Scotia,Shellfish,Scallop,"50,397,325","74,158,200"
1995,Nova Scotia,Shellfish,Sea cucumber,934,"2,118"
1995,Nova Scotia,Shellfish,Sea urchin,"1,141,424","3,822,230"
1995,Nova Scotia,Shellfish,Shrimp,"11,973,566","35,190,107"
1995,Nova Scotia,Shellfish,Total shellfish,"100,359,002","376,638,215"
1995,Nova Scotia,Pelagics,Alewife,"1,935,687","697,069"
1995,Nova Scotia,Pelagics,Capelin,0,0
1995,Nova Scotia,Pelagics,Eel,"134,543","1,440,419"
1995,Nova Scotia,Pelagics,Elvers,0,0
1995,Nova Scotia,Pelagics,Herring,"64,046,451","10,457,095"
1995,Nova Scotia,Pelagics,Mackerel,"6,699,317","2,942,146"
1995,Nova Scotia,Pelagics,Other pelagic/finfish,"419,939","345,239"
1995,Nova Scotia,Pelagics,Salmon,0,0
1995,Nova Scotia,Pelagics,Shark,"1,563,760","3,137,564"
1995,Nova Scotia,Pelagics,Silversides,46,26
1995,Nova Scotia,Pelagics,Swordfish,"1,541,941","13,018,713"
1995,Nova Scotia,Pelagics,Total pelagics,"77,219,437","48,331,835"
1995,Nova Scotia,Pelagics,Tuna,"877,753","16,293,565"
1995,Nova Scotia,Other,Marine plants,"15,768,110","1,037,238"
1995,Nova Scotia,Other,Miscellaneous,19,"661,505"
1995,Nova Scotia,Other,Total other,"15,768,129","1,698,744"
1995,Nova Scotia,Groundfish,Cod,"10,329,750","15,653,693"
1995,Nova Scotia,Groundfish,Flatfishes,"7,318,619","11,978,640"
1995,Nova Scotia,Groundfish,Greenland turbot,"1,596,396","3,037,962"
1995,Nova Scotia,Groundfish,Haddock,"7,840,696","14,904,563"
1995,Nova Scotia,Groundfish,Hake,"20,915,233","14,300,949"
1995,Nova Scotia,Groundfish,Halibut,"674,962","5,269,585"
1995,Nova Scotia,Groundfish,Other groundfish,"5,359,608","4,583,820"
1995,Nova Scotia,Groundfish,Pollock,"9,632,899","8,686,602"
1995,Nova Scotia,Groundfish,Redfish spp.,"12,282,040","6,138,016"
1995,Nova Scotia,Groundfish,Skate,"1,796,848","930,253"
1995,Nova Scotia,Groundfish,Total groundfish,"77,747,051","85,484,083"
1995,Nova Scotia,Grand total,Grand total,"271,093,619","512,152,876"
1995,Prince Edward Island,Shellfish,Clams / quahaug,"1,146,257","2,044,321"
1995,Prince Edward Island,Shellfish,"Crab, Other","2,274,922","1,374,483"
1995,Prince Edward Island,Shellfish,"Crab, Queen","1,760,281","14,342,906"
1995,Prince Edward Island,Shellfish,Lobster,"8,603,466","79,656,425"
1995,Prince Edward Island,Shellfish,Other shellfish,"1,626,574","3,097,521"
1995,Prince Edward Island,Shellfish,Scallop,"1,429,066","2,795,478"
1995,Prince Edward Island,Shellfish,Sea cucumber,0,0
1995,Prince Edward Island,Shellfish,Sea urchin,33,0
1995,Prince Edward Island,Shellfish,Shrimp,0,0
1995,Prince Edward Island,Shellfish,Total shellfish,"16,840,599","103,311,134"
1995,Prince Edward Island,Pelagics,Alewife,"58,737","19,070"
1995,Prince Edward Island,Pelagics,Capelin,0,0
1995,Prince Edward Island,Pelagics,Eel,"34,564","202,556"
1995,Prince Edward Island,Pelagics,Elvers,0,0
1995,Prince Edward Island,Pelagics,Herring,"11,923,919","2,157,008"
1995,Prince Edward Island,Pelagics,Mackerel,"3,049,730","1,431,452"
1995,Prince Edward Island,Pelagics,Other pelagic/finfish,"289,221","380,074"
1995,Prince Edward Island,Pelagics,Salmon,0,0
1995,Prince Edward Island,Pelagics,Shark,"1,052",982
1995,Prince Edward Island,Pelagics,Silversides,"222,691","72,108"
1995,Prince Edward Island,Pelagics,Swordfish,0,0
1995,Prince Edward Island,Pelagics,Total pelagics,"15,606,981","4,824,439"
1995,Prince Edward Island,Pelagics,Tuna,"27,067","561,189"
1995,Prince Edward Island,Other,Marine plants,"9,648,819","1,727,562"
1995,Prince Edward Island,Other,Miscellaneous,0,0
1995,Prince Edward Island,Other,Total other,"9,648,819","1,727,562"
1995,Prince Edward Island,Groundfish,Cod,"109,766","95,530"
1995,Prince Edward Island,Groundfish,Flatfishes,"713,509","660,787"
1995,Prince Edward Island,Groundfish,Greenland turbot,0,0
1995,Prince Edward Island,Groundfish,Haddock,1,2
1995,Prince Edward Island,Groundfish,Hake,"22,007","14,889"
1995,Prince Edward Island,Groundfish,Halibut,92,683
1995,Prince Edward Island,Groundfish,Other groundfish,"424,083","96,030"
1995,Prince Edward Island,Groundfish,Pollock,0,0
1995,Prince Edward Island,Groundfish,Redfish spp.,0,0
1995,Prince Edward Island,Groundfish,Skate,"27,482","7,793"
1995,Prince Edward Island,Groundfish,Total groundfish,"1,296,940","875,713"
1995,Prince Edward Island,Grand total,Grand total,"43,393,339","110,738,849"
1995,Quebec,Shellfish,Clams / quahaug,"1,376,101","1,745,498"
1995,Quebec,Shellfish,"Crab, Other","838,500","436,805"
1995,Quebec,Shellfish,"Crab, Queen","14,717,249","107,984,412"
1995,Quebec,Shellfish,Lobster,"3,411,206","35,349,692"
1995,Quebec,Shellfish,Other shellfish,"965,921","701,498"
1995,Quebec,Shellfish,Scallop,"2,497,372","3,944,329"
1995,Quebec,Shellfish,Sea cucumber,0,0
1995,Quebec,Shellfish,Sea urchin,"121,699","233,188"
1995,Quebec,Shellfish,Shrimp,"10,070,141","17,247,148"
1995,Quebec,Shellfish,Total shellfish,"33,998,189","167,642,570"
1995,Quebec,Pelagics,Alewife,0,0
1995,Quebec,Pelagics,Capelin,"137,103","17,134"
1995,Quebec,Pelagics,Eel,"202,003","1,331,403"
1995,Quebec,Pelagics,Elvers,0,0
1995,Quebec,Pelagics,Herring,"6,425,746","1,301,483"
1995,Quebec,Pelagics,Mackerel,"3,382,287","1,041,643"
1995,Quebec,Pelagics,Other pelagic/finfish,"168,680","365,118"
1995,Quebec,Pelagics,Salmon,"41,789","235,755"
1995,Quebec,Pelagics,Shark,"1,284","1,248"
1995,Quebec,Pelagics,Silversides,0,0
1995,Quebec,Pelagics,Swordfish,0,0
1995,Quebec,Pelagics,Total pelagics,"10,358,892","4,293,784"
1995,Quebec,Pelagics,Tuna,0,0
1995,Quebec,Other,Marine plants,0,0
1995,Quebec,Other,Miscellaneous,"23,271","20,608"
1995,Quebec,Other,Total other,"23,271","20,608"
1995,Quebec,Groundfish,Cod,"488,178","655,775"
1995,Quebec,Groundfish,Flatfishes,"544,055","466,016"
1995,Quebec,Groundfish,Greenland turbot,"2,088,540","3,563,995"
1995,Quebec,Groundfish,Haddock,105,103
1995,Quebec,Groundfish,Hake,"9,447","5,620"
1995,Quebec,Groundfish,Halibut,"85,527","551,482"
1995,Quebec,Groundfish,Other groundfish,"156,873","65,432"
1995,Quebec,Groundfish,Pollock,184,118
1995,Quebec,Groundfish,Redfish spp.,"15,023","7,183"
1995,Quebec,Groundfish,Skate,"4,037","1,997"
1995,Quebec,Groundfish,Total groundfish,"3,391,969","5,317,721"
1995,Quebec,Grand total,Grand total,"47,772,321","177,274,683"
1996,Atlantic,Shellfish,Clams / quahaug,"30,616,065","33,205,878"
1996,Atlantic,Shellfish,"Crab, Other","5,873,357","4,590,627"
1996,Atlantic,Shellfish,"Crab, Queen","65,814,750","243,713,081"
1996,Atlantic,Shellfish,Lobster,"39,933,654","385,476,325"
1996,Atlantic,Shellfish,Other shellfish,"12,776,546","10,539,362"
1996,Atlantic,Shellfish,Scallop,"60,000,129","90,812,256"
1996,Atlantic,Shellfish,Sea cucumber,262,134
1996,Atlantic,Shellfish,Sea urchin,"3,799,868","8,528,004"
1996,Atlantic,Shellfish,Shrimp,"55,420,879","142,798,879"
1996,Atlantic,Shellfish,Total shellfish,"274,235,510","919,664,547"
1996,Atlantic,Pelagics,Alewife,"4,307,347","1,097,112"
1996,Atlantic,Pelagics,Capelin,"32,498,446","6,349,052"
1996,Atlantic,Pelagics,Eel,"485,054","4,375,863"
1996,Atlantic,Pelagics,Elvers,0,0
1996,Atlantic,Pelagics,Herring,"188,842,002","42,331,475"
1996,Atlantic,Pelagics,Mackerel,"21,027,374","9,691,395"
1996,Atlantic,Pelagics,Other pelagic/finfish,"1,588,404","1,744,225"
1996,Atlantic,Pelagics,Salmon,"81,989","485,600"
1996,Atlantic,Pelagics,Shark,"1,135,658","2,106,195"
1996,Atlantic,Pelagics,Silversides,"151,088","43,480"
1996,Atlantic,Pelagics,Swordfish,"741,279","6,418,324"
1996,Atlantic,Pelagics,Total pelagics,"251,780,254","89,273,689"
1996,Atlantic,Pelagics,Tuna,"921,613","14,630,968"
1996,Atlantic,Other,Marine plants,"24,332,305","2,392,543"
1996,Atlantic,Other,Miscellaneous,"7,547,497","5,955,589"
1996,Atlantic,Other,Total other,"31,879,802","8,348,132"
1996,Atlantic,Groundfish,Cod,"15,567,071","21,387,110"
1996,Atlantic,Groundfish,Flatfishes,"9,286,803","12,359,032"
1996,Atlantic,Groundfish,Greenland turbot,"14,635,550","24,449,540"
1996,Atlantic,Groundfish,Haddock,"10,309,774","16,435,356"
1996,Atlantic,Groundfish,Hake,"29,610,613","18,624,626"
1996,Atlantic,Groundfish,Halibut,"1,096,378","7,155,016"
1996,Atlantic,Groundfish,Other groundfish,"6,296,541","14,001,169"
1996,Atlantic,Groundfish,Pollock,"9,673,849","7,544,290"
1996,Atlantic,Groundfish,Redfish spp.,"21,404,236","8,433,873"
1996,Atlantic,Groundfish,Skate,"3,900,634","1,404,719"
1996,Atlantic,Groundfish,Total groundfish,"121,781,449","131,794,731"
1996,Atlantic,Grand total,Grand total,"679,677,015","1,149,081,099"
1996,British Columbia,Shellfish,Clams / quahaug,"3,283,483","40,124,617"
1996,British Columbia,Shellfish,"Crab, Other","5,085,518","24,194,650"
1996,British Columbia,Shellfish,"Crab, Queen",0,0
1996,British Columbia,Shellfish,Lobster,0,0
1996,British Columbia,Shellfish,Other shellfish,"1,370,252","2,474,627"
1996,British Columbia,Shellfish,Scallop,"113,623","555,963"
1996,British Columbia,Shellfish,Sea cucumber,0,0
1996,British Columbia,Shellfish,Sea urchin,"5,868,490","11,971,529"
1996,British Columbia,Shellfish,Shrimp,"9,387,384","38,692,187"
1996,British Columbia,Shellfish,Total shellfish,"25,108,749","118,013,573"
1996,British Columbia,Pelagics,Alewife,0,0
1996,British Columbia,Pelagics,Capelin,0,0
1996,British Columbia,Pelagics,Eel,0,0
1996,British Columbia,Pelagics,Elvers,0,0
1996,British Columbia,Pelagics,Herring,"22,726,137","77,372,187"
1996,British Columbia,Pelagics,Mackerel,"82,825","38,648"
1996,British Columbia,Pelagics,Other pelagic/finfish,"170,344","173,209"
1996,British Columbia,Pelagics,Salmon,"35,163,459","100,052,822"
1996,British Columbia,Pelagics,Shark,0,0
1996,British Columbia,Pelagics,Silversides,0,0
1996,British Columbia,Pelagics,Swordfish,0,0
1996,British Columbia,Pelagics,Total pelagics,"59,162,459","180,301,378"
1996,British Columbia,Pelagics,Tuna,"1,019,694","2,664,511"
1996,British Columbia,Other,Marine plants,0,0
1996,British Columbia,Other,Miscellaneous,"368,484","22,635,253"
1996,British Columbia,Other,Total other,"368,484","22,635,253"
1996,British Columbia,Groundfish,Cod,"903,432","967,286"
1996,British Columbia,Groundfish,Flatfishes,"5,241,902","5,095,690"
1996,British Columbia,Groundfish,Greenland turbot,"4,592,233","1,177,709"
1996,British Columbia,Groundfish,Haddock,0,0
1996,British Columbia,Groundfish,Hake,"99,813,000","10,817,000"
1996,British Columbia,Groundfish,Halibut,"5,700,000","33,775,000"
1996,British Columbia,Groundfish,Other groundfish,"10,478,357","33,695,125"
1996,British Columbia,Groundfish,Pollock,"2,150,158","964,618"
1996,British Columbia,Groundfish,Redfish spp.,"23,795,529","22,732,626"
1996,British Columbia,Groundfish,Skate,"1,101,789","320,929"
1996,British Columbia,Groundfish,Total groundfish,"153,776,402","109,545,984"
1996,British Columbia,Grand total,Grand total,"238,416,094","430,496,188"
1996,Canada,Shellfish,Clams / quahaug,"33,899,548","73,330,495"
1996,Canada,Shellfish,"Crab, Other","10,958,875","28,785,278"
1996,Canada,Shellfish,"Crab, Queen","65,814,750","243,713,081"
1996,Canada,Shellfish,Lobster,"39,933,654","385,476,325"
1996,Canada,Shellfish,Other shellfish,"14,146,798","13,013,989"
1996,Canada,Shellfish,Scallop,"60,113,752","91,368,219"
1996,Canada,Shellfish,Sea cucumber,262,134
1996,Canada,Shellfish,Sea urchin,"9,668,358","20,499,532"
1996,Canada,Shellfish,Shrimp,"64,808,263","181,491,066"
1996,Canada,Shellfish,Total shellfish,"299,344,259","1,037,678,120"
1996,Canada,Pelagics,Alewife,"4,307,347","1,097,112"
1996,Canada,Pelagics,Capelin,"32,498,446","6,349,052"
1996,Canada,Pelagics,Eel,"485,054","4,375,863"
1996,Canada,Pelagics,Elvers,0,0
1996,Canada,Pelagics,Herring,"211,568,139","119,703,662"
1996,Canada,Pelagics,Mackerel,"21,110,199","9,730,043"
1996,Canada,Pelagics,Other pelagic/finfish,"1,758,748","1,917,435"
1996,Canada,Pelagics,Salmon,"35,245,448","100,538,422"
1996,Canada,Pelagics,Shark,"1,135,658","2,106,195"
1996,Canada,Pelagics,Silversides,"151,088","43,480"
1996,Canada,Pelagics,Swordfish,"741,279","6,418,324"
1996,Canada,Pelagics,Total pelagics,"310,942,713","269,575,067"
1996,Canada,Pelagics,Tuna,"1,941,307","17,295,479"
1996,Canada,Other,Marine plants,"24,332,305","2,392,543"
1996,Canada,Other,Miscellaneous,"7,915,981","28,590,842"
1996,Canada,Other,Total other,"32,248,286","30,983,385"
1996,Canada,Groundfish,Cod,"16,470,503","22,354,396"
1996,Canada,Groundfish,Flatfishes,"14,528,705","17,454,722"
1996,Canada,Groundfish,Greenland turbot,"19,227,783","25,627,250"
1996,Canada,Groundfish,Haddock,"10,309,774","16,435,356"
1996,Canada,Groundfish,Hake,"129,423,613","29,441,626"
1996,Canada,Groundfish,Halibut,"6,796,378","40,930,016"
1996,Canada,Groundfish,Other groundfish,"16,774,898","47,696,294"
1996,Canada,Groundfish,Pollock,"11,824,007","8,508,908"
1996,Canada,Groundfish,Redfish spp.,"45,199,765","31,166,499"
1996,Canada,Groundfish,Skate,"5,002,423","1,725,648"
1996,Canada,Groundfish,Total groundfish,"275,557,851","241,340,715"
1996,Canada,Grand total,Grand total,"918,093,109","1,579,577,287"
1996,New Brunswick,Shellfish,Clams / quahaug,"919,675","1,629,315"
1996,New Brunswick,Shellfish,"Crab, Other","1,379,983","889,697"
1996,New Brunswick,Shellfish,"Crab, Queen","9,543,981","53,794,347"
1996,New Brunswick,Shellfish,Lobster,"7,637,110","61,843,350"
1996,New Brunswick,Shellfish,Other shellfish,"876,009","1,535,694"
1996,New Brunswick,Shellfish,Scallop,"2,988,019","6,284,779"
1996,New Brunswick,Shellfish,Sea cucumber,0,0
1996,New Brunswick,Shellfish,Sea urchin,"1,911,023","4,023,606"
1996,New Brunswick,Shellfish,Shrimp,"3,503,110","5,654,039"
1996,New Brunswick,Shellfish,Total shellfish,"28,758,910","135,654,827"
1996,New Brunswick,Pelagics,Alewife,"2,324,277","441,001"
1996,New Brunswick,Pelagics,Capelin,0,0
1996,New Brunswick,Pelagics,Eel,"85,041","628,104"
1996,New Brunswick,Pelagics,Elvers,0,0
1996,New Brunswick,Pelagics,Herring,"66,235,054","15,273,196"
1996,New Brunswick,Pelagics,Mackerel,"2,684,497","1,277,839"
1996,New Brunswick,Pelagics,Other pelagic/finfish,"751,319","809,594"
1996,New Brunswick,Pelagics,Salmon,0,0
1996,New Brunswick,Pelagics,Shark,"3,585","6,319"
1996,New Brunswick,Pelagics,Silversides,0,0
1996,New Brunswick,Pelagics,Swordfish,0,0
1996,New Brunswick,Pelagics,Total pelagics,"72,083,773","18,436,054"
1996,New Brunswick,Pelagics,Tuna,0,0
1996,New Brunswick,Other,Marine plants,"3,184,195","391,356"
1996,New Brunswick,Other,Miscellaneous,0,0
1996,New Brunswick,Other,Total other,"3,184,195","391,356"
1996,New Brunswick,Groundfish,Cod,"1,073,262","1,389,518"
1996,New Brunswick,Groundfish,Flatfishes,"519,040","563,574"
1996,New Brunswick,Groundfish,Greenland turbot,"23,344","45,567"
1996,New Brunswick,Groundfish,Haddock,"154,144","290,168"
1996,New Brunswick,Groundfish,Hake,"49,718","53,204"
1996,New Brunswick,Groundfish,Halibut,"7,788","52,796"
1996,New Brunswick,Groundfish,Other groundfish,"126,050","51,352"
1996,New Brunswick,Groundfish,Pollock,"293,677","323,592"
1996,New Brunswick,Groundfish,Redfish spp.,595,452
1996,New Brunswick,Groundfish,Skate,445,183
1996,New Brunswick,Groundfish,Total groundfish,"2,248,063","2,770,405"
1996,New Brunswick,Grand total,Grand total,"106,274,941","157,252,642"
1996,Newfoundland and Labrador,Shellfish,Clams / quahaug,"17,138,406","18,886,284"
1996,Newfoundland and Labrador,Shellfish,"Crab, Other","87,054","90,116"
1996,Newfoundland and Labrador,Shellfish,"Crab, Queen","37,970,191","96,832,082"
1996,Newfoundland and Labrador,Shellfish,Lobster,"2,379,032","21,278,358"
1996,Newfoundland and Labrador,Shellfish,Other shellfish,"8,478,428","4,328,239"
1996,Newfoundland and Labrador,Shellfish,Scallop,"12,191,450","18,166,489"
1996,Newfoundland and Labrador,Shellfish,Sea cucumber,139,66
1996,Newfoundland and Labrador,Shellfish,Sea urchin,"682,261","940,682"
1996,Newfoundland and Labrador,Shellfish,Shrimp,"29,070,026","83,944,764"
1996,Newfoundland and Labrador,Shellfish,Total shellfish,"107,996,987","244,467,079"
1996,Newfoundland and Labrador,Pelagics,Alewife,0,0
1996,Newfoundland and Labrador,Pelagics,Capelin,"31,840,509","6,272,762"
1996,Newfoundland and Labrador,Pelagics,Eel,"94,419","579,444"
1996,Newfoundland and Labrador,Pelagics,Elvers,0,0
1996,Newfoundland and Labrador,Pelagics,Herring,"17,289,036","2,909,770"
1996,Newfoundland and Labrador,Pelagics,Mackerel,"3,867,409","1,348,892"
1996,Newfoundland and Labrador,Pelagics,Other pelagic/finfish,"22,696","30,414"
1996,Newfoundland and Labrador,Pelagics,Salmon,"49,783","299,341"
1996,Newfoundland and Labrador,Pelagics,Shark,"17,492","24,185"
1996,Newfoundland and Labrador,Pelagics,Silversides,0,0
1996,Newfoundland and Labrador,Pelagics,Swordfish,"83,210","599,633"
1996,Newfoundland and Labrador,Pelagics,Total pelagics,"53,361,541","13,342,226"
1996,Newfoundland and Labrador,Pelagics,Tuna,"96,987","1,277,785"
1996,Newfoundland and Labrador,Other,Marine plants,907,200
1996,Newfoundland and Labrador,Other,Miscellaneous,"7,410,995","5,396,547"
1996,Newfoundland and Labrador,Other,Total other,"7,411,902","5,396,747"
1996,Newfoundland and Labrador,Groundfish,Cod,"1,173,089","1,121,266"
1996,Newfoundland and Labrador,Groundfish,Flatfishes,"1,335,157","1,058,902"
1996,Newfoundland and Labrador,Groundfish,Greenland turbot,"11,771,651","19,238,042"
1996,Newfoundland and Labrador,Groundfish,Haddock,"144,106","141,675"
1996,Newfoundland and Labrador,Groundfish,Hake,"368,283","240,176"
1996,Newfoundland and Labrador,Groundfish,Halibut,"196,688","1,036,209"
1996,Newfoundland and Labrador,Groundfish,Other groundfish,"2,007,145","10,247,107"
1996,Newfoundland and Labrador,Groundfish,Pollock,"372,359","222,771"
1996,Newfoundland and Labrador,Groundfish,Redfish spp.,"9,643,572","3,211,395"
1996,Newfoundland and Labrador,Groundfish,Skate,"1,777,434","664,307"
1996,Newfoundland and Labrador,Groundfish,Total groundfish,"28,789,484","37,181,848"
1996,Newfoundland and Labrador,Grand total,Grand total,"197,559,914","300,387,900"
1996,Nova Scotia,Shellfish,Clams / quahaug,"10,434,113","9,457,479"
1996,Nova Scotia,Shellfish,"Crab, Other","1,947,873","2,475,854"
1996,Nova Scotia,Shellfish,"Crab, Queen","4,040,062","27,545,339"
1996,Nova Scotia,Shellfish,Lobster,"18,261,449","204,044,621"
1996,Nova Scotia,Shellfish,Other shellfish,"755,686","962,633"
1996,Nova Scotia,Shellfish,Scallop,"40,304,971","58,091,649"
1996,Nova Scotia,Shellfish,Sea cucumber,0,0
1996,Nova Scotia,Shellfish,Sea urchin,"1,107,687","3,417,467"
1996,Nova Scotia,Shellfish,Shrimp,"10,918,699","30,911,039"
1996,Nova Scotia,Shellfish,Total shellfish,"87,770,540","336,906,081"
1996,Nova Scotia,Pelagics,Alewife,"1,913,483","628,347"
1996,Nova Scotia,Pelagics,Capelin,0,0
1996,Nova Scotia,Pelagics,Eel,"83,468","1,545,203"
1996,Nova Scotia,Pelagics,Elvers,0,0
1996,Nova Scotia,Pelagics,Herring,"79,305,912","16,516,964"
1996,Nova Scotia,Pelagics,Mackerel,"5,571,657","2,995,970"
1996,Nova Scotia,Pelagics,Other pelagic/finfish,"406,989","240,024"
1996,Nova Scotia,Pelagics,Salmon,0,0
1996,Nova Scotia,Pelagics,Shark,"1,107,654","2,070,486"
1996,Nova Scotia,Pelagics,Silversides,0,0
1996,Nova Scotia,Pelagics,Swordfish,"658,069","5,818,692"
1996,Nova Scotia,Pelagics,Total pelagics,"89,829,348","42,253,450"
1996,Nova Scotia,Pelagics,Tuna,"782,116","12,437,763"
1996,Nova Scotia,Other,Marine plants,"15,201,325","946,985"
1996,Nova Scotia,Other,Miscellaneous,0,"478,224"
1996,Nova Scotia,Other,Total other,"15,201,325","1,425,209"
1996,Nova Scotia,Groundfish,Cod,"12,706,738","18,209,650"
1996,Nova Scotia,Groundfish,Flatfishes,"6,309,579","9,820,732"
1996,Nova Scotia,Groundfish,Greenland turbot,"977,199","1,591,187"
1996,Nova Scotia,Groundfish,Haddock,"10,011,524","16,003,514"
1996,Nova Scotia,Groundfish,Hake,"29,145,886","18,299,792"
1996,Nova Scotia,Groundfish,Halibut,"760,978","5,292,937"
1996,Nova Scotia,Groundfish,Other groundfish,"3,810,037","3,513,987"
1996,Nova Scotia,Groundfish,Pollock,"9,007,813","6,997,927"
1996,Nova Scotia,Groundfish,Redfish spp.,"11,714,853","5,198,456"
1996,Nova Scotia,Groundfish,Skate,"2,090,217","731,374"
1996,Nova Scotia,Groundfish,Total groundfish,"86,534,824","85,659,557"
1996,Nova Scotia,Grand total,Grand total,"279,336,037","466,244,298"
1996,Prince Edward Island,Shellfish,Clams / quahaug,"1,248,173","2,278,691"
1996,Prince Edward Island,Shellfish,"Crab, Other","1,770,736","790,837"
1996,Prince Edward Island,Shellfish,"Crab, Queen","1,176,316","5,336,078"
1996,Prince Edward Island,Shellfish,Lobster,"8,154,109","64,974,689"
1996,Prince Edward Island,Shellfish,Other shellfish,"1,467,323","2,662,400"
1996,Prince Edward Island,Shellfish,Scallop,"2,020,695","4,353,087"
1996,Prince Edward Island,Shellfish,Sea cucumber,0,0
1996,Prince Edward Island,Shellfish,Sea urchin,0,0
1996,Prince Edward Island,Shellfish,Shrimp,0,0
1996,Prince Edward Island,Shellfish,Total shellfish,"15,837,352","80,395,783"
1996,Prince Edward Island,Pelagics,Alewife,"69,587","27,764"
1996,Prince Edward Island,Pelagics,Capelin,0,0
1996,Prince Edward Island,Pelagics,Eel,"35,728","224,179"
1996,Prince Edward Island,Pelagics,Elvers,0,0
1996,Prince Edward Island,Pelagics,Herring,"18,097,126","5,243,768"
1996,Prince Edward Island,Pelagics,Mackerel,"4,585,275","2,385,811"
1996,Prince Edward Island,Pelagics,Other pelagic/finfish,"153,985","185,709"
1996,Prince Edward Island,Pelagics,Salmon,0,0
1996,Prince Edward Island,Pelagics,Shark,"4,447","3,549"
1996,Prince Edward Island,Pelagics,Silversides,"151,088","43,480"
1996,Prince Edward Island,Pelagics,Swordfish,0,0
1996,Prince Edward Island,Pelagics,Total pelagics,"23,139,746","9,029,679"
1996,Prince Edward Island,Pelagics,Tuna,"42,510","915,419"
1996,Prince Edward Island,Other,Marine plants,"5,945,878","1,054,002"
1996,Prince Edward Island,Other,Miscellaneous,0,0
1996,Prince Edward Island,Other,Total other,"5,945,878","1,054,002"
1996,Prince Edward Island,Groundfish,Cod,"110,461","99,685"
1996,Prince Edward Island,Groundfish,Flatfishes,"601,878","516,966"
1996,Prince Edward Island,Groundfish,Greenland turbot,0,0
1996,Prince Edward Island,Groundfish,Haddock,0,0
1996,Prince Edward Island,Groundfish,Hake,"20,151","15,847"
1996,Prince Edward Island,Groundfish,Halibut,115,668
1996,Prince Edward Island,Groundfish,Other groundfish,"140,164","41,345"
1996,Prince Edward Island,Groundfish,Pollock,0,0
1996,Prince Edward Island,Groundfish,Redfish spp.,0,0
1996,Prince Edward Island,Groundfish,Skate,"18,774","4,408"
1996,Prince Edward Island,Groundfish,Total groundfish,"891,543","678,918"
1996,Prince Edward Island,Grand total,Grand total,"45,814,519","91,158,383"
1996,Quebec,Shellfish,Clams / quahaug,"875,698","954,109"
1996,Quebec,Shellfish,"Crab, Other","687,711","344,124"
1996,Quebec,Shellfish,"Crab, Queen","13,084,200","60,205,235"
1996,Quebec,Shellfish,Lobster,"3,501,954","33,335,307"
1996,Quebec,Shellfish,Other shellfish,"1,199,100","1,050,396"
1996,Quebec,Shellfish,Scallop,"2,494,994","3,916,251"
1996,Quebec,Shellfish,Sea cucumber,123,68
1996,Quebec,Shellfish,Sea urchin,"98,897","146,249"
1996,Quebec,Shellfish,Shrimp,"11,929,044","22,289,037"
1996,Quebec,Shellfish,Total shellfish,"33,871,721","122,240,776"
1996,Quebec,Pelagics,Alewife,0,0
1996,Quebec,Pelagics,Capelin,"657,937","76,290"
1996,Quebec,Pelagics,Eel,"186,398","1,398,933"
1996,Quebec,Pelagics,Elvers,0,0
1996,Quebec,Pelagics,Herring,"7,914,874","2,387,777"
1996,Quebec,Pelagics,Mackerel,"4,318,536","1,682,883"
1996,Quebec,Pelagics,Other pelagic/finfish,"253,415","478,483"
1996,Quebec,Pelagics,Salmon,"32,206","186,259"
1996,Quebec,Pelagics,Shark,"2,480","1,655"
1996,Quebec,Pelagics,Silversides,0,0
1996,Quebec,Pelagics,Swordfish,0,0
1996,Quebec,Pelagics,Total pelagics,"13,365,846","6,212,280"
1996,Quebec,Pelagics,Tuna,0,0
1996,Quebec,Other,Marine plants,0,0
1996,Quebec,Other,Miscellaneous,"136,502","80,818"
1996,Quebec,Other,Total other,"136,502","80,818"
1996,Quebec,Groundfish,Cod,"503,521","566,991"
1996,Quebec,Groundfish,Flatfishes,"521,149","398,858"
1996,Quebec,Groundfish,Greenland turbot,"1,863,356","3,574,745"
1996,Quebec,Groundfish,Haddock,0,0
1996,Quebec,Groundfish,Hake,"26,575","15,607"
1996,Quebec,Groundfish,Halibut,"130,809","772,407"
1996,Quebec,Groundfish,Other groundfish,"213,145","147,378"
1996,Quebec,Groundfish,Pollock,0,0
1996,Quebec,Groundfish,Redfish spp.,"45,216","23,570"
1996,Quebec,Groundfish,Skate,"13,764","4,447"
1996,Quebec,Groundfish,Total groundfish,"3,317,535","5,504,003"
1996,Quebec,Grand total,Grand total,"50,691,604","134,037,877"
1997,Atlantic,Shellfish,Clams / quahaug,"33,100,141","31,046,451"
1997,Atlantic,Shellfish,"Crab, Other","8,358,462","6,246,240"
1997,Atlantic,Shellfish,"Crab, Queen","71,373,626","201,983,078"
1997,Atlantic,Shellfish,Lobster,"40,080,007","406,683,670"
1997,Atlantic,Shellfish,Other shellfish,"19,760,033","12,293,742"
1997,Atlantic,Shellfish,Scallop,"66,008,978","100,895,025"
1997,Atlantic,Shellfish,Sea cucumber,"5,407","2,382"
1997,Atlantic,Shellfish,Sea urchin,"3,677,165","7,788,128"
1997,Atlantic,Shellfish,Shrimp,"76,903,784","195,989,455"
1997,Atlantic,Shellfish,Total shellfish,"319,267,603","962,928,171"
1997,Atlantic,Pelagics,Alewife,"4,336,954","1,516,873"
1997,Atlantic,Pelagics,Capelin,"21,944,941","6,404,671"
1997,Atlantic,Pelagics,Eel,"351,845","4,250,655"
1997,Atlantic,Pelagics,Elvers,0,0
1997,Atlantic,Pelagics,Herring,"186,550,093","28,620,302"
1997,Atlantic,Pelagics,Mackerel,"21,305,467","10,882,942"
1997,Atlantic,Pelagics,Other pelagic/finfish,"2,172,759","2,156,727"
1997,Atlantic,Pelagics,Salmon,"77,487","450,620"
1997,Atlantic,Pelagics,Shark,"1,514,158","2,968,946"
1997,Atlantic,Pelagics,Silversides,"237,784","102,841"
1997,Atlantic,Pelagics,Swordfish,"1,089,491","9,097,634"
1997,Atlantic,Pelagics,Total pelagics,"240,384,431","79,694,138"
1997,Atlantic,Pelagics,Tuna,"803,452","13,241,925"
1997,Atlantic,Other,Marine plants,"34,591,792","3,334,237"
1997,Atlantic,Other,Miscellaneous,"2,518,610","6,931,852"
1997,Atlantic,Other,Total other,"37,110,402","10,266,089"
1997,Atlantic,Groundfish,Cod,"29,802,507","35,200,944"
1997,Atlantic,Groundfish,Flatfishes,"10,801,159","13,700,096"
1997,Atlantic,Groundfish,Greenland turbot,"16,394,616","20,326,319"
1997,Atlantic,Groundfish,Haddock,"9,776,174","15,149,787"
1997,Atlantic,Groundfish,Hake,"20,806,523","14,152,928"
1997,Atlantic,Groundfish,Halibut,"1,361,149","9,133,660"
1997,Atlantic,Groundfish,Other groundfish,"8,427,863","16,063,013"
1997,Atlantic,Groundfish,Pollock,"12,603,012","10,515,681"
1997,Atlantic,Groundfish,Redfish spp.,"18,747,808","10,345,403"
1997,Atlantic,Groundfish,Skate,"4,370,595","1,481,000"
1997,Atlantic,Groundfish,Total groundfish,"133,091,406","146,068,830"
1997,Atlantic,Grand total,Grand total,"729,853,842","1,198,957,228"
1997,British Columbia,Shellfish,Clams / quahaug,"2,988,597","35,947,506"
1997,British Columbia,Shellfish,"Crab, Other","3,872,728","28,226,020"
1997,British Columbia,Shellfish,"Crab, Queen",0,0
1997,British Columbia,Shellfish,Lobster,0,0
1997,British Columbia,Shellfish,Other shellfish,"1,140,719","2,287,910"
1997,British Columbia,Shellfish,Scallop,"78,134","404,163"
1997,British Columbia,Shellfish,Sea cucumber,0,0
1997,British Columbia,Shellfish,Sea urchin,"5,536,949","10,510,149"
1997,British Columbia,Shellfish,Shrimp,"5,102,597","41,971,045"
1997,British Columbia,Shellfish,Total shellfish,"18,719,724","119,346,793"
1997,British Columbia,Pelagics,Alewife,0,0
1997,British Columbia,Pelagics,Capelin,0,0
1997,British Columbia,Pelagics,Eel,0,0
1997,British Columbia,Pelagics,Elvers,0,0
1997,British Columbia,Pelagics,Herring,"31,974,523","29,762,504"
1997,British Columbia,Pelagics,Mackerel,"183,698","15,901"
1997,British Columbia,Pelagics,Other pelagic/finfish,"65,513","75,646"
1997,British Columbia,Pelagics,Salmon,"48,682,954","109,890,940"
1997,British Columbia,Pelagics,Shark,0,0
1997,British Columbia,Pelagics,Silversides,0,0
1997,British Columbia,Pelagics,Swordfish,0,0
1997,British Columbia,Pelagics,Total pelagics,"81,671,208","141,731,316"
1997,British Columbia,Pelagics,Tuna,"764,521","1,986,325"
1997,British Columbia,Other,Marine plants,0,0
1997,British Columbia,Other,Miscellaneous,"454,873","17,771,498"
1997,British Columbia,Other,Total other,"454,873","17,771,498"
1997,British Columbia,Groundfish,Cod,"1,519,414","1,539,506"
1997,British Columbia,Groundfish,Flatfishes,"4,391,373","4,697,573"
1997,British Columbia,Groundfish,Greenland turbot,"2,902,040","839,143"
1997,British Columbia,Groundfish,Haddock,0,0
1997,British Columbia,Groundfish,Hake,"97,343,487","11,616,302"
1997,British Columbia,Groundfish,Halibut,"7,296,000","40,372,000"
1997,British Columbia,Groundfish,Other groundfish,"8,225,396","38,873,557"
1997,British Columbia,Groundfish,Pollock,"1,825,649","302,146"
1997,British Columbia,Groundfish,Redfish spp.,"20,525,824","22,120,525"
1997,British Columbia,Groundfish,Skate,"1,530,904","401,383"
1997,British Columbia,Groundfish,Total groundfish,"145,560,087","120,762,133"
1997,British Columbia,Grand total,Grand total,"246,405,891","399,611,740"
1997,Canada,Shellfish,Clams / quahaug,"36,088,738","66,993,957"
1997,Canada,Shellfish,"Crab, Other","12,231,190","34,472,260"
1997,Canada,Shellfish,"Crab, Queen","71,373,626","201,983,078"
1997,Canada,Shellfish,Lobster,"40,080,007","406,683,670"
1997,Canada,Shellfish,Other shellfish,"20,900,752","14,581,652"
1997,Canada,Shellfish,Scallop,"66,087,112","101,299,188"
1997,Canada,Shellfish,Sea cucumber,"5,407","2,382"
1997,Canada,Shellfish,Sea urchin,"9,214,114","18,298,277"
1997,Canada,Shellfish,Shrimp,"82,006,381","237,960,500"
1997,Canada,Shellfish,Total shellfish,"337,987,327","1,082,274,964"
1997,Canada,Pelagics,Alewife,"4,336,954","1,516,873"
1997,Canada,Pelagics,Capelin,"21,944,941","6,404,671"
1997,Canada,Pelagics,Eel,"351,845","4,250,655"
1997,Canada,Pelagics,Elvers,0,0
1997,Canada,Pelagics,Herring,"218,524,616","58,382,806"
1997,Canada,Pelagics,Mackerel,"21,489,165","10,898,843"
1997,Canada,Pelagics,Other pelagic/finfish,"2,238,272","2,232,373"
1997,Canada,Pelagics,Salmon,"48,760,441","110,341,560"
1997,Canada,Pelagics,Shark,"1,514,158","2,968,946"
1997,Canada,Pelagics,Silversides,"237,784","102,841"
1997,Canada,Pelagics,Swordfish,"1,089,491","9,097,634"
1997,Canada,Pelagics,Total pelagics,"322,055,639","221,425,453"
1997,Canada,Pelagics,Tuna,"1,567,973","15,228,250"
1997,Canada,Other,Marine plants,"34,591,792","3,334,237"
1997,Canada,Other,Miscellaneous,"2,973,483","24,703,350"
1997,Canada,Other,Total other,"37,565,275","28,037,587"
1997,Canada,Groundfish,Cod,"31,321,921","36,740,450"
1997,Canada,Groundfish,Flatfishes,"15,192,532","18,397,669"
1997,Canada,Groundfish,Greenland turbot,"19,296,656","21,165,462"
1997,Canada,Groundfish,Haddock,"9,776,174","15,149,787"
1997,Canada,Groundfish,Hake,"118,150,010","25,769,230"
1997,Canada,Groundfish,Halibut,"8,657,149","49,505,660"
1997,Canada,Groundfish,Other groundfish,"16,653,259","54,936,570"
1997,Canada,Groundfish,Pollock,"14,428,661","10,817,827"
1997,Canada,Groundfish,Redfish spp.,"39,273,632","32,465,928"
1997,Canada,Groundfish,Skate,"5,901,499","1,882,382"
1997,Canada,Groundfish,Total groundfish,"278,651,493","266,830,963"
1997,Canada,Grand total,Grand total,"976,259,733","1,598,568,968"
1997,New Brunswick,Shellfish,Clams / quahaug,"1,005,258","2,012,476"
1997,New Brunswick,Shellfish,"Crab, Other","1,648,059","1,085,419"
1997,New Brunswick,Shellfish,"Crab, Queen","8,957,592","41,770,655"
1997,New Brunswick,Shellfish,Lobster,"7,324,887","65,155,184"
1997,New Brunswick,Shellfish,Other shellfish,"1,075,811","1,554,259"
1997,New Brunswick,Shellfish,Scallop,"2,713,805","5,884,601"
1997,New Brunswick,Shellfish,Sea cucumber,0,0
1997,New Brunswick,Shellfish,Sea urchin,"1,760,124","4,060,332"
1997,New Brunswick,Shellfish,Shrimp,"3,903,547","5,636,850"
1997,New Brunswick,Shellfish,Total shellfish,"28,389,083","127,159,777"
1997,New Brunswick,Pelagics,Alewife,"2,911,051","924,804"
1997,New Brunswick,Pelagics,Capelin,"6,577",580
1997,New Brunswick,Pelagics,Eel,"55,632","751,077"
1997,New Brunswick,Pelagics,Elvers,0,0
1997,New Brunswick,Pelagics,Herring,"66,810,001","11,410,645"
1997,New Brunswick,Pelagics,Mackerel,"2,014,869","1,107,858"
1997,New Brunswick,Pelagics,Other pelagic/finfish,"732,281","744,290"
1997,New Brunswick,Pelagics,Salmon,0,0
1997,New Brunswick,Pelagics,Shark,"4,100","6,572"
1997,New Brunswick,Pelagics,Silversides,0,0
1997,New Brunswick,Pelagics,Swordfish,0,0
1997,New Brunswick,Pelagics,Total pelagics,"72,537,046","15,005,054"
1997,New Brunswick,Pelagics,Tuna,"2,535","59,228"
1997,New Brunswick,Other,Marine plants,"5,275,322","644,802"
1997,New Brunswick,Other,Miscellaneous,0,0
1997,New Brunswick,Other,Total other,"5,275,322","644,802"
1997,New Brunswick,Groundfish,Cod,"961,245","1,310,757"
1997,New Brunswick,Groundfish,Flatfishes,"469,188","391,150"
1997,New Brunswick,Groundfish,Greenland turbot,"29,411","60,366"
1997,New Brunswick,Groundfish,Haddock,"110,103","217,629"
1997,New Brunswick,Groundfish,Hake,"1,203,676","771,038"
1997,New Brunswick,Groundfish,Halibut,"17,067","110,182"
1997,New Brunswick,Groundfish,Other groundfish,"97,068","29,805"
1997,New Brunswick,Groundfish,Pollock,"463,198","491,316"
1997,New Brunswick,Groundfish,Redfish spp.,"22,200","4,695"
1997,New Brunswick,Groundfish,Skate,53,17
1997,New Brunswick,Groundfish,Total groundfish,"3,373,209","3,386,955"
1997,New Brunswick,Grand total,Grand total,"109,574,660","146,196,588"
1997,Newfoundland and Labrador,Shellfish,Clams / quahaug,"18,768,703","15,396,246"
1997,Newfoundland and Labrador,Shellfish,"Crab, Other","101,524","68,333"
1997,Newfoundland and Labrador,Shellfish,"Crab, Queen","45,746,062","91,808,566"
1997,Newfoundland and Labrador,Shellfish,Lobster,"2,178,890","22,640,549"
1997,Newfoundland and Labrador,Shellfish,Other shellfish,"13,025,081","3,459,163"
1997,Newfoundland and Labrador,Shellfish,Scallop,"12,136,747","19,093,495"
1997,Newfoundland and Labrador,Shellfish,Sea cucumber,"4,092","1,802"
1997,Newfoundland and Labrador,Shellfish,Sea urchin,"875,276","1,169,483"
1997,Newfoundland and Labrador,Shellfish,Shrimp,"39,166,848","108,235,477"
1997,Newfoundland and Labrador,Shellfish,Total shellfish,"132,003,223","261,873,115"
1997,Newfoundland and Labrador,Pelagics,Alewife,0,0
1997,Newfoundland and Labrador,Pelagics,Capelin,"21,454,752","6,344,616"
1997,Newfoundland and Labrador,Pelagics,Eel,"71,727","445,564"
1997,Newfoundland and Labrador,Pelagics,Elvers,0,0
1997,Newfoundland and Labrador,Pelagics,Herring,"21,049,053","3,220,222"
1997,Newfoundland and Labrador,Pelagics,Mackerel,"1,154,676","233,130"
1997,Newfoundland and Labrador,Pelagics,Other pelagic/finfish,"39,575","61,100"
1997,Newfoundland and Labrador,Pelagics,Salmon,"47,811","293,311"
1997,Newfoundland and Labrador,Pelagics,Shark,"110,354","232,674"
1997,Newfoundland and Labrador,Pelagics,Silversides,0,0
1997,Newfoundland and Labrador,Pelagics,Swordfish,"82,137","534,381"
1997,Newfoundland and Labrador,Pelagics,Total pelagics,"44,041,698","11,761,918"
1997,Newfoundland and Labrador,Pelagics,Tuna,"31,613","396,921"
1997,Newfoundland and Labrador,Other,Marine plants,0,0
1997,Newfoundland and Labrador,Other,Miscellaneous,"2,356,079","6,026,537"
1997,Newfoundland and Labrador,Other,Total other,"2,356,079","6,026,537"
1997,Newfoundland and Labrador,Groundfish,Cod,"12,218,211","10,844,556"
1997,Newfoundland and Labrador,Groundfish,Flatfishes,"1,492,336","1,024,937"
1997,Newfoundland and Labrador,Groundfish,Greenland turbot,"13,564,724","15,110,545"
1997,Newfoundland and Labrador,Groundfish,Haddock,"258,957","245,319"
1997,Newfoundland and Labrador,Groundfish,Hake,"317,066","204,849"
1997,Newfoundland and Labrador,Groundfish,Halibut,"310,104","1,559,532"
1997,Newfoundland and Labrador,Groundfish,Other groundfish,"3,602,890","12,325,860"
1997,Newfoundland and Labrador,Groundfish,Pollock,"621,252","329,625"
1997,Newfoundland and Labrador,Groundfish,Redfish spp.,"6,407,106","2,887,520"
1997,Newfoundland and Labrador,Groundfish,Skate,"2,858,947","987,991"
1997,Newfoundland and Labrador,Groundfish,Total groundfish,"41,651,593","45,520,734"
1997,Newfoundland and Labrador,Grand total,Grand total,"220,052,593","325,182,303"
1997,Nova Scotia,Shellfish,Clams / quahaug,"10,450,447","9,166,920"
1997,Nova Scotia,Shellfish,"Crab, Other","2,778,058","2,809,869"
1997,Nova Scotia,Shellfish,"Crab, Queen","4,118,389","21,151,925"
1997,Nova Scotia,Shellfish,Lobster,"19,593,459","215,832,426"
1997,Nova Scotia,Shellfish,Other shellfish,"3,320,099","3,341,961"
1997,Nova Scotia,Shellfish,Scallop,"47,034,891","67,321,212"
1997,Nova Scotia,Shellfish,Sea cucumber,0,0
1997,Nova Scotia,Shellfish,Sea urchin,"852,788","2,261,638"
1997,Nova Scotia,Shellfish,Shrimp,"20,853,117","58,957,734"
1997,Nova Scotia,Shellfish,Total shellfish,"109,001,248","380,843,684"
1997,Nova Scotia,Pelagics,Alewife,"1,318,722","548,899"
1997,Nova Scotia,Pelagics,Capelin,0,0
1997,Nova Scotia,Pelagics,Eel,"80,863","2,129,825"
1997,Nova Scotia,Pelagics,Elvers,0,0
1997,Nova Scotia,Pelagics,Herring,"77,083,841","10,215,174"
1997,Nova Scotia,Pelagics,Mackerel,"5,667,775","3,022,592"
1997,Nova Scotia,Pelagics,Other pelagic/finfish,"807,815","383,601"
1997,Nova Scotia,Pelagics,Salmon,0,0
1997,Nova Scotia,Pelagics,Shark,"1,376,160","2,708,837"
1997,Nova Scotia,Pelagics,Silversides,0,0
1997,Nova Scotia,Pelagics,Swordfish,"1,007,354","8,563,254"
1997,Nova Scotia,Pelagics,Total pelagics,"88,089,861","39,969,273"
1997,Nova Scotia,Pelagics,Tuna,"747,331","12,397,091"
1997,Nova Scotia,Other,Marine plants,"21,162,506","1,232,536"
1997,Nova Scotia,Other,Miscellaneous,0,"473,481"
1997,Nova Scotia,Other,Total other,"21,162,506","1,706,018"
1997,Nova Scotia,Groundfish,Cod,"14,775,491","21,247,766"
1997,Nova Scotia,Groundfish,Flatfishes,"6,734,571","10,666,487"
1997,Nova Scotia,Groundfish,Greenland turbot,"654,484","1,716,211"
1997,Nova Scotia,Groundfish,Haddock,"9,407,112","14,686,836"
1997,Nova Scotia,Groundfish,Hake,"19,233,766","13,136,996"
1997,Nova Scotia,Groundfish,Halibut,"882,997","6,633,902"
1997,Nova Scotia,Groundfish,Other groundfish,"4,625,427","3,584,541"
1997,Nova Scotia,Groundfish,Pollock,"11,518,562","9,694,739"
1997,Nova Scotia,Groundfish,Redfish spp.,"12,290,981","7,439,293"
1997,Nova Scotia,Groundfish,Skate,"1,496,631","488,241"
1997,Nova Scotia,Groundfish,Total groundfish,"81,620,022","89,295,014"
1997,Nova Scotia,Grand total,Grand total,"299,873,637","511,813,988"
1997,Prince Edward Island,Shellfish,Clams / quahaug,"1,606,157","3,112,447"
1997,Prince Edward Island,Shellfish,"Crab, Other","2,772,484","1,675,797"
1997,Prince Edward Island,Shellfish,"Crab, Queen","1,115,595","5,419,124"
1997,Prince Edward Island,Shellfish,Lobster,"8,155,492","73,823,076"
1997,Prince Edward Island,Shellfish,Other shellfish,"1,295,221","3,093,470"
1997,Prince Edward Island,Shellfish,Scallop,"1,775,155","4,208,925"
1997,Prince Edward Island,Shellfish,Sea cucumber,0,0
1997,Prince Edward Island,Shellfish,Sea urchin,"29,754","52,279"
1997,Prince Edward Island,Shellfish,Shrimp,0,0
1997,Prince Edward Island,Shellfish,Total shellfish,"16,749,858","91,385,118"
1997,Prince Edward Island,Pelagics,Alewife,"106,973","43,137"
1997,Prince Edward Island,Pelagics,Capelin,0,0
1997,Prince Edward Island,Pelagics,Eel,"32,123","189,109"
1997,Prince Edward Island,Pelagics,Elvers,0,0
1997,Prince Edward Island,Pelagics,Herring,"15,856,701","2,799,290"
1997,Prince Edward Island,Pelagics,Mackerel,"6,698,912","3,898,252"
1997,Prince Edward Island,Pelagics,Other pelagic/finfish,"162,032","260,419"
1997,Prince Edward Island,Pelagics,Salmon,0,0
1997,Prince Edward Island,Pelagics,Shark,"22,643","20,393"
1997,Prince Edward Island,Pelagics,Silversides,"237,784","102,841"
1997,Prince Edward Island,Pelagics,Swordfish,0,0
1997,Prince Edward Island,Pelagics,Total pelagics,"23,139,141","7,702,126"
1997,Prince Edward Island,Pelagics,Tuna,"21,973","388,686"
1997,Prince Edward Island,Other,Marine plants,"8,153,964","1,456,899"
1997,Prince Edward Island,Other,Miscellaneous,0,0
1997,Prince Edward Island,Other,Total other,"8,153,964","1,456,899"
1997,Prince Edward Island,Groundfish,Cod,"264,503","240,208"
1997,Prince Edward Island,Groundfish,Flatfishes,"809,491","734,876"
1997,Prince Edward Island,Groundfish,Greenland turbot,0,0
1997,Prince Edward Island,Groundfish,Haddock,0,0
1997,Prince Edward Island,Groundfish,Hake,"42,019","34,503"
1997,Prince Edward Island,Groundfish,Halibut,360,"2,182"
1997,Prince Edward Island,Groundfish,Other groundfish,"32,415","9,037"
1997,Prince Edward Island,Groundfish,Pollock,0,0
1997,Prince Edward Island,Groundfish,Redfish spp.,0,0
1997,Prince Edward Island,Groundfish,Skate,"5,105","1,698"
1997,Prince Edward Island,Groundfish,Total groundfish,"1,153,893","1,022,504"
1997,Prince Edward Island,Grand total,Grand total,"49,196,856","101,566,647"
1997,Quebec,Shellfish,Clams / quahaug,"1,269,576","1,358,362"
1997,Quebec,Shellfish,"Crab, Other","1,058,337","606,822"
1997,Quebec,Shellfish,"Crab, Queen","11,435,988","41,832,808"
1997,Quebec,Shellfish,Lobster,"2,827,279","29,232,436"
1997,Quebec,Shellfish,Other shellfish,"1,043,821","844,889"
1997,Quebec,Shellfish,Scallop,"2,348,380","4,386,792"
1997,Quebec,Shellfish,Sea cucumber,"1,315",580
1997,Quebec,Shellfish,Sea urchin,"159,223","244,395"
1997,Quebec,Shellfish,Shrimp,"12,980,272","23,159,393"
1997,Quebec,Shellfish,Total shellfish,"33,124,191","101,666,477"
1997,Quebec,Pelagics,Alewife,208,33
1997,Quebec,Pelagics,Capelin,"483,612","59,475"
1997,Quebec,Pelagics,Eel,"111,500","735,080"
1997,Quebec,Pelagics,Elvers,0,0
1997,Quebec,Pelagics,Herring,"5,750,497","974,972"
1997,Quebec,Pelagics,Mackerel,"5,769,235","2,621,111"
1997,Quebec,Pelagics,Other pelagic/finfish,"431,056","707,317"
1997,Quebec,Pelagics,Salmon,"29,676","157,309"
1997,Quebec,Pelagics,Shark,901,470
1997,Quebec,Pelagics,Silversides,0,0
1997,Quebec,Pelagics,Swordfish,0,0
1997,Quebec,Pelagics,Total pelagics,"12,576,685","5,255,767"
1997,Quebec,Pelagics,Tuna,0,0
1997,Quebec,Other,Marine plants,0,0
1997,Quebec,Other,Miscellaneous,"162,531","431,834"
1997,Quebec,Other,Total other,"162,531","431,834"
1997,Quebec,Groundfish,Cod,"1,583,057","1,557,657"
1997,Quebec,Groundfish,Flatfishes,"1,295,573","882,647"
1997,Quebec,Groundfish,Greenland turbot,"2,145,997","3,439,197"
1997,Quebec,Groundfish,Haddock,2,2
1997,Quebec,Groundfish,Hake,"9,996","5,542"
1997,Quebec,Groundfish,Halibut,"150,621","827,863"
1997,Quebec,Groundfish,Other groundfish,"70,063","113,770"
1997,Quebec,Groundfish,Pollock,0,0
1997,Quebec,Groundfish,Redfish spp.,"27,521","13,895"
1997,Quebec,Groundfish,Skate,"9,859","3,052"
1997,Quebec,Groundfish,Total groundfish,"5,292,689","6,843,624"
1997,Quebec,Grand total,Grand total,"51,156,096","114,197,702"
1998,Atlantic,Shellfish,Clams / quahaug,"31,066,025","30,529,911"
1998,Atlantic,Shellfish,"Crab, Other","8,608,025","6,274,211"
1998,Atlantic,Shellfish,"Crab, Queen","75,252,715","175,433,546"
1998,Atlantic,Shellfish,Lobster,"41,186,436","442,756,055"
1998,Atlantic,Shellfish,Other shellfish,"6,632,080","9,863,404"
1998,Atlantic,Shellfish,Scallop,"63,094,562","96,008,575"
1998,Atlantic,Shellfish,Sea cucumber,"14,270","5,934"
1998,Atlantic,Shellfish,Sea urchin,"3,708,678","7,290,995"
1998,Atlantic,Shellfish,Shrimp,"107,930,189","273,459,155"
1998,Atlantic,Shellfish,Total shellfish,"337,492,980","1,041,621,787"
1998,Atlantic,Pelagics,Alewife,"5,415,326","1,374,168"
1998,Atlantic,Pelagics,Capelin,"39,605,381","9,597,346"
1998,Atlantic,Pelagics,Eel,"413,283","2,421,219"
1998,Atlantic,Pelagics,Elvers,0,0
1998,Atlantic,Pelagics,Herring,"189,983,533","29,505,406"
1998,Atlantic,Pelagics,Mackerel,"18,939,103","9,719,992"
1998,Atlantic,Pelagics,Other pelagic/finfish,"1,471,557","1,981,729"
1998,Atlantic,Pelagics,Salmon,"6,506","28,963"
1998,Atlantic,Pelagics,Shark,"1,121,407","2,218,873"
1998,Atlantic,Pelagics,Silversides,"231,533","102,090"
1998,Atlantic,Pelagics,Swordfish,"1,115,269","7,478,215"
1998,Atlantic,Pelagics,Total pelagics,"259,109,787","75,938,954"
1998,Atlantic,Pelagics,Tuna,"806,889","11,510,954"
1998,Atlantic,Other,Marine plants,"27,473,437","2,688,870"
1998,Atlantic,Other,Miscellaneous,"2,315,608","6,032,952"
1998,Atlantic,Other,Total other,"29,789,045","8,721,822"
1998,Atlantic,Groundfish,Cod,"37,873,316","58,821,673"
1998,Atlantic,Groundfish,Flatfishes,"13,730,204","15,551,581"
1998,Atlantic,Groundfish,Greenland turbot,"12,240,734","23,057,734"
1998,Atlantic,Groundfish,Haddock,"11,773,502","20,728,321"
1998,Atlantic,Groundfish,Hake,"20,173,474","15,645,068"
1998,Atlantic,Groundfish,Halibut,"1,297,089","8,715,145"
1998,Atlantic,Groundfish,Other groundfish,"6,638,232","7,170,241"
1998,Atlantic,Groundfish,Pollock,"15,093,935","13,091,549"
1998,Atlantic,Groundfish,Redfish spp.,"25,757,473","16,329,038"
1998,Atlantic,Groundfish,Skate,"2,986,019","900,128"
1998,Atlantic,Groundfish,Total groundfish,"147,563,978","180,010,477"
1998,Atlantic,Grand total,Grand total,"773,955,790","1,306,293,040"
1998,British Columbia,Shellfish,Clams / quahaug,"3,097,730","32,788,874"
1998,British Columbia,Shellfish,"Crab, Other","2,972,668","21,379,898"
1998,British Columbia,Shellfish,"Crab, Queen",0,0
1998,British Columbia,Shellfish,Lobster,0,0
1998,British Columbia,Shellfish,Other shellfish,"1,337,803","2,280,571"
1998,British Columbia,Shellfish,Scallop,"55,555","297,496"
1998,British Columbia,Shellfish,Sea cucumber,0,0
1998,British Columbia,Shellfish,Sea urchin,"6,105,519","10,392,249"
1998,British Columbia,Shellfish,Shrimp,"5,172,147","26,645,626"
1998,British Columbia,Shellfish,Total shellfish,"18,741,422","93,784,714"
1998,British Columbia,Pelagics,Alewife,0,0
1998,British Columbia,Pelagics,Capelin,0,0
1998,British Columbia,Pelagics,Eel,0,0
1998,British Columbia,Pelagics,Elvers,0,0
1998,British Columbia,Pelagics,Herring,"26,852,752","30,377,189"
1998,British Columbia,Pelagics,Mackerel,"117,825","55,228"
1998,British Columbia,Pelagics,Other pelagic/finfish,"281,111","166,249"
1998,British Columbia,Pelagics,Salmon,"30,435,059","54,639,462"
1998,British Columbia,Pelagics,Shark,0,0
1998,British Columbia,Pelagics,Silversides,0,0
1998,British Columbia,Pelagics,Swordfish,0,0
1998,British Columbia,Pelagics,Total pelagics,"59,975,265","90,429,676"
1998,British Columbia,Pelagics,Tuna,"2,288,517","5,191,547"
1998,British Columbia,Other,Marine plants,0,0
1998,British Columbia,Other,Miscellaneous,"409,407","9,632,687"
1998,British Columbia,Other,Total other,"409,407","9,632,687"
1998,British Columbia,Groundfish,Cod,"1,392,010","1,509,744"
1998,British Columbia,Groundfish,Flatfishes,"5,074,424","4,470,604"
1998,British Columbia,Groundfish,Greenland turbot,"3,828,495","808,917"
1998,British Columbia,Groundfish,Haddock,0,0
1998,British Columbia,Groundfish,Hake,"90,721,392","12,908,595"
1998,British Columbia,Groundfish,Halibut,"7,780,000","31,605,000"
1998,British Columbia,Groundfish,Other groundfish,"9,315,176","33,469,925"
1998,British Columbia,Groundfish,Pollock,"822,005","358,309"
1998,British Columbia,Groundfish,Redfish spp.,"21,933,706","26,181,350"
1998,British Columbia,Groundfish,Skate,"626,147","139,570"
1998,British Columbia,Groundfish,Total groundfish,"141,493,356","111,452,015"
1998,British Columbia,Grand total,Grand total,"220,619,450","305,299,092"
1998,Canada,Shellfish,Clams / quahaug,"34,163,755","63,318,785"
1998,Canada,Shellfish,"Crab, Other","11,580,693","27,654,110"
1998,Canada,Shellfish,"Crab, Queen","75,252,715","175,433,546"
1998,Canada,Shellfish,Lobster,"41,186,436","442,756,055"
1998,Canada,Shellfish,Other shellfish,"7,969,883","12,143,975"
1998,Canada,Shellfish,Scallop,"63,150,117","96,306,071"
1998,Canada,Shellfish,Sea cucumber,"14,270","5,934"
1998,Canada,Shellfish,Sea urchin,"9,814,197","17,683,244"
1998,Canada,Shellfish,Shrimp,"113,102,336","300,104,782"
1998,Canada,Shellfish,Total shellfish,"356,234,402","1,135,406,501"
1998,Canada,Pelagics,Alewife,"5,415,326","1,374,168"
1998,Canada,Pelagics,Capelin,"39,605,381","9,597,346"
1998,Canada,Pelagics,Eel,"413,283","2,421,219"
1998,Canada,Pelagics,Elvers,0,0
1998,Canada,Pelagics,Herring,"216,836,285","59,882,595"
1998,Canada,Pelagics,Mackerel,"19,056,928","9,775,220"
1998,Canada,Pelagics,Other pelagic/finfish,"1,752,668","2,147,979"
1998,Canada,Pelagics,Salmon,"30,441,565","54,668,425"
1998,Canada,Pelagics,Shark,"1,121,407","2,218,873"
1998,Canada,Pelagics,Silversides,"231,533","102,090"
1998,Canada,Pelagics,Swordfish,"1,115,269","7,478,215"
1998,Canada,Pelagics,Total pelagics,"319,085,052","166,368,630"
1998,Canada,Pelagics,Tuna,"3,095,406","16,702,501"
1998,Canada,Other,Marine plants,"27,473,437","2,688,870"
1998,Canada,Other,Miscellaneous,"2,725,015","15,665,639"
1998,Canada,Other,Total other,"30,198,452","18,354,509"
1998,Canada,Groundfish,Cod,"39,265,326","60,331,417"
1998,Canada,Groundfish,Flatfishes,"18,804,628","20,022,185"
1998,Canada,Groundfish,Greenland turbot,"16,069,229","23,866,651"
1998,Canada,Groundfish,Haddock,"11,773,502","20,728,321"
1998,Canada,Groundfish,Hake,"110,894,866","28,553,664"
1998,Canada,Groundfish,Halibut,"9,077,089","40,320,145"
1998,Canada,Groundfish,Other groundfish,"15,953,408","40,640,165"
1998,Canada,Groundfish,Pollock,"15,915,940","13,449,858"
1998,Canada,Groundfish,Redfish spp.,"47,691,179","42,510,388"
1998,Canada,Groundfish,Skate,"3,612,166","1,039,698"
1998,Canada,Groundfish,Total groundfish,"289,057,334","291,462,492"
1998,Canada,Grand total,Grand total,"994,575,240","1,611,592,133"
1998,New Brunswick,Shellfish,Clams / quahaug,"1,522,672","2,745,613"
1998,New Brunswick,Shellfish,"Crab, Other","1,690,616","1,228,721"
1998,New Brunswick,Shellfish,"Crab, Queen","6,719,097","26,515,070"
1998,New Brunswick,Shellfish,Lobster,"7,877,681","75,195,990"
1998,New Brunswick,Shellfish,Other shellfish,"743,509","1,651,115"
1998,New Brunswick,Shellfish,Scallop,"3,186,282","7,290,912"
1998,New Brunswick,Shellfish,Sea cucumber,0,0
1998,New Brunswick,Shellfish,Sea urchin,"1,711,674","3,798,179"
1998,New Brunswick,Shellfish,Shrimp,"4,758,694","6,985,663"
1998,New Brunswick,Shellfish,Total shellfish,"28,210,225","125,411,263"
1998,New Brunswick,Pelagics,Alewife,"3,814,710","756,552"
1998,New Brunswick,Pelagics,Capelin,"776,154","77,000"
1998,New Brunswick,Pelagics,Eel,"69,280","470,404"
1998,New Brunswick,Pelagics,Elvers,0,0
1998,New Brunswick,Pelagics,Herring,"69,134,330","11,151,647"
1998,New Brunswick,Pelagics,Mackerel,"1,762,199","889,677"
1998,New Brunswick,Pelagics,Other pelagic/finfish,"817,745","845,252"
1998,New Brunswick,Pelagics,Salmon,0,0
1998,New Brunswick,Pelagics,Shark,"2,319","3,565"
1998,New Brunswick,Pelagics,Silversides,0,0
1998,New Brunswick,Pelagics,Swordfish,0,0
1998,New Brunswick,Pelagics,Total pelagics,"76,376,737","14,194,097"
1998,New Brunswick,Pelagics,Tuna,0,0
1998,New Brunswick,Other,Marine plants,"6,810,175","731,781"
1998,New Brunswick,Other,Miscellaneous,0,0
1998,New Brunswick,Other,Total other,"6,810,175","731,781"
1998,New Brunswick,Groundfish,Cod,"897,573","1,167,998"
1998,New Brunswick,Groundfish,Flatfishes,"222,646","227,909"
1998,New Brunswick,Groundfish,Greenland turbot,"12,832","28,785"
1998,New Brunswick,Groundfish,Haddock,"85,354","172,096"
1998,New Brunswick,Groundfish,Hake,"35,486","36,492"
1998,New Brunswick,Groundfish,Halibut,"23,375","142,298"
1998,New Brunswick,Groundfish,Other groundfish,"132,705","38,488"
1998,New Brunswick,Groundfish,Pollock,"397,851","467,911"
1998,New Brunswick,Groundfish,Redfish spp.,646,346
1998,New Brunswick,Groundfish,Skate,0,0
1998,New Brunswick,Groundfish,Total groundfish,"1,808,468","2,282,323"
1998,New Brunswick,Grand total,Grand total,"113,205,605","142,619,464"
1998,Newfoundland and Labrador,Shellfish,Clams / quahaug,"17,413,555","14,466,768"
1998,Newfoundland and Labrador,Shellfish,"Crab, Other","355,817","233,724"
1998,Newfoundland and Labrador,Shellfish,"Crab, Queen","52,666,004","102,204,248"
1998,Newfoundland and Labrador,Shellfish,Lobster,"2,035,195","19,162,312"
1998,Newfoundland and Labrador,Shellfish,Other shellfish,"993,541","398,789"
1998,Newfoundland and Labrador,Shellfish,Scallop,"6,963,465","11,287,879"
1998,Newfoundland and Labrador,Shellfish,Sea cucumber,"10,036","4,425"
1998,Newfoundland and Labrador,Shellfish,Sea urchin,"928,299","1,162,796"
1998,Newfoundland and Labrador,Shellfish,Shrimp,"64,120,979","170,181,242"
1998,Newfoundland and Labrador,Shellfish,Total shellfish,"145,486,891","319,102,181"
1998,Newfoundland and Labrador,Pelagics,Alewife,0,0
1998,Newfoundland and Labrador,Pelagics,Capelin,"38,547,941","9,485,028"
1998,Newfoundland and Labrador,Pelagics,Eel,"72,937","416,614"
1998,Newfoundland and Labrador,Pelagics,Elvers,0,0
1998,Newfoundland and Labrador,Pelagics,Herring,"20,925,676","3,626,483"
1998,Newfoundland and Labrador,Pelagics,Mackerel,"1,686,838","683,234"
1998,Newfoundland and Labrador,Pelagics,Other pelagic/finfish,"81,990","73,787"
1998,Newfoundland and Labrador,Pelagics,Salmon,0,0
1998,Newfoundland and Labrador,Pelagics,Shark,"102,423","144,522"
1998,Newfoundland and Labrador,Pelagics,Silversides,0,0
1998,Newfoundland and Labrador,Pelagics,Swordfish,"95,441","529,259"
1998,Newfoundland and Labrador,Pelagics,Total pelagics,"61,551,185","15,344,930"
1998,Newfoundland and Labrador,Pelagics,Tuna,"37,939","386,002"
1998,Newfoundland and Labrador,Other,Marine plants,0,0
1998,Newfoundland and Labrador,Other,Miscellaneous,"2,315,608","5,486,026"
1998,Newfoundland and Labrador,Other,Total other,"2,315,608","5,486,026"
1998,Newfoundland and Labrador,Groundfish,Cod,"22,739,344","36,880,537"
1998,Newfoundland and Labrador,Groundfish,Flatfishes,"6,004,141","4,859,306"
1998,Newfoundland and Labrador,Groundfish,Greenland turbot,"7,744,085","13,721,732"
1998,Newfoundland and Labrador,Groundfish,Haddock,"250,302","230,595"
1998,Newfoundland and Labrador,Groundfish,Hake,"631,390","296,580"
1998,Newfoundland and Labrador,Groundfish,Halibut,"273,577","1,588,594"
1998,Newfoundland and Labrador,Groundfish,Other groundfish,"2,254,386","4,048,309"
1998,Newfoundland and Labrador,Groundfish,Pollock,"638,880","353,735"
1998,Newfoundland and Labrador,Groundfish,Redfish spp.,"10,228,290","6,909,029"
1998,Newfoundland and Labrador,Groundfish,Skate,"2,297,324","652,134"
1998,Newfoundland and Labrador,Groundfish,Total groundfish,"53,061,719","69,540,552"
1998,Newfoundland and Labrador,Grand total,Grand total,"262,415,403","409,473,689"
1998,Nova Scotia,Shellfish,Clams / quahaug,"9,570,978","8,636,689"
1998,Nova Scotia,Shellfish,"Crab, Other","2,562,977","2,312,739"
1998,Nova Scotia,Shellfish,"Crab, Queen","4,912,049","15,652,147"
1998,Nova Scotia,Shellfish,Lobster,"19,526,939","236,346,958"
1998,Nova Scotia,Shellfish,Other shellfish,"1,565,202","1,830,762"
1998,Nova Scotia,Shellfish,Scallop,"48,795,032","69,207,697"
1998,Nova Scotia,Shellfish,Sea cucumber,331,219
1998,Nova Scotia,Shellfish,Sea urchin,"1,021,380","2,261,103"
1998,Nova Scotia,Shellfish,Shrimp,"23,946,406","72,478,661"
1998,Nova Scotia,Shellfish,Total shellfish,"111,901,294","408,726,976"
1998,Nova Scotia,Pelagics,Alewife,"1,548,327","583,882"
1998,Nova Scotia,Pelagics,Capelin,"22,680","5,000"
1998,Nova Scotia,Pelagics,Eel,"89,770","717,864"
1998,Nova Scotia,Pelagics,Elvers,0,0
1998,Nova Scotia,Pelagics,Herring,"76,412,626","10,761,919"
1998,Nova Scotia,Pelagics,Mackerel,"4,562,941","2,069,053"
1998,Nova Scotia,Pelagics,Other pelagic/finfish,"90,021","158,667"
1998,Nova Scotia,Pelagics,Salmon,0,0
1998,Nova Scotia,Pelagics,Shark,"992,364","2,050,243"
1998,Nova Scotia,Pelagics,Silversides,0,0
1998,Nova Scotia,Pelagics,Swordfish,"1,019,828","6,948,955"
1998,Nova Scotia,Pelagics,Total pelagics,"85,466,222","34,030,666"
1998,Nova Scotia,Pelagics,Tuna,"727,665","10,735,083"
1998,Nova Scotia,Other,Marine plants,"15,022,695","915,984"
1998,Nova Scotia,Other,Miscellaneous,0,"322,098"
1998,Nova Scotia,Other,Total other,"15,022,695","1,238,082"
1998,Nova Scotia,Groundfish,Cod,"11,873,909","18,498,833"
1998,Nova Scotia,Groundfish,Flatfishes,"6,438,241","9,637,966"
1998,Nova Scotia,Groundfish,Greenland turbot,"1,256,579","3,956,121"
1998,Nova Scotia,Groundfish,Haddock,"11,437,692","20,325,456"
1998,Nova Scotia,Groundfish,Hake,"19,438,048","15,254,040"
1998,Nova Scotia,Groundfish,Halibut,"824,185","6,063,217"
1998,Nova Scotia,Groundfish,Other groundfish,"4,106,469","2,997,919"
1998,Nova Scotia,Groundfish,Pollock,"14,056,870","12,269,796"
1998,Nova Scotia,Groundfish,Redfish spp.,"15,348,363","9,269,540"
1998,Nova Scotia,Groundfish,Skate,"677,580","245,337"
1998,Nova Scotia,Groundfish,Total groundfish,"85,457,936","98,518,227"
1998,Nova Scotia,Grand total,Grand total,"297,848,147","542,513,951"
1998,Prince Edward Island,Shellfish,Clams / quahaug,"1,350,851","3,441,191"
1998,Prince Edward Island,Shellfish,"Crab, Other","2,890,628","1,772,614"
1998,Prince Edward Island,Shellfish,"Crab, Queen","612,040","2,415,310"
1998,Prince Edward Island,Shellfish,Lobster,"8,698,141","82,560,140"
1998,Prince Edward Island,Shellfish,Other shellfish,"2,417,192","5,253,241"
1998,Prince Edward Island,Shellfish,Scallop,"1,435,627","3,277,532"
1998,Prince Edward Island,Shellfish,Sea cucumber,0,0
1998,Prince Edward Island,Shellfish,Sea urchin,"37,526","60,256"
1998,Prince Edward Island,Shellfish,Shrimp,0,0
1998,Prince Edward Island,Shellfish,Total shellfish,"17,442,005","98,780,284"
1998,Prince Edward Island,Pelagics,Alewife,"52,289","33,734"
1998,Prince Edward Island,Pelagics,Capelin,0,0
1998,Prince Edward Island,Pelagics,Eel,"23,530","114,683"
1998,Prince Edward Island,Pelagics,Elvers,0,0
1998,Prince Edward Island,Pelagics,Herring,"17,492,245","2,894,482"
1998,Prince Edward Island,Pelagics,Mackerel,"6,861,517","4,015,863"
1998,Prince Edward Island,Pelagics,Other pelagic/finfish,"276,327","401,598"
1998,Prince Edward Island,Pelagics,Salmon,0,0
1998,Prince Edward Island,Pelagics,Shark,"23,615","20,500"
1998,Prince Edward Island,Pelagics,Silversides,"231,533","102,090"
1998,Prince Edward Island,Pelagics,Swordfish,0,0
1998,Prince Edward Island,Pelagics,Total pelagics,"25,002,341","7,972,818"
1998,Prince Edward Island,Pelagics,Tuna,"41,285","389,868"
1998,Prince Edward Island,Other,Marine plants,"5,640,492","1,041,022"
1998,Prince Edward Island,Other,Miscellaneous,0,0
1998,Prince Edward Island,Other,Total other,"5,640,492","1,041,022"
1998,Prince Edward Island,Groundfish,Cod,"268,045","316,399"
1998,Prince Edward Island,Groundfish,Flatfishes,"508,216","447,212"
1998,Prince Edward Island,Groundfish,Greenland turbot,0,0
1998,Prince Edward Island,Groundfish,Haddock,0,0
1998,Prince Edward Island,Groundfish,Hake,"43,830","44,854"
1998,Prince Edward Island,Groundfish,Halibut,851,"5,291"
1998,Prince Edward Island,Groundfish,Other groundfish,"67,620","22,041"
1998,Prince Edward Island,Groundfish,Pollock,0,0
1998,Prince Edward Island,Groundfish,Redfish spp.,0,0
1998,Prince Edward Island,Groundfish,Skate,430,181
1998,Prince Edward Island,Groundfish,Total groundfish,"888,992","835,977"
1998,Prince Edward Island,Grand total,Grand total,"48,973,830","108,630,100"
1998,Quebec,Shellfish,Clams / quahaug,"1,207,969","1,239,649"
1998,Quebec,Shellfish,"Crab, Other","1,107,987","726,414"
1998,Quebec,Shellfish,"Crab, Queen","10,343,525","28,646,772"
1998,Quebec,Shellfish,Lobster,"3,048,480","29,490,655"
1998,Quebec,Shellfish,Other shellfish,"912,636","729,497"
1998,Quebec,Shellfish,Scallop,"2,714,156","4,944,556"
1998,Quebec,Shellfish,Sea cucumber,"3,903","1,290"
1998,Quebec,Shellfish,Sea urchin,"9,799","8,661"
1998,Quebec,Shellfish,Shrimp,"15,104,110","23,813,590"
1998,Quebec,Shellfish,Total shellfish,"34,452,565","89,601,084"
1998,Quebec,Pelagics,Alewife,0,0
1998,Quebec,Pelagics,Capelin,"258,606","30,318"
1998,Quebec,Pelagics,Eel,"157,766","701,654"
1998,Quebec,Pelagics,Elvers,0,0
1998,Quebec,Pelagics,Herring,"6,018,656","1,070,876"
1998,Quebec,Pelagics,Mackerel,"4,065,608","2,062,165"
1998,Quebec,Pelagics,Other pelagic/finfish,"205,474","502,426"
1998,Quebec,Pelagics,Salmon,"6,506","28,963"
1998,Quebec,Pelagics,Shark,686,42
1998,Quebec,Pelagics,Silversides,0,0
1998,Quebec,Pelagics,Swordfish,0,0
1998,Quebec,Pelagics,Total pelagics,"10,713,302","4,396,444"
1998,Quebec,Pelagics,Tuna,0,0
1998,Quebec,Other,Marine plants,75,83
1998,Quebec,Other,Miscellaneous,0,"224,828"
1998,Quebec,Other,Total other,75,"224,911"
1998,Quebec,Groundfish,Cod,"2,094,445","1,957,905"
1998,Quebec,Groundfish,Flatfishes,"556,960","379,187"
1998,Quebec,Groundfish,Greenland turbot,"3,227,238","5,351,095"
1998,Quebec,Groundfish,Haddock,154,174
1998,Quebec,Groundfish,Hake,"24,720","13,102"
1998,Quebec,Groundfish,Halibut,"175,101","915,746"
1998,Quebec,Groundfish,Other groundfish,"77,052","63,483"
1998,Quebec,Groundfish,Pollock,334,107
1998,Quebec,Groundfish,Redfish spp.,"180,174","150,123"
1998,Quebec,Groundfish,Skate,"10,685","2,476"
1998,Quebec,Groundfish,Total groundfish,"6,346,863","8,833,398"
1998,Quebec,Grand total,Grand total,"51,512,805","103,055,837"
1999,Atlantic,Shellfish,Clams / quahaug,"34,668,487","36,614,203"
1999,Atlantic,Shellfish,"Crab, Other","7,737,748","6,551,479"
1999,Atlantic,Shellfish,"Crab, Queen","95,236,348","363,567,411"
1999,Atlantic,Shellfish,Lobster,"44,776,505","541,531,913"
1999,Atlantic,Shellfish,Other shellfish,"6,467,967","11,162,876"
1999,Atlantic,Shellfish,Scallop,"58,304,516","86,148,285"
1999,Atlantic,Shellfish,Sea cucumber,"15,013","6,154"
1999,Atlantic,Shellfish,Sea urchin,"3,659,896","7,712,738"
1999,Atlantic,Shellfish,Shrimp,"115,874,631","288,357,800"
1999,Atlantic,Shellfish,Total shellfish,"366,741,111","1,341,652,860"
1999,Atlantic,Pelagics,Alewife,"5,023,077","1,215,764"
1999,Atlantic,Pelagics,Capelin,"23,480,081","4,122,341"
1999,Atlantic,Pelagics,Eel,"390,288","1,707,860"
1999,Atlantic,Pelagics,Elvers,0,0
1999,Atlantic,Pelagics,Herring,"202,899,634","34,791,526"
1999,Atlantic,Pelagics,Mackerel,"17,694,258","7,062,193"
1999,Atlantic,Pelagics,Other pelagic/finfish,"1,504,536","2,308,815"
1999,Atlantic,Pelagics,Salmon,"5,185","23,468"
1999,Atlantic,Pelagics,Shark,"1,102,547","1,703,290"
1999,Atlantic,Pelagics,Silversides,"558,383","385,824"
1999,Atlantic,Pelagics,Swordfish,"1,118,519","7,939,844"
1999,Atlantic,Pelagics,Total pelagics,"254,676,798","73,206,358"
1999,Atlantic,Pelagics,Tuna,"900,290","11,945,433"
1999,Atlantic,Other,Marine plants,"30,690,878","2,870,328"
1999,Atlantic,Other,Miscellaneous,"1,139,391","4,043,025"
1999,Atlantic,Other,Total other,"31,830,269","6,913,353"
1999,Atlantic,Groundfish,Cod,"55,487,858","81,087,047"
1999,Atlantic,Groundfish,Flatfishes,"17,145,351","17,702,094"
1999,Atlantic,Groundfish,Greenland turbot,"12,677,874","18,328,601"
1999,Atlantic,Groundfish,Haddock,"10,550,505","20,538,425"
1999,Atlantic,Groundfish,Hake,"17,047,582","12,974,329"
1999,Atlantic,Groundfish,Halibut,"1,206,382","8,337,077"
1999,Atlantic,Groundfish,Other groundfish,"9,160,660","11,527,713"
1999,Atlantic,Groundfish,Pollock,"8,552,818","8,226,977"
1999,Atlantic,Groundfish,Redfish spp.,"19,697,890","11,666,519"
1999,Atlantic,Groundfish,Skate,"3,101,418","1,021,619"
1999,Atlantic,Groundfish,Total groundfish,"154,628,338","191,410,399"
1999,Atlantic,Grand total,Grand total,"807,876,516","1,613,182,969"
1999,British Columbia,Shellfish,Clams / quahaug,"2,884,020","35,439,270"
1999,British Columbia,Shellfish,"Crab, Other","3,060,612","22,515,099"
1999,British Columbia,Shellfish,"Crab, Queen",0,0
1999,British Columbia,Shellfish,Lobster,0,0
1999,British Columbia,Shellfish,Other shellfish,"1,137,872","2,013,411"
1999,British Columbia,Shellfish,Scallop,"33,955","193,922"
1999,British Columbia,Shellfish,Sea cucumber,0,0
1999,British Columbia,Shellfish,Sea urchin,"5,432,586","9,309,516"
1999,British Columbia,Shellfish,Shrimp,"4,158,493","26,265,281"
1999,British Columbia,Shellfish,Total shellfish,"16,707,538","95,736,499"
1999,British Columbia,Pelagics,Alewife,0,0
1999,British Columbia,Pelagics,Capelin,0,0
1999,British Columbia,Pelagics,Eel,0,0
1999,British Columbia,Pelagics,Elvers,0,0
1999,British Columbia,Pelagics,Herring,"11,778,847","19,034,311"
1999,British Columbia,Pelagics,Mackerel,"253,984","113,637"
1999,British Columbia,Pelagics,Other pelagic/finfish,"866,779","758,534"
1999,British Columbia,Pelagics,Salmon,"17,115,532","26,879,827"
1999,British Columbia,Pelagics,Shark,0,0
1999,British Columbia,Pelagics,Silversides,0,0
1999,British Columbia,Pelagics,Swordfish,0,0
1999,British Columbia,Pelagics,Total pelagics,"31,558,216","50,854,497"
1999,British Columbia,Pelagics,Tuna,"1,543,075","4,068,188"
1999,British Columbia,Other,Marine plants,0,0
1999,British Columbia,Other,Miscellaneous,"411,588","9,816,507"
1999,British Columbia,Other,Total other,"411,588","9,816,507"
1999,British Columbia,Groundfish,Cod,"835,587","1,135,485"
1999,British Columbia,Groundfish,Flatfishes,"5,687,416","6,511,891"
1999,British Columbia,Groundfish,Greenland turbot,"3,556,203","1,015,061"
1999,British Columbia,Groundfish,Haddock,0,0
1999,British Columbia,Groundfish,Hake,"91,739,302","15,822,721"
1999,British Columbia,Groundfish,Halibut,"7,662,000","40,420,000"
1999,British Columbia,Groundfish,Other groundfish,"10,451,272","41,528,681"
1999,British Columbia,Groundfish,Pollock,"1,232,890","408,767"
1999,British Columbia,Groundfish,Redfish spp.,"23,985,288","33,396,197"
1999,British Columbia,Groundfish,Skate,"1,358,777","336,197"
1999,British Columbia,Groundfish,Total groundfish,"146,508,733","140,575,000"
1999,British Columbia,Grand total,Grand total,"195,186,076","296,982,503"
1999,Canada,Shellfish,Clams / quahaug,"37,552,507","72,053,473"
1999,Canada,Shellfish,"Crab, Other","10,798,360","29,066,579"
1999,Canada,Shellfish,"Crab, Queen","95,236,348","363,567,411"
1999,Canada,Shellfish,Lobster,"44,776,505","541,531,913"
1999,Canada,Shellfish,Other shellfish,"7,605,839","13,176,287"
1999,Canada,Shellfish,Scallop,"58,338,471","86,342,207"
1999,Canada,Shellfish,Sea cucumber,"15,013","6,154"
1999,Canada,Shellfish,Sea urchin,"9,092,482","17,022,254"
1999,Canada,Shellfish,Shrimp,"120,033,124","314,623,081"
1999,Canada,Shellfish,Total shellfish,"383,448,649","1,437,389,359"
1999,Canada,Pelagics,Alewife,"5,023,077","1,215,764"
1999,Canada,Pelagics,Capelin,"23,480,081","4,122,341"
1999,Canada,Pelagics,Eel,"390,288","1,707,860"
1999,Canada,Pelagics,Elvers,0,0
1999,Canada,Pelagics,Herring,"214,678,481","53,825,836"
1999,Canada,Pelagics,Mackerel,"17,948,242","7,175,830"
1999,Canada,Pelagics,Other pelagic/finfish,"2,371,315","3,067,350"
1999,Canada,Pelagics,Salmon,"17,120,717","26,903,296"
1999,Canada,Pelagics,Shark,"1,102,547","1,703,290"
1999,Canada,Pelagics,Silversides,"558,383","385,824"
1999,Canada,Pelagics,Swordfish,"1,118,519","7,939,844"
1999,Canada,Pelagics,Total pelagics,"286,235,014","124,060,855"
1999,Canada,Pelagics,Tuna,"2,443,365","16,013,621"
1999,Canada,Other,Marine plants,"30,690,878","2,870,328"
1999,Canada,Other,Miscellaneous,"1,550,979","13,859,532"
1999,Canada,Other,Total other,"32,241,857","16,729,860"
1999,Canada,Groundfish,Cod,"56,323,445","82,222,531"
1999,Canada,Groundfish,Flatfishes,"22,832,767","24,213,985"
1999,Canada,Groundfish,Greenland turbot,"16,234,077","19,343,661"
1999,Canada,Groundfish,Haddock,"10,550,505","20,538,425"
1999,Canada,Groundfish,Hake,"108,786,884","28,797,050"
1999,Canada,Groundfish,Halibut,"8,868,382","48,757,077"
1999,Canada,Groundfish,Other groundfish,"19,611,932","53,056,393"
1999,Canada,Groundfish,Pollock,"9,785,708","8,635,744"
1999,Canada,Groundfish,Redfish spp.,"43,683,178","45,062,716"
1999,Canada,Groundfish,Skate,"4,460,195","1,357,816"
1999,Canada,Groundfish,Total groundfish,"301,137,071","331,985,398"
1999,Canada,Grand total,Grand total,"1,003,062,592","1,910,165,472"
1999,New Brunswick,Shellfish,Clams / quahaug,"1,067,649","2,176,231"
1999,New Brunswick,Shellfish,"Crab, Other","1,603,637","1,372,898"
1999,New Brunswick,Shellfish,"Crab, Queen","7,550,036","39,947,484"
1999,New Brunswick,Shellfish,Lobster,"7,958,036","90,435,210"
1999,New Brunswick,Shellfish,Other shellfish,"629,934","1,420,745"
1999,New Brunswick,Shellfish,Scallop,"2,393,203","5,360,595"
1999,New Brunswick,Shellfish,Sea cucumber,"3,094",614
1999,New Brunswick,Shellfish,Sea urchin,"1,713,474","3,826,069"
1999,New Brunswick,Shellfish,Shrimp,"4,762,037","6,722,708"
1999,New Brunswick,Shellfish,Total shellfish,"27,681,100","151,262,555"
1999,New Brunswick,Pelagics,Alewife,"3,569,352","674,130"
1999,New Brunswick,Pelagics,Capelin,"165,904","16,990"
1999,New Brunswick,Pelagics,Eel,"92,708","393,533"
1999,New Brunswick,Pelagics,Elvers,0,0
1999,New Brunswick,Pelagics,Herring,"77,500,248","14,102,708"
1999,New Brunswick,Pelagics,Mackerel,"2,270,355","1,037,989"
1999,New Brunswick,Pelagics,Other pelagic/finfish,"753,335","1,067,566"
1999,New Brunswick,Pelagics,Salmon,0,0
1999,New Brunswick,Pelagics,Shark,"1,712","2,537"
1999,New Brunswick,Pelagics,Silversides,0,0
1999,New Brunswick,Pelagics,Swordfish,0,0
1999,New Brunswick,Pelagics,Total pelagics,"84,353,614","17,295,452"
1999,New Brunswick,Pelagics,Tuna,0,0
1999,New Brunswick,Other,Marine plants,"6,940,894","613,259"
1999,New Brunswick,Other,Miscellaneous,0,0
1999,New Brunswick,Other,Total other,"6,940,894","613,259"
1999,New Brunswick,Groundfish,Cod,"1,214,147","1,682,526"
1999,New Brunswick,Groundfish,Flatfishes,"177,603","201,518"
1999,New Brunswick,Groundfish,Greenland turbot,"37,550","83,581"
1999,New Brunswick,Groundfish,Haddock,"20,171","61,804"
1999,New Brunswick,Groundfish,Hake,"31,432","36,381"
1999,New Brunswick,Groundfish,Halibut,"26,443","152,631"
1999,New Brunswick,Groundfish,Other groundfish,"41,596","11,698"
1999,New Brunswick,Groundfish,Pollock,"162,688","246,387"
1999,New Brunswick,Groundfish,Redfish spp.,"14,532","9,842"
1999,New Brunswick,Groundfish,Skate,0,0
1999,New Brunswick,Groundfish,Total groundfish,"1,726,162","2,486,368"
1999,New Brunswick,Grand total,Grand total,"120,701,770","171,657,634"
1999,Newfoundland and Labrador,Shellfish,Clams / quahaug,"21,229,808","17,730,696"
1999,Newfoundland and Labrador,Shellfish,"Crab, Other","190,806","141,678"
1999,Newfoundland and Labrador,Shellfish,"Crab, Queen","69,130,691","236,225,234"
1999,Newfoundland and Labrador,Shellfish,Lobster,"1,812,696","18,117,105"
1999,Newfoundland and Labrador,Shellfish,Other shellfish,"128,712","70,440"
1999,Newfoundland and Labrador,Shellfish,Scallop,"3,186,896","4,787,715"
1999,Newfoundland and Labrador,Shellfish,Sea cucumber,"10,626","4,685"
1999,Newfoundland and Labrador,Shellfish,Sea urchin,"843,591","1,318,191"
1999,Newfoundland and Labrador,Shellfish,Shrimp,"66,601,383","168,605,051"
1999,Newfoundland and Labrador,Shellfish,Total shellfish,"163,135,209","447,000,794"
1999,Newfoundland and Labrador,Pelagics,Alewife,0,0
1999,Newfoundland and Labrador,Pelagics,Capelin,"23,227,887","4,095,781"
1999,Newfoundland and Labrador,Pelagics,Eel,"54,535","332,159"
1999,Newfoundland and Labrador,Pelagics,Elvers,0,0
1999,Newfoundland and Labrador,Pelagics,Herring,"15,158,831","2,489,903"
1999,Newfoundland and Labrador,Pelagics,Mackerel,"1,374,993","144,675"
1999,Newfoundland and Labrador,Pelagics,Other pelagic/finfish,"48,370","78,030"
1999,Newfoundland and Labrador,Pelagics,Salmon,0,0
1999,Newfoundland and Labrador,Pelagics,Shark,"18,064","20,480"
1999,Newfoundland and Labrador,Pelagics,Silversides,0,0
1999,Newfoundland and Labrador,Pelagics,Swordfish,"253,455","1,441,284"
1999,Newfoundland and Labrador,Pelagics,Total pelagics,"40,240,892","9,453,896"
1999,Newfoundland and Labrador,Pelagics,Tuna,"104,757","851,582"
1999,Newfoundland and Labrador,Other,Marine plants,0,0
1999,Newfoundland and Labrador,Other,Miscellaneous,"1,139,391","3,591,866"
1999,Newfoundland and Labrador,Other,Total other,"1,139,391","3,591,866"
1999,Newfoundland and Labrador,Groundfish,Cod,"38,682,776","53,233,826"
1999,Newfoundland and Labrador,Groundfish,Flatfishes,"8,296,341","6,387,787"
1999,Newfoundland and Labrador,Groundfish,Greenland turbot,"8,785,189","9,498,152"
1999,Newfoundland and Labrador,Groundfish,Haddock,"148,703","163,820"
1999,Newfoundland and Labrador,Groundfish,Hake,"601,691","495,829"
1999,Newfoundland and Labrador,Groundfish,Halibut,"243,829","1,419,196"
1999,Newfoundland and Labrador,Groundfish,Other groundfish,"3,557,171","7,298,337"
1999,Newfoundland and Labrador,Groundfish,Pollock,"741,024","476,569"
1999,Newfoundland and Labrador,Groundfish,Redfish spp.,"7,505,013","4,466,689"
1999,Newfoundland and Labrador,Groundfish,Skate,"2,324,816","681,928"
1999,Newfoundland and Labrador,Groundfish,Total groundfish,"70,886,553","84,122,133"
1999,Newfoundland and Labrador,Grand total,Grand total,"275,402,045","544,168,688"
1999,Nova Scotia,Shellfish,Clams / quahaug,"9,062,336","9,970,251"
1999,Nova Scotia,Shellfish,"Crab, Other","2,213,689","2,240,512"
1999,Nova Scotia,Shellfish,"Crab, Queen","6,357,255","28,650,310"
1999,Nova Scotia,Shellfish,Lobster,"23,388,888","307,913,484"
1999,Nova Scotia,Shellfish,Other shellfish,"737,574","1,273,932"
1999,Nova Scotia,Shellfish,Scallop,"49,175,125","70,157,970"
1999,Nova Scotia,Shellfish,Sea cucumber,"1,293",855
1999,Nova Scotia,Shellfish,Sea urchin,"1,062,399","2,506,003"
1999,Nova Scotia,Shellfish,Shrimp,"29,594,402","88,021,346"
1999,Nova Scotia,Shellfish,Total shellfish,"121,592,961","510,734,664"
1999,Nova Scotia,Pelagics,Alewife,"1,360,155","479,821"
1999,Nova Scotia,Pelagics,Capelin,0,0
1999,Nova Scotia,Pelagics,Eel,"84,964","254,039"
1999,Nova Scotia,Pelagics,Elvers,0,0
1999,Nova Scotia,Pelagics,Herring,"86,627,658","12,748,957"
1999,Nova Scotia,Pelagics,Mackerel,"4,797,500","2,097,558"
1999,Nova Scotia,Pelagics,Other pelagic/finfish,"90,394","154,628"
1999,Nova Scotia,Pelagics,Salmon,0,0
1999,Nova Scotia,Pelagics,Shark,"1,074,115","1,674,729"
1999,Nova Scotia,Pelagics,Silversides,0,0
1999,Nova Scotia,Pelagics,Swordfish,"865,064","6,498,560"
1999,Nova Scotia,Pelagics,Total pelagics,"95,619,123","33,979,267"
1999,Nova Scotia,Pelagics,Tuna,"719,273","10,070,976"
1999,Nova Scotia,Other,Marine plants,"17,358,439","1,079,877"
1999,Nova Scotia,Other,Miscellaneous,0,"451,159"
1999,Nova Scotia,Other,Total other,"17,358,439","1,531,036"
1999,Nova Scotia,Groundfish,Cod,"10,259,276","18,534,407"
1999,Nova Scotia,Groundfish,Flatfishes,"6,988,969","9,688,459"
1999,Nova Scotia,Groundfish,Greenland turbot,"970,460","2,973,767"
1999,Nova Scotia,Groundfish,Haddock,"10,381,566","20,312,766"
1999,Nova Scotia,Groundfish,Hake,"16,176,192","12,176,925"
1999,Nova Scotia,Groundfish,Halibut,"752,474","5,798,432"
1999,Nova Scotia,Groundfish,Other groundfish,"5,131,071","3,938,648"
1999,Nova Scotia,Groundfish,Pollock,"7,648,457","7,503,686"
1999,Nova Scotia,Groundfish,Redfish spp.,"11,809,904","6,896,446"
1999,Nova Scotia,Groundfish,Skate,"764,747","336,548"
1999,Nova Scotia,Groundfish,Total groundfish,"70,883,116","88,160,084"
1999,Nova Scotia,Grand total,Grand total,"305,453,639","634,405,052"
1999,Prince Edward Island,Shellfish,Clams / quahaug,"1,367,845","3,872,544"
1999,Prince Edward Island,Shellfish,"Crab, Other","2,504,058","1,927,654"
1999,Prince Edward Island,Shellfish,"Crab, Queen","859,459","4,547,393"
1999,Prince Edward Island,Shellfish,Lobster,"8,402,661","89,147,180"
1999,Prince Edward Island,Shellfish,Other shellfish,"3,352,719","7,159,212"
1999,Prince Edward Island,Shellfish,Scallop,"760,426","1,614,896"
1999,Prince Edward Island,Shellfish,Sea cucumber,0,0
1999,Prince Edward Island,Shellfish,Sea urchin,"18,798","37,851"
1999,Prince Edward Island,Shellfish,Shrimp,0,0
1999,Prince Edward Island,Shellfish,Total shellfish,"17,265,966","108,306,729"
1999,Prince Edward Island,Pelagics,Alewife,"92,629","61,709"
1999,Prince Edward Island,Pelagics,Capelin,0,0
1999,Prince Edward Island,Pelagics,Eel,"34,941","179,139"
1999,Prince Edward Island,Pelagics,Elvers,0,0
1999,Prince Edward Island,Pelagics,Herring,"17,783,774","4,358,386"
1999,Prince Edward Island,Pelagics,Mackerel,"3,844,841","1,829,309"
1999,Prince Edward Island,Pelagics,Other pelagic/finfish,"238,376","302,686"
1999,Prince Edward Island,Pelagics,Salmon,0,0
1999,Prince Edward Island,Pelagics,Shark,"6,951","5,241"
1999,Prince Edward Island,Pelagics,Silversides,"558,383","385,824"
1999,Prince Edward Island,Pelagics,Swordfish,0,0
1999,Prince Edward Island,Pelagics,Total pelagics,"22,636,155","8,145,168"
1999,Prince Edward Island,Pelagics,Tuna,"76,260","1,022,874"
1999,Prince Edward Island,Other,Marine plants,"6,391,545","1,177,192"
1999,Prince Edward Island,Other,Miscellaneous,0,0
1999,Prince Edward Island,Other,Total other,"6,391,545","1,177,192"
1999,Prince Edward Island,Groundfish,Cod,"1,250,344","2,082,665"
1999,Prince Edward Island,Groundfish,Flatfishes,"656,534","588,270"
1999,Prince Edward Island,Groundfish,Greenland turbot,0,0
1999,Prince Edward Island,Groundfish,Haddock,0,0
1999,Prince Edward Island,Groundfish,Hake,"217,850","253,878"
1999,Prince Edward Island,Groundfish,Halibut,"2,901","21,494"
1999,Prince Edward Island,Groundfish,Other groundfish,"160,458","51,124"
1999,Prince Edward Island,Groundfish,Pollock,0,0
1999,Prince Edward Island,Groundfish,Redfish spp.,0,0
1999,Prince Edward Island,Groundfish,Skate,"3,919","1,931"
1999,Prince Edward Island,Groundfish,Total groundfish,"2,292,006","2,999,361"
1999,Prince Edward Island,Grand total,Grand total,"48,585,672","120,628,451"
1999,Quebec,Shellfish,Clams / quahaug,"1,940,849","2,864,481"
1999,Quebec,Shellfish,"Crab, Other","1,225,558","868,737"
1999,Quebec,Shellfish,"Crab, Queen","11,338,907","54,196,990"
1999,Quebec,Shellfish,Lobster,"3,214,224","35,918,934"
1999,Quebec,Shellfish,Other shellfish,"1,619,028","1,238,548"
1999,Quebec,Shellfish,Scallop,"2,788,866","4,227,109"
1999,Quebec,Shellfish,Sea cucumber,0,0
1999,Quebec,Shellfish,Sea urchin,"21,634","24,624"
1999,Quebec,Shellfish,Shrimp,"14,916,809","25,008,694"
1999,Quebec,Shellfish,Total shellfish,"37,065,875","124,348,117"
1999,Quebec,Pelagics,Alewife,941,104
1999,Quebec,Pelagics,Capelin,"86,290","9,571"
1999,Quebec,Pelagics,Eel,"123,140","548,990"
1999,Quebec,Pelagics,Elvers,0,0
1999,Quebec,Pelagics,Herring,"5,829,123","1,091,572"
1999,Quebec,Pelagics,Mackerel,"5,406,569","1,952,662"
1999,Quebec,Pelagics,Other pelagic/finfish,"374,061","705,905"
1999,Quebec,Pelagics,Salmon,"5,185","23,468"
1999,Quebec,Pelagics,Shark,"1,705",303
1999,Quebec,Pelagics,Silversides,0,0
1999,Quebec,Pelagics,Swordfish,0,0
1999,Quebec,Pelagics,Total pelagics,"11,827,014","4,332,575"
1999,Quebec,Pelagics,Tuna,0,0
1999,Quebec,Other,Marine plants,0,0
1999,Quebec,Other,Miscellaneous,0,0
1999,Quebec,Other,Total other,0,0
1999,Quebec,Groundfish,Cod,"4,081,315","5,553,623"
1999,Quebec,Groundfish,Flatfishes,"1,025,904","836,061"
1999,Quebec,Groundfish,Greenland turbot,"2,884,675","5,773,101"
1999,Quebec,Groundfish,Haddock,65,35
1999,Quebec,Groundfish,Hake,"20,417","11,315"
1999,Quebec,Groundfish,Halibut,"180,735","945,324"
1999,Quebec,Groundfish,Other groundfish,"270,364","227,906"
1999,Quebec,Groundfish,Pollock,649,334
1999,Quebec,Groundfish,Redfish spp.,"368,441","293,543"
1999,Quebec,Groundfish,Skate,"7,936","1,211"
1999,Quebec,Groundfish,Total groundfish,"8,840,501","13,642,452"
1999,Quebec,Grand total,Grand total,"57,733,390","142,323,144"
2000,Atlantic,Shellfish,Clams / quahaug,"31,241,633","33,794,157"
2000,Atlantic,Shellfish,"Crab, Other","10,625,780","10,834,135"
2000,Atlantic,Shellfish,"Crab, Queen","93,495,629","485,268,728"
2000,Atlantic,Shellfish,Lobster,"45,509,067","539,341,206"
2000,Atlantic,Shellfish,Other shellfish,"7,380,875","12,909,888"
2000,Atlantic,Shellfish,Scallop,"86,676,048","121,691,460"
2000,Atlantic,Shellfish,Sea cucumber,"988,907","187,880"
2000,Atlantic,Shellfish,Sea urchin,"3,135,189","7,420,654"
2000,Atlantic,Shellfish,Shrimp,"134,915,827","281,962,252"
2000,Atlantic,Shellfish,Total shellfish,"413,968,955","1,493,410,359"
2000,Atlantic,Pelagics,Alewife,"3,929,198","1,024,774"
2000,Atlantic,Pelagics,Capelin,"21,246,199","3,621,768"
2000,Atlantic,Pelagics,Eel,"435,529","1,973,819"
2000,Atlantic,Pelagics,Elvers,0,0
2000,Atlantic,Pelagics,Herring,"203,368,273","35,341,427"
2000,Atlantic,Pelagics,Mackerel,"17,847,884","8,658,514"
2000,Atlantic,Pelagics,Other pelagic/finfish,"1,464,728","1,837,190"
2000,Atlantic,Pelagics,Salmon,0,0
2000,Atlantic,Pelagics,Shark,"1,022,838","2,161,166"
2000,Atlantic,Pelagics,Silversides,"303,797","233,427"
2000,Atlantic,Pelagics,Swordfish,"967,771","7,487,591"
2000,Atlantic,Pelagics,Total pelagics,"251,688,372","78,140,004"
2000,Atlantic,Pelagics,Tuna,"1,102,155","15,800,328"
2000,Atlantic,Other,Marine plants,"34,507,103","3,160,548"
2000,Atlantic,Other,Miscellaneous,"349,076","1,232,823"
2000,Atlantic,Other,Total other,"34,856,179","4,393,371"
2000,Atlantic,Groundfish,Cod,"46,242,103","68,549,491"
2000,Atlantic,Groundfish,Flatfishes,"22,141,567","21,425,628"
2000,Atlantic,Groundfish,Greenland turbot,"17,414,299","19,952,564"
2000,Atlantic,Groundfish,Haddock,"12,682,894","24,273,801"
2000,Atlantic,Groundfish,Hake,"16,438,823","11,674,602"
2000,Atlantic,Groundfish,Halibut,"1,225,224","9,077,894"
2000,Atlantic,Groundfish,Other groundfish,"8,810,927","10,227,019"
2000,Atlantic,Groundfish,Pollock,"6,534,850","5,337,843"
2000,Atlantic,Groundfish,Redfish spp.,"19,871,950","10,728,975"
2000,Atlantic,Groundfish,Skate,"2,065,284","478,491"
2000,Atlantic,Groundfish,Total groundfish,"153,427,921","181,726,308"
2000,Atlantic,Grand total,Grand total,"853,941,427","1,757,670,042"
2000,British Columbia,Shellfish,Clams / quahaug,"2,913,002","43,408,445"
2000,British Columbia,Shellfish,"Crab, Other","2,999,228","21,591,377"
2000,British Columbia,Shellfish,"Crab, Queen",0,0
2000,British Columbia,Shellfish,Lobster,0,0
2000,British Columbia,Shellfish,Other shellfish,"1,270,099","2,381,579"
2000,British Columbia,Shellfish,Scallop,"46,850","281,513"
2000,British Columbia,Shellfish,Sea cucumber,0,0
2000,British Columbia,Shellfish,Sea urchin,"5,049,161","8,879,221"
2000,British Columbia,Shellfish,Shrimp,"4,345,821","38,289,285"
2000,British Columbia,Shellfish,Total shellfish,"16,624,161","114,831,420"
2000,British Columbia,Pelagics,Alewife,0,0
2000,British Columbia,Pelagics,Capelin,0,0
2000,British Columbia,Pelagics,Eel,0,0
2000,British Columbia,Pelagics,Elvers,0,0
2000,British Columbia,Pelagics,Herring,"30,420,410","49,829,116"
2000,British Columbia,Pelagics,Mackerel,"3,852","1,742"
2000,British Columbia,Pelagics,Other pelagic/finfish,"464,597","254,355"
2000,British Columbia,Pelagics,Salmon,"19,496,157","52,411,623"
2000,British Columbia,Pelagics,Shark,0,0
2000,British Columbia,Pelagics,Silversides,0,0
2000,British Columbia,Pelagics,Swordfish,0,0
2000,British Columbia,Pelagics,Total pelagics,"52,775,192","108,115,453"
2000,British Columbia,Pelagics,Tuna,"2,390,175","5,618,618"
2000,British Columbia,Other,Marine plants,0,0
2000,British Columbia,Other,Miscellaneous,"412,685","13,186,394"
2000,British Columbia,Other,Total other,"412,685","13,186,394"
2000,British Columbia,Groundfish,Cod,"711,301","1,173,499"
2000,British Columbia,Groundfish,Flatfishes,"5,915,127","6,531,321"
2000,British Columbia,Groundfish,Greenland turbot,"4,290,619","1,264,859"
2000,British Columbia,Groundfish,Haddock,0,0
2000,British Columbia,Groundfish,Hake,"22,374,408","3,500,491"
2000,British Columbia,Groundfish,Halibut,"6,465,000","39,848,000"
2000,British Columbia,Groundfish,Other groundfish,"11,537,633","43,667,346"
2000,British Columbia,Groundfish,Pollock,"1,043,830","498,493"
2000,British Columbia,Groundfish,Redfish spp.,"24,434,170","35,740,680"
2000,British Columbia,Groundfish,Skate,"1,610,421","438,601"
2000,British Columbia,Groundfish,Total groundfish,"78,382,509","132,663,289"
2000,British Columbia,Grand total,Grand total,"148,194,547","368,796,556"
2000,Canada,Shellfish,Clams / quahaug,"34,154,635","77,202,602"
2000,Canada,Shellfish,"Crab, Other","13,625,008","32,425,512"
2000,Canada,Shellfish,"Crab, Queen","93,495,629","485,268,728"
2000,Canada,Shellfish,Lobster,"45,509,067","539,341,206"
2000,Canada,Shellfish,Other shellfish,"8,650,974","15,291,467"
2000,Canada,Shellfish,Scallop,"86,722,898","121,972,972"
2000,Canada,Shellfish,Sea cucumber,"988,907","187,880"
2000,Canada,Shellfish,Sea urchin,"8,184,350","16,299,875"
2000,Canada,Shellfish,Shrimp,"139,261,648","320,251,537"
2000,Canada,Shellfish,Total shellfish,"430,593,116","1,608,241,779"
2000,Canada,Pelagics,Alewife,"3,929,198","1,024,774"
2000,Canada,Pelagics,Capelin,"21,246,199","3,621,768"
2000,Canada,Pelagics,Eel,"435,529","1,973,819"
2000,Canada,Pelagics,Elvers,0,0
2000,Canada,Pelagics,Herring,"233,788,683","85,170,542"
2000,Canada,Pelagics,Mackerel,"17,851,736","8,660,256"
2000,Canada,Pelagics,Other pelagic/finfish,"1,929,325","2,091,544"
2000,Canada,Pelagics,Salmon,"19,496,157","52,411,623"
2000,Canada,Pelagics,Shark,"1,022,838","2,161,166"
2000,Canada,Pelagics,Silversides,"303,797","233,427"
2000,Canada,Pelagics,Swordfish,"967,771","7,487,591"
2000,Canada,Pelagics,Total pelagics,"304,463,564","186,255,458"
2000,Canada,Pelagics,Tuna,"3,492,330","21,418,946"
2000,Canada,Other,Marine plants,"34,507,103","3,160,548"
2000,Canada,Other,Miscellaneous,"761,761","14,419,217"
2000,Canada,Other,Total other,"35,268,864","17,579,764"
2000,Canada,Groundfish,Cod,"46,953,404","69,722,990"
2000,Canada,Groundfish,Flatfishes,"28,056,694","27,956,949"
2000,Canada,Groundfish,Greenland turbot,"21,704,918","21,217,423"
2000,Canada,Groundfish,Haddock,"12,682,894","24,273,801"
2000,Canada,Groundfish,Hake,"38,813,231","15,175,093"
2000,Canada,Groundfish,Halibut,"7,690,224","48,925,894"
2000,Canada,Groundfish,Other groundfish,"20,348,560","53,894,365"
2000,Canada,Groundfish,Pollock,"7,578,680","5,836,336"
2000,Canada,Groundfish,Redfish spp.,"44,306,120","46,469,655"
2000,Canada,Groundfish,Skate,"3,675,705","917,091"
2000,Canada,Groundfish,Total groundfish,"231,810,430","314,389,597"
2000,Canada,Grand total,Grand total,"1,002,135,974","2,126,466,598"
2000,New Brunswick,Shellfish,Clams / quahaug,"718,427","1,398,891"
2000,New Brunswick,Shellfish,"Crab, Other","2,628,517","2,581,728"
2000,New Brunswick,Shellfish,"Crab, Queen","8,482,083","52,358,880"
2000,New Brunswick,Shellfish,Lobster,"7,941,626","84,647,709"
2000,New Brunswick,Shellfish,Other shellfish,"601,205","1,204,564"
2000,New Brunswick,Shellfish,Scallop,"2,299,637","4,704,839"
2000,New Brunswick,Shellfish,Sea cucumber,"647,824","109,620"
2000,New Brunswick,Shellfish,Sea urchin,"1,416,198","3,603,063"
2000,New Brunswick,Shellfish,Shrimp,"5,333,217","7,338,219"
2000,New Brunswick,Shellfish,Total shellfish,"30,068,734","157,947,512"
2000,New Brunswick,Pelagics,Alewife,"2,157,587","469,686"
2000,New Brunswick,Pelagics,Capelin,0,0
2000,New Brunswick,Pelagics,Eel,"90,485","372,303"
2000,New Brunswick,Pelagics,Elvers,0,0
2000,New Brunswick,Pelagics,Herring,"79,337,409","14,266,892"
2000,New Brunswick,Pelagics,Mackerel,"2,027,543","1,419,357"
2000,New Brunswick,Pelagics,Other pelagic/finfish,"835,309","859,524"
2000,New Brunswick,Pelagics,Salmon,0,0
2000,New Brunswick,Pelagics,Shark,"1,059","1,519"
2000,New Brunswick,Pelagics,Silversides,0,0
2000,New Brunswick,Pelagics,Swordfish,0,0
2000,New Brunswick,Pelagics,Total pelagics,"84,449,392","17,389,281"
2000,New Brunswick,Pelagics,Tuna,0,0
2000,New Brunswick,Other,Marine plants,"7,935,877","802,368"
2000,New Brunswick,Other,Miscellaneous,0,0
2000,New Brunswick,Other,Total other,"7,935,877","802,368"
2000,New Brunswick,Groundfish,Cod,"1,258,680","1,557,249"
2000,New Brunswick,Groundfish,Flatfishes,"101,353","101,106"
2000,New Brunswick,Groundfish,Greenland turbot,"5,289","10,014"
2000,New Brunswick,Groundfish,Haddock,"31,611","64,333"
2000,New Brunswick,Groundfish,Hake,"50,685","57,461"
2000,New Brunswick,Groundfish,Halibut,"17,913","111,674"
2000,New Brunswick,Groundfish,Other groundfish,"132,610","41,868"
2000,New Brunswick,Groundfish,Pollock,"115,572","129,228"
2000,New Brunswick,Groundfish,Redfish spp.,"6,877","3,811"
2000,New Brunswick,Groundfish,Skate,0,0
2000,New Brunswick,Groundfish,Total groundfish,"1,720,590","2,076,743"
2000,New Brunswick,Grand total,Grand total,"124,174,593","178,215,904"
2000,Newfoundland and Labrador,Shellfish,Clams / quahaug,"17,347,501","14,163,520"
2000,Newfoundland and Labrador,Shellfish,"Crab, Other","764,698","666,560"
2000,Newfoundland and Labrador,Shellfish,"Crab, Queen","55,433,501","267,638,870"
2000,Newfoundland and Labrador,Shellfish,Lobster,"1,757,218","19,267,660"
2000,Newfoundland and Labrador,Shellfish,Other shellfish,"720,871","410,016"
2000,Newfoundland and Labrador,Shellfish,Scallop,"2,880,131","4,226,547"
2000,Newfoundland and Labrador,Shellfish,Sea cucumber,"13,904","6,131"
2000,Newfoundland and Labrador,Shellfish,Sea urchin,"783,457","1,431,168"
2000,Newfoundland and Labrador,Shellfish,Shrimp,"83,916,470","173,213,078"
2000,Newfoundland and Labrador,Shellfish,Total shellfish,"163,617,751","481,023,551"
2000,Newfoundland and Labrador,Pelagics,Alewife,0,0
2000,Newfoundland and Labrador,Pelagics,Capelin,"21,159,109","3,612,168"
2000,Newfoundland and Labrador,Pelagics,Eel,"69,798","368,753"
2000,Newfoundland and Labrador,Pelagics,Elvers,0,0
2000,Newfoundland and Labrador,Pelagics,Herring,"16,690,049","2,775,565"
2000,Newfoundland and Labrador,Pelagics,Mackerel,"4,491,225","1,342,938"
2000,Newfoundland and Labrador,Pelagics,Other pelagic/finfish,"50,751","78,961"
2000,Newfoundland and Labrador,Pelagics,Salmon,0,0
2000,Newfoundland and Labrador,Pelagics,Shark,"29,037","29,372"
2000,Newfoundland and Labrador,Pelagics,Silversides,0,0
2000,Newfoundland and Labrador,Pelagics,Swordfish,"227,272","1,429,912"
2000,Newfoundland and Labrador,Pelagics,Total pelagics,"42,958,409","11,965,881"
2000,Newfoundland and Labrador,Pelagics,Tuna,"241,168","2,328,212"
2000,Newfoundland and Labrador,Other,Marine plants,0,0
2000,Newfoundland and Labrador,Other,Miscellaneous,"349,052","919,536"
2000,Newfoundland and Labrador,Other,Total other,"349,052","919,536"
2000,Newfoundland and Labrador,Groundfish,Cod,"30,280,429","43,098,357"
2000,Newfoundland and Labrador,Groundfish,Flatfishes,"13,111,783","10,375,662"
2000,Newfoundland and Labrador,Groundfish,Greenland turbot,"15,078,283","14,427,274"
2000,Newfoundland and Labrador,Groundfish,Haddock,"234,708","215,512"
2000,Newfoundland and Labrador,Groundfish,Hake,"1,092,251","594,180"
2000,Newfoundland and Labrador,Groundfish,Halibut,"262,575","1,702,096"
2000,Newfoundland and Labrador,Groundfish,Other groundfish,"2,923,404","5,019,544"
2000,Newfoundland and Labrador,Groundfish,Pollock,"728,895","334,210"
2000,Newfoundland and Labrador,Groundfish,Redfish spp.,"5,870,126","3,359,699"
2000,Newfoundland and Labrador,Groundfish,Skate,"1,579,630","324,064"
2000,Newfoundland and Labrador,Groundfish,Total groundfish,"71,162,084","79,450,597"
2000,Newfoundland and Labrador,Grand total,Grand total,"278,087,296","573,359,565"
2000,Nova Scotia,Shellfish,Clams / quahaug,"9,048,546","9,736,878"
2000,Nova Scotia,Shellfish,"Crab, Other","3,046,953","4,297,975"
2000,Nova Scotia,Shellfish,"Crab, Queen","14,088,856","79,851,167"
2000,Nova Scotia,Shellfish,Lobster,"23,736,163","302,568,743"
2000,Nova Scotia,Shellfish,Other shellfish,"676,734","951,374"
2000,Nova Scotia,Shellfish,Scallop,"78,211,198","107,107,695"
2000,Nova Scotia,Shellfish,Sea cucumber,"327,179","72,130"
2000,Nova Scotia,Shellfish,Sea urchin,"916,273","2,352,243"
2000,Nova Scotia,Shellfish,Shrimp,"28,577,312","74,053,533"
2000,Nova Scotia,Shellfish,Total shellfish,"158,629,214","580,991,738"
2000,Nova Scotia,Pelagics,Alewife,"1,683,988","502,629"
2000,Nova Scotia,Pelagics,Capelin,0,0
2000,Nova Scotia,Pelagics,Eel,"97,422","468,276"
2000,Nova Scotia,Pelagics,Elvers,0,0
2000,Nova Scotia,Pelagics,Herring,"77,017,585","12,094,726"
2000,Nova Scotia,Pelagics,Mackerel,"4,928,651","2,187,681"
2000,Nova Scotia,Pelagics,Other pelagic/finfish,"91,973","118,770"
2000,Nova Scotia,Pelagics,Salmon,0,0
2000,Nova Scotia,Pelagics,Shark,"983,252","2,123,499"
2000,Nova Scotia,Pelagics,Silversides,0,0
2000,Nova Scotia,Pelagics,Swordfish,"740,499","6,057,679"
2000,Nova Scotia,Pelagics,Total pelagics,"86,296,029","34,832,237"
2000,Nova Scotia,Pelagics,Tuna,"752,659","11,278,976"
2000,Nova Scotia,Other,Marine plants,"19,766,617","1,091,630"
2000,Nova Scotia,Other,Miscellaneous,0,"313,246"
2000,Nova Scotia,Other,Total other,"19,766,617","1,404,876"
2000,Nova Scotia,Groundfish,Cod,"9,712,364","17,378,619"
2000,Nova Scotia,Groundfish,Flatfishes,"7,351,195","9,700,705"
2000,Nova Scotia,Groundfish,Greenland turbot,"698,695","2,051,009"
2000,Nova Scotia,Groundfish,Haddock,"12,416,566","23,993,943"
2000,Nova Scotia,Groundfish,Hake,"15,238,639","10,967,330"
2000,Nova Scotia,Groundfish,Halibut,"719,448","6,082,658"
2000,Nova Scotia,Groundfish,Other groundfish,"5,523,549","4,978,175"
2000,Nova Scotia,Groundfish,Pollock,"5,689,212","4,873,861"
2000,Nova Scotia,Groundfish,Redfish spp.,"13,695,259","7,142,418"
2000,Nova Scotia,Groundfish,Skate,"479,396","153,302"
2000,Nova Scotia,Groundfish,Total groundfish,"71,524,323","87,322,019"
2000,Nova Scotia,Grand total,Grand total,"336,216,183","704,550,871"
2000,Prince Edward Island,Shellfish,Clams / quahaug,"1,601,930","4,812,372"
2000,Prince Edward Island,Shellfish,"Crab, Other","2,760,653","2,095,043"
2000,Prince Edward Island,Shellfish,"Crab, Queen","1,122,083","6,926,374"
2000,Prince Edward Island,Shellfish,Lobster,"8,660,985","91,841,730"
2000,Prince Edward Island,Shellfish,Other shellfish,"3,646,519","8,807,044"
2000,Prince Edward Island,Shellfish,Scallop,"925,408","1,837,580"
2000,Prince Edward Island,Shellfish,Sea cucumber,0,0
2000,Prince Edward Island,Shellfish,Sea urchin,0,0
2000,Prince Edward Island,Shellfish,Shrimp,0,0
2000,Prince Edward Island,Shellfish,Total shellfish,"18,717,578","116,320,142"
2000,Prince Edward Island,Pelagics,Alewife,"87,623","52,459"
2000,Prince Edward Island,Pelagics,Capelin,0,0
2000,Prince Edward Island,Pelagics,Eel,"79,061","328,027"
2000,Prince Edward Island,Pelagics,Elvers,0,0
2000,Prince Edward Island,Pelagics,Herring,"22,556,544","4,711,583"
2000,Prince Edward Island,Pelagics,Mackerel,"4,378,480","2,712,081"
2000,Prince Edward Island,Pelagics,Other pelagic/finfish,"155,885","197,667"
2000,Prince Edward Island,Pelagics,Salmon,0,0
2000,Prince Edward Island,Pelagics,Shark,"7,849","6,027"
2000,Prince Edward Island,Pelagics,Silversides,"303,797","233,427"
2000,Prince Edward Island,Pelagics,Swordfish,0,0
2000,Prince Edward Island,Pelagics,Total pelagics,"27,677,567","10,434,412"
2000,Prince Edward Island,Pelagics,Tuna,"108,328","2,193,140"
2000,Prince Edward Island,Other,Marine plants,"6,804,609","1,266,550"
2000,Prince Edward Island,Other,Miscellaneous,0,0
2000,Prince Edward Island,Other,Total other,"6,804,609","1,266,550"
2000,Prince Edward Island,Groundfish,Cod,"965,950","1,251,490"
2000,Prince Edward Island,Groundfish,Flatfishes,"477,699","425,504"
2000,Prince Edward Island,Groundfish,Greenland turbot,0,0
2000,Prince Edward Island,Groundfish,Haddock,0,0
2000,Prince Edward Island,Groundfish,Hake,"43,519","47,713"
2000,Prince Edward Island,Groundfish,Halibut,"8,555","55,416"
2000,Prince Edward Island,Groundfish,Other groundfish,"16,658","6,462"
2000,Prince Edward Island,Groundfish,Pollock,0,0
2000,Prince Edward Island,Groundfish,Redfish spp.,0,0
2000,Prince Edward Island,Groundfish,Skate,0,0
2000,Prince Edward Island,Groundfish,Total groundfish,"1,512,381","1,786,586"
2000,Prince Edward Island,Grand total,Grand total,"54,712,135","129,807,690"
2000,Quebec,Shellfish,Clams / quahaug,"2,525,229","3,682,496"
2000,Quebec,Shellfish,"Crab, Other","1,424,959","1,192,829"
2000,Quebec,Shellfish,"Crab, Queen","14,369,106","78,493,437"
2000,Quebec,Shellfish,Lobster,"3,413,075","41,015,363"
2000,Quebec,Shellfish,Other shellfish,"1,735,546","1,536,890"
2000,Quebec,Shellfish,Scallop,"2,359,674","3,814,798"
2000,Quebec,Shellfish,Sea cucumber,0,0
2000,Quebec,Shellfish,Sea urchin,"19,261","34,180"
2000,Quebec,Shellfish,Shrimp,"17,088,828","27,357,422"
2000,Quebec,Shellfish,Total shellfish,"42,935,678","157,127,415"
2000,Quebec,Pelagics,Alewife,0,0
2000,Quebec,Pelagics,Capelin,"87,090","9,600"
2000,Quebec,Pelagics,Eel,"98,763","436,461"
2000,Quebec,Pelagics,Elvers,0,0
2000,Quebec,Pelagics,Herring,"7,766,686","1,492,660"
2000,Quebec,Pelagics,Mackerel,"2,021,985","996,456"
2000,Quebec,Pelagics,Other pelagic/finfish,"330,810","582,268"
2000,Quebec,Pelagics,Salmon,0,0
2000,Quebec,Pelagics,Shark,"1,641",749
2000,Quebec,Pelagics,Silversides,0,0
2000,Quebec,Pelagics,Swordfish,0,0
2000,Quebec,Pelagics,Total pelagics,"10,306,975","3,518,193"
2000,Quebec,Pelagics,Tuna,0,0
2000,Quebec,Other,Marine plants,0,0
2000,Quebec,Other,Miscellaneous,24,41
2000,Quebec,Other,Total other,24,41
2000,Quebec,Groundfish,Cod,"4,024,680","5,263,776"
2000,Quebec,Groundfish,Flatfishes,"1,099,537","822,650"
2000,Quebec,Groundfish,Greenland turbot,"1,632,032","3,464,268"
2000,Quebec,Groundfish,Haddock,9,14
2000,Quebec,Groundfish,Hake,"13,729","7,919"
2000,Quebec,Groundfish,Halibut,"216,733","1,126,050"
2000,Quebec,Groundfish,Other groundfish,"214,706","180,970"
2000,Quebec,Groundfish,Pollock,"1,171",543
2000,Quebec,Groundfish,Redfish spp.,"299,688","223,048"
2000,Quebec,Groundfish,Skate,"6,258","1,125"
2000,Quebec,Groundfish,Total groundfish,"7,508,543","11,090,363"
2000,Quebec,Grand total,Grand total,"60,751,220","171,736,012"
2001,Atlantic,Shellfish,Clams / quahaug,"28,925,073","35,122,873"
2001,Atlantic,Shellfish,"Crab, Other","12,798,433","12,994,529"
2001,Atlantic,Shellfish,"Crab, Queen","95,312,312","395,568,816"
2001,Atlantic,Shellfish,Lobster,"52,257,247","646,429,019"
2001,Atlantic,Shellfish,Other shellfish,"6,357,101","10,709,011"
2001,Atlantic,Shellfish,Scallop,"90,702,640","126,440,267"
2001,Atlantic,Shellfish,Sea cucumber,"705,080","93,567"
2001,Atlantic,Shellfish,Sea urchin,"2,814,138","6,816,328"
2001,Atlantic,Shellfish,Shrimp,"125,330,076","240,194,221"
2001,Atlantic,Shellfish,Total shellfish,"415,202,100","1,474,368,631"
2001,Atlantic,Pelagics,Alewife,"3,677,508","989,232"
2001,Atlantic,Pelagics,Capelin,"19,771,492","2,966,395"
2001,Atlantic,Pelagics,Eel,"345,844","1,874,939"
2001,Atlantic,Pelagics,Elvers,0,0
2001,Atlantic,Pelagics,Herring,"200,887,042","42,655,818"
2001,Atlantic,Pelagics,Mackerel,"24,678,005","11,320,991"
2001,Atlantic,Pelagics,Other pelagic/finfish,"951,729","1,218,060"
2001,Atlantic,Pelagics,Salmon,0,0
2001,Atlantic,Pelagics,Shark,"590,772","949,906"
2001,Atlantic,Pelagics,Silversides,"646,307","427,955"
2001,Atlantic,Pelagics,Swordfish,"1,078,865","8,457,908"
2001,Atlantic,Pelagics,Total pelagics,"253,560,453","84,168,109"
2001,Atlantic,Pelagics,Tuna,"932,889","13,306,906"
2001,Atlantic,Other,Marine plants,"35,241,411","3,138,585"
2001,Atlantic,Other,Miscellaneous,"501,475","4,837,478"
2001,Atlantic,Other,Total other,"35,742,886","7,976,063"
2001,Atlantic,Groundfish,Cod,"40,505,028","58,513,085"
2001,Atlantic,Groundfish,Flatfishes,"25,116,157","21,909,346"
2001,Atlantic,Groundfish,Greenland turbot,"13,836,279","16,430,970"
2001,Atlantic,Groundfish,Haddock,"15,611,147","28,114,472"
2001,Atlantic,Groundfish,Hake,"22,977,007","17,087,003"
2001,Atlantic,Groundfish,Halibut,"1,651,015","12,053,636"
2001,Atlantic,Groundfish,Other groundfish,"9,644,574","11,786,643"
2001,Atlantic,Groundfish,Pollock,"7,191,525","5,729,306"
2001,Atlantic,Groundfish,Redfish spp.,"19,826,302","12,582,350"
2001,Atlantic,Groundfish,Skate,"2,628,527","786,792"
2001,Atlantic,Groundfish,Total groundfish,"158,987,561","184,993,601"
2001,Atlantic,Grand total,Grand total,"863,493,000","1,751,506,404"
2001,British Columbia,Shellfish,Clams / quahaug,"2,792,669","39,465,703"
2001,British Columbia,Shellfish,"Crab, Other","5,766,785","36,506,964"
2001,British Columbia,Shellfish,"Crab, Queen",0,0
2001,British Columbia,Shellfish,Lobster,0,0
2001,British Columbia,Shellfish,Other shellfish,"1,273,290","2,058,931"
2001,British Columbia,Shellfish,Scallop,"39,019","250,726"
2001,British Columbia,Shellfish,Sea cucumber,0,0
2001,British Columbia,Shellfish,Sea urchin,"4,296,808","7,841,786"
2001,British Columbia,Shellfish,Shrimp,"4,379,123","35,990,656"
2001,British Columbia,Shellfish,Total shellfish,"18,547,693","122,114,766"
2001,British Columbia,Pelagics,Alewife,0,0
2001,British Columbia,Pelagics,Capelin,0,0
2001,British Columbia,Pelagics,Eel,0,0
2001,British Columbia,Pelagics,Elvers,0,0
2001,British Columbia,Pelagics,Herring,"24,369,089","36,419,594"
2001,British Columbia,Pelagics,Mackerel,"20,182","8,899"
2001,British Columbia,Pelagics,Other pelagic/finfish,"233,715","188,762"
2001,British Columbia,Pelagics,Salmon,"24,728,583","37,142,798"
2001,British Columbia,Pelagics,Shark,0,0
2001,British Columbia,Pelagics,Silversides,0,0
2001,British Columbia,Pelagics,Swordfish,0,0
2001,British Columbia,Pelagics,Total pelagics,"53,003,853","88,233,451"
2001,British Columbia,Pelagics,Tuna,"3,652,284","14,473,398"
2001,British Columbia,Other,Marine plants,0,0
2001,British Columbia,Other,Miscellaneous,"453,719","12,810,102"
2001,British Columbia,Other,Total other,"453,719","12,810,102"
2001,British Columbia,Groundfish,Cod,"473,134","670,243"
2001,British Columbia,Groundfish,Flatfishes,"5,514,658","5,738,060"
2001,British Columbia,Groundfish,Greenland turbot,"8,245,579","2,273,419"
2001,British Columbia,Groundfish,Haddock,0,0
2001,British Columbia,Groundfish,Hake,"61,016,235","9,229,604"
2001,British Columbia,Groundfish,Halibut,"6,315,000","38,427,000"
2001,British Columbia,Groundfish,Other groundfish,"10,294,598","34,560,524"
2001,British Columbia,Groundfish,Pollock,"1,746,479","1,035,106"
2001,British Columbia,Groundfish,Redfish spp.,"21,756,561","30,583,308"
2001,British Columbia,Groundfish,Skate,"1,580,754","778,781"
2001,British Columbia,Groundfish,Total groundfish,"116,942,999","123,296,045"
2001,British Columbia,Grand total,Grand total,"188,948,264","346,454,364"
2001,Canada,Shellfish,Clams / quahaug,"31,717,742","74,588,576"
2001,Canada,Shellfish,"Crab, Other","18,565,218","49,501,493"
2001,Canada,Shellfish,"Crab, Queen","95,312,312","395,568,816"
2001,Canada,Shellfish,Lobster,"52,257,247","646,429,019"
2001,Canada,Shellfish,Other shellfish,"7,630,391","12,767,942"
2001,Canada,Shellfish,Scallop,"90,741,659","126,690,993"
2001,Canada,Shellfish,Sea cucumber,"705,080","93,567"
2001,Canada,Shellfish,Sea urchin,"7,110,946","14,658,114"
2001,Canada,Shellfish,Shrimp,"129,709,199","276,184,877"
2001,Canada,Shellfish,Total shellfish,"433,749,793","1,596,483,397"
2001,Canada,Pelagics,Alewife,"3,677,508","989,232"
2001,Canada,Pelagics,Capelin,"19,771,492","2,966,395"
2001,Canada,Pelagics,Eel,"345,844","1,874,939"
2001,Canada,Pelagics,Elvers,0,0
2001,Canada,Pelagics,Herring,"225,256,131","79,075,412"
2001,Canada,Pelagics,Mackerel,"24,698,187","11,329,889"
2001,Canada,Pelagics,Other pelagic/finfish,"1,185,444","1,406,822"
2001,Canada,Pelagics,Salmon,"24,728,583","37,142,798"
2001,Canada,Pelagics,Shark,"590,772","949,906"
2001,Canada,Pelagics,Silversides,"646,307","427,955"
2001,Canada,Pelagics,Swordfish,"1,078,865","8,457,908"
2001,Canada,Pelagics,Total pelagics,"306,564,306","172,401,560"
2001,Canada,Pelagics,Tuna,"4,585,173","27,780,304"
2001,Canada,Other,Marine plants,"35,241,411","3,138,585"
2001,Canada,Other,Miscellaneous,"955,194","17,647,579"
2001,Canada,Other,Total other,"36,196,605","20,786,165"
2001,Canada,Groundfish,Cod,"40,978,162","59,183,327"
2001,Canada,Groundfish,Flatfishes,"30,630,815","27,647,405"
2001,Canada,Groundfish,Greenland turbot,"22,081,858","18,704,388"
2001,Canada,Groundfish,Haddock,"15,611,147","28,114,472"
2001,Canada,Groundfish,Hake,"83,993,242","26,316,607"
2001,Canada,Groundfish,Halibut,"7,966,015","50,480,636"
2001,Canada,Groundfish,Other groundfish,"19,939,172","46,347,167"
2001,Canada,Groundfish,Pollock,"8,938,004","6,764,412"
2001,Canada,Groundfish,Redfish spp.,"41,582,863","43,165,659"
2001,Canada,Groundfish,Skate,"4,209,281","1,565,573"
2001,Canada,Groundfish,Total groundfish,"275,930,560","308,289,647"
2001,Canada,Grand total,Grand total,"1,052,441,264","2,097,960,768"
2001,New Brunswick,Shellfish,Clams / quahaug,"1,067,045","1,884,721"
2001,New Brunswick,Shellfish,"Crab, Other","2,982,239","3,007,214"
2001,New Brunswick,Shellfish,"Crab, Queen","7,194,302","38,065,425"
2001,New Brunswick,Shellfish,Lobster,"8,311,071","93,844,039"
2001,New Brunswick,Shellfish,Other shellfish,"648,040","1,434,658"
2001,New Brunswick,Shellfish,Scallop,"2,378,554","4,081,311"
2001,New Brunswick,Shellfish,Sea cucumber,"636,812","78,517"
2001,New Brunswick,Shellfish,Sea urchin,"1,459,504","4,014,404"
2001,New Brunswick,Shellfish,Shrimp,"7,057,305","8,272,445"
2001,New Brunswick,Shellfish,Total shellfish,"31,734,872","154,682,734"
2001,New Brunswick,Pelagics,Alewife,"2,611,691","627,138"
2001,New Brunswick,Pelagics,Capelin,0,0
2001,New Brunswick,Pelagics,Eel,"100,616","452,366"
2001,New Brunswick,Pelagics,Elvers,0,0
2001,New Brunswick,Pelagics,Herring,"73,896,624","15,973,556"
2001,New Brunswick,Pelagics,Mackerel,"2,374,023","1,663,322"
2001,New Brunswick,Pelagics,Other pelagic/finfish,"245,440","285,412"
2001,New Brunswick,Pelagics,Salmon,0,0
2001,New Brunswick,Pelagics,Shark,769,"1,298"
2001,New Brunswick,Pelagics,Silversides,0,0
2001,New Brunswick,Pelagics,Swordfish,0,0
2001,New Brunswick,Pelagics,Total pelagics,"79,229,163","19,003,091"
2001,New Brunswick,Pelagics,Tuna,0,0
2001,New Brunswick,Other,Marine plants,"9,680,257","680,744"
2001,New Brunswick,Other,Miscellaneous,0,0
2001,New Brunswick,Other,Total other,"9,680,257","680,744"
2001,New Brunswick,Groundfish,Cod,"1,256,146","1,598,266"
2001,New Brunswick,Groundfish,Flatfishes,"97,329","106,452"
2001,New Brunswick,Groundfish,Greenland turbot,"8,025","19,601"
2001,New Brunswick,Groundfish,Haddock,"28,516","55,205"
2001,New Brunswick,Groundfish,Hake,"42,893","47,287"
2001,New Brunswick,Groundfish,Halibut,"30,160","182,076"
2001,New Brunswick,Groundfish,Other groundfish,"287,878","135,426"
2001,New Brunswick,Groundfish,Pollock,"93,403","112,547"
2001,New Brunswick,Groundfish,Redfish spp.,"1,017","1,123"
2001,New Brunswick,Groundfish,Skate,10,4
2001,New Brunswick,Groundfish,Total groundfish,"1,845,377","2,257,987"
2001,New Brunswick,Grand total,Grand total,"122,489,669","176,624,556"
2001,Newfoundland and Labrador,Shellfish,Clams / quahaug,"13,618,284","11,482,942"
2001,Newfoundland and Labrador,Shellfish,"Crab, Other","1,390,861","1,112,966"
2001,Newfoundland and Labrador,Shellfish,"Crab, Queen","56,719,925","218,830,683"
2001,Newfoundland and Labrador,Shellfish,Lobster,"2,117,198","25,663,339"
2001,Newfoundland and Labrador,Shellfish,Other shellfish,"440,706","283,644"
2001,Newfoundland and Labrador,Shellfish,Scallop,"1,730,967","2,520,544"
2001,Newfoundland and Labrador,Shellfish,Sea cucumber,0,0
2001,Newfoundland and Labrador,Shellfish,Sea urchin,"838,604","1,404,173"
2001,Newfoundland and Labrador,Shellfish,Shrimp,"75,870,253","147,923,377"
2001,Newfoundland and Labrador,Shellfish,Total shellfish,"152,726,798","409,221,668"
2001,Newfoundland and Labrador,Pelagics,Alewife,0,0
2001,Newfoundland and Labrador,Pelagics,Capelin,"19,656,632","2,957,733"
2001,Newfoundland and Labrador,Pelagics,Eel,"36,694","139,063"
2001,Newfoundland and Labrador,Pelagics,Elvers,0,0
2001,Newfoundland and Labrador,Pelagics,Herring,"17,579,344","3,112,708"
2001,Newfoundland and Labrador,Pelagics,Mackerel,"9,098,275","2,449,054"
2001,Newfoundland and Labrador,Pelagics,Other pelagic/finfish,"43,892","62,892"
2001,Newfoundland and Labrador,Pelagics,Salmon,0,0
2001,Newfoundland and Labrador,Pelagics,Shark,"17,212","16,755"
2001,Newfoundland and Labrador,Pelagics,Silversides,0,0
2001,Newfoundland and Labrador,Pelagics,Swordfish,"179,937","1,121,003"
2001,Newfoundland and Labrador,Pelagics,Total pelagics,"46,741,810","10,847,143"
2001,Newfoundland and Labrador,Pelagics,Tuna,"129,824","987,935"
2001,Newfoundland and Labrador,Other,Marine plants,0,0
2001,Newfoundland and Labrador,Other,Miscellaneous,"501,230","4,626,512"
2001,Newfoundland and Labrador,Other,Total other,"501,230","4,626,512"
2001,Newfoundland and Labrador,Groundfish,Cod,"23,837,211","32,905,369"
2001,Newfoundland and Labrador,Groundfish,Flatfishes,"16,875,507","13,606,780"
2001,Newfoundland and Labrador,Groundfish,Greenland turbot,"12,024,828","12,222,308"
2001,Newfoundland and Labrador,Groundfish,Haddock,"188,162","172,876"
2001,Newfoundland and Labrador,Groundfish,Hake,"1,348,728","855,380"
2001,Newfoundland and Labrador,Groundfish,Halibut,"390,941","2,455,976"
2001,Newfoundland and Labrador,Groundfish,Other groundfish,"2,520,328","5,798,019"
2001,Newfoundland and Labrador,Groundfish,Pollock,"875,066","403,687"
2001,Newfoundland and Labrador,Groundfish,Redfish spp.,"8,114,177","5,363,402"
2001,Newfoundland and Labrador,Groundfish,Skate,"2,171,406","537,328"
2001,Newfoundland and Labrador,Groundfish,Total groundfish,"68,346,354","74,321,126"
2001,Newfoundland and Labrador,Grand total,Grand total,"268,316,192","499,016,449"
2001,Nova Scotia,Shellfish,Clams / quahaug,"9,791,507","12,339,205"
2001,Nova Scotia,Shellfish,"Crab, Other","3,912,109","4,843,506"
2001,Nova Scotia,Shellfish,"Crab, Queen","15,763,456","67,350,647"
2001,Nova Scotia,Shellfish,Lobster,"29,435,493","375,316,968"
2001,Nova Scotia,Shellfish,Other shellfish,"789,227","909,309"
2001,Nova Scotia,Shellfish,Scallop,"84,264,362","116,542,989"
2001,Nova Scotia,Shellfish,Sea cucumber,"68,268","15,050"
2001,Nova Scotia,Shellfish,Sea urchin,"491,871","1,356,843"
2001,Nova Scotia,Shellfish,Shrimp,"29,662,998","67,211,636"
2001,Nova Scotia,Shellfish,Total shellfish,"174,179,291","645,886,154"
2001,Nova Scotia,Pelagics,Alewife,"1,035,645","341,455"
2001,Nova Scotia,Pelagics,Capelin,0,0
2001,Nova Scotia,Pelagics,Eel,"73,568","761,142"
2001,Nova Scotia,Pelagics,Elvers,0,0
2001,Nova Scotia,Pelagics,Herring,"83,880,592","17,065,699"
2001,Nova Scotia,Pelagics,Mackerel,"4,079,343","2,064,692"
2001,Nova Scotia,Pelagics,Other pelagic/finfish,"268,803","180,277"
2001,Nova Scotia,Pelagics,Salmon,0,0
2001,Nova Scotia,Pelagics,Shark,"565,191","924,922"
2001,Nova Scotia,Pelagics,Silversides,0,0
2001,Nova Scotia,Pelagics,Swordfish,"898,928","7,336,905"
2001,Nova Scotia,Pelagics,Total pelagics,"91,560,200","39,883,438"
2001,Nova Scotia,Pelagics,Tuna,"758,130","11,208,348"
2001,Nova Scotia,Other,Marine plants,"20,287,591","1,261,983"
2001,Nova Scotia,Other,Miscellaneous,0,"210,822"
2001,Nova Scotia,Other,Total other,"20,287,591","1,472,805"
2001,Nova Scotia,Groundfish,Cod,"10,576,673","17,817,378"
2001,Nova Scotia,Groundfish,Flatfishes,"6,745,206","7,047,585"
2001,Nova Scotia,Groundfish,Greenland turbot,"911,824","2,453,241"
2001,Nova Scotia,Groundfish,Haddock,"15,393,938","27,886,008"
2001,Nova Scotia,Groundfish,Hake,"21,530,194","16,135,234"
2001,Nova Scotia,Groundfish,Halibut,"1,016,831","8,294,433"
2001,Nova Scotia,Groundfish,Other groundfish,"6,656,406","5,702,774"
2001,Nova Scotia,Groundfish,Pollock,"6,222,994","5,213,036"
2001,Nova Scotia,Groundfish,Redfish spp.,"10,904,880","6,590,942"
2001,Nova Scotia,Groundfish,Skate,"452,899","248,562"
2001,Nova Scotia,Groundfish,Total groundfish,"80,411,845","97,389,194"
2001,Nova Scotia,Grand total,Grand total,"366,438,927","784,631,591"
2001,Prince Edward Island,Shellfish,Clams / quahaug,"1,644,837","4,946,314"
2001,Prince Edward Island,Shellfish,"Crab, Other","2,946,495","2,506,947"
2001,Prince Edward Island,Shellfish,"Crab, Queen","1,482,603","7,844,532"
2001,Prince Edward Island,Shellfish,Lobster,"8,790,891","104,992,216"
2001,Prince Edward Island,Shellfish,Other shellfish,"2,547,993","6,324,084"
2001,Prince Edward Island,Shellfish,Scallop,"537,913","832,450"
2001,Prince Edward Island,Shellfish,Sea cucumber,0,0
2001,Prince Edward Island,Shellfish,Sea urchin,0,0
2001,Prince Edward Island,Shellfish,Shrimp,0,0
2001,Prince Edward Island,Shellfish,Total shellfish,"17,950,732","127,446,543"
2001,Prince Edward Island,Pelagics,Alewife,"30,172","20,640"
2001,Prince Edward Island,Pelagics,Capelin,0,0
2001,Prince Edward Island,Pelagics,Eel,"40,248","147,176"
2001,Prince Edward Island,Pelagics,Elvers,0,0
2001,Prince Edward Island,Pelagics,Herring,"19,512,635","5,271,516"
2001,Prince Edward Island,Pelagics,Mackerel,"5,914,550","3,722,514"
2001,Prince Edward Island,Pelagics,Other pelagic/finfish,"118,714","158,047"
2001,Prince Edward Island,Pelagics,Salmon,0,0
2001,Prince Edward Island,Pelagics,Shark,"6,734","6,111"
2001,Prince Edward Island,Pelagics,Silversides,"646,307","427,955"
2001,Prince Edward Island,Pelagics,Swordfish,0,0
2001,Prince Edward Island,Pelagics,Total pelagics,"26,314,295","10,864,582"
2001,Prince Edward Island,Pelagics,Tuna,"44,935","1,110,623"
2001,Prince Edward Island,Other,Marine plants,"5,273,563","1,195,858"
2001,Prince Edward Island,Other,Miscellaneous,0,0
2001,Prince Edward Island,Other,Total other,"5,273,563","1,195,858"
2001,Prince Edward Island,Groundfish,Cod,"804,341","1,021,568"
2001,Prince Edward Island,Groundfish,Flatfishes,"522,830","467,273"
2001,Prince Edward Island,Groundfish,Greenland turbot,0,0
2001,Prince Edward Island,Groundfish,Haddock,0,0
2001,Prince Edward Island,Groundfish,Hake,"37,631","40,643"
2001,Prince Edward Island,Groundfish,Halibut,"7,416","57,445"
2001,Prince Edward Island,Groundfish,Other groundfish,"6,371","3,781"
2001,Prince Edward Island,Groundfish,Pollock,0,0
2001,Prince Edward Island,Groundfish,Redfish spp.,0,0
2001,Prince Edward Island,Groundfish,Skate,0,0
2001,Prince Edward Island,Groundfish,Total groundfish,"1,378,589","1,590,710"
2001,Prince Edward Island,Grand total,Grand total,"50,917,179","141,097,693"
2001,Quebec,Shellfish,Clams / quahaug,"2,803,400","4,469,692"
2001,Quebec,Shellfish,"Crab, Other","1,566,729","1,523,895"
2001,Quebec,Shellfish,"Crab, Queen","14,152,026","63,477,529"
2001,Quebec,Shellfish,Lobster,"3,602,594","46,612,456"
2001,Quebec,Shellfish,Other shellfish,"1,931,135","1,757,316"
2001,Quebec,Shellfish,Scallop,"1,790,844","2,462,974"
2001,Quebec,Shellfish,Sea cucumber,0,0
2001,Quebec,Shellfish,Sea urchin,"24,159","40,907"
2001,Quebec,Shellfish,Shrimp,"12,739,520","16,786,762"
2001,Quebec,Shellfish,Total shellfish,"38,610,407","137,131,532"
2001,Quebec,Pelagics,Alewife,0,0
2001,Quebec,Pelagics,Capelin,"114,860","8,662"
2001,Quebec,Pelagics,Eel,"94,718","375,193"
2001,Quebec,Pelagics,Elvers,0,0
2001,Quebec,Pelagics,Herring,"6,017,847","1,232,339"
2001,Quebec,Pelagics,Mackerel,"3,211,814","1,421,408"
2001,Quebec,Pelagics,Other pelagic/finfish,"274,880","531,432"
2001,Quebec,Pelagics,Salmon,0,0
2001,Quebec,Pelagics,Shark,866,821
2001,Quebec,Pelagics,Silversides,0,0
2001,Quebec,Pelagics,Swordfish,0,0
2001,Quebec,Pelagics,Total pelagics,"9,714,985","3,569,854"
2001,Quebec,Pelagics,Tuna,0,0
2001,Quebec,Other,Marine plants,0,0
2001,Quebec,Other,Miscellaneous,245,144
2001,Quebec,Other,Total other,245,144
2001,Quebec,Groundfish,Cod,"4,030,657","5,170,505"
2001,Quebec,Groundfish,Flatfishes,"875,285","681,255"
2001,Quebec,Groundfish,Greenland turbot,"891,602","1,735,820"
2001,Quebec,Groundfish,Haddock,531,383
2001,Quebec,Groundfish,Hake,"17,561","8,459"
2001,Quebec,Groundfish,Halibut,"205,667","1,063,704"
2001,Quebec,Groundfish,Other groundfish,"173,591","146,642"
2001,Quebec,Groundfish,Pollock,62,36
2001,Quebec,Groundfish,Redfish spp.,"806,228","626,884"
2001,Quebec,Groundfish,Skate,"4,212",898
2001,Quebec,Groundfish,Total groundfish,"7,005,396","9,434,586"
2001,Quebec,Grand total,Grand total,"55,331,033","150,136,115"
2002,Atlantic,Shellfish,Clams / quahaug,"32,068,823","38,841,085"
2002,Atlantic,Shellfish,"Crab, Other","12,303,034","11,428,604"
2002,Atlantic,Shellfish,"Crab, Queen","106,807,143","486,936,929"
2002,Atlantic,Shellfish,Lobster,"48,941,711","641,761,335"
2002,Atlantic,Shellfish,Other shellfish,"7,794,193","10,205,650"
2002,Atlantic,Shellfish,Scallop,"96,086,138","131,048,145"
2002,Atlantic,Shellfish,Sea cucumber,"1,156,251","278,149"
2002,Atlantic,Shellfish,Sea urchin,"2,308,633","5,723,836"
2002,Atlantic,Shellfish,Shrimp,"135,599,933","248,493,038"
2002,Atlantic,Shellfish,Total shellfish,"443,065,859","1,574,716,771"
2002,Atlantic,Pelagics,Alewife,"6,456,735","1,994,576"
2002,Atlantic,Pelagics,Capelin,"13,597,515","1,745,244"
2002,Atlantic,Pelagics,Eel,"380,982","1,868,658"
2002,Atlantic,Pelagics,Elvers,0,0
2002,Atlantic,Pelagics,Herring,"193,308,945","40,124,474"
2002,Atlantic,Pelagics,Mackerel,"34,847,052","13,905,944"
2002,Atlantic,Pelagics,Other pelagic/finfish,"679,439","1,066,377"
2002,Atlantic,Pelagics,Salmon,0,0
2002,Atlantic,Pelagics,Shark,"345,879","549,723"
2002,Atlantic,Pelagics,Silversides,"198,253","98,290"
2002,Atlantic,Pelagics,Swordfish,"959,342","7,562,609"
2002,Atlantic,Pelagics,Total pelagics,"251,838,406","84,238,243"
2002,Atlantic,Pelagics,Tuna,"1,064,264","15,322,348"
2002,Atlantic,Other,Marine plants,"42,139,083","4,168,185"
2002,Atlantic,Other,Miscellaneous,"101,290","17,671,530"
2002,Atlantic,Other,Total other,"42,240,373","21,839,715"
2002,Atlantic,Groundfish,Cod,"35,786,470","49,526,634"
2002,Atlantic,Groundfish,Flatfishes,"21,132,957","18,425,913"
2002,Atlantic,Groundfish,Greenland turbot,"11,288,135","14,510,905"
2002,Atlantic,Groundfish,Haddock,"14,909,764","27,980,205"
2002,Atlantic,Groundfish,Hake,"20,919,891","14,486,065"
2002,Atlantic,Groundfish,Halibut,"1,651,892","11,904,326"
2002,Atlantic,Groundfish,Other groundfish,"11,108,693","11,086,116"
2002,Atlantic,Groundfish,Pollock,"7,561,171","6,338,116"
2002,Atlantic,Groundfish,Redfish spp.,"16,772,661","10,267,261"
2002,Atlantic,Groundfish,Skate,"2,984,182","865,663"
2002,Atlantic,Groundfish,Total groundfish,"144,115,816","165,391,206"
2002,Atlantic,Grand total,Grand total,"881,260,454","1,846,185,934"
2002,British Columbia,Shellfish,Clams / quahaug,"3,238,859","42,735,741"
2002,British Columbia,Shellfish,"Crab, Other","4,186,771","28,165,829"
2002,British Columbia,Shellfish,"Crab, Queen",0,0
2002,British Columbia,Shellfish,Lobster,0,0
2002,British Columbia,Shellfish,Other shellfish,"1,162,222","1,967,188"
2002,British Columbia,Shellfish,Scallop,"42,409","261,360"
2002,British Columbia,Shellfish,Sea cucumber,0,0
2002,British Columbia,Shellfish,Sea urchin,"4,362,165","7,581,198"
2002,British Columbia,Shellfish,Shrimp,"3,712,450","22,972,277"
2002,British Columbia,Shellfish,Total shellfish,"16,704,876","103,683,594"
2002,British Columbia,Pelagics,Alewife,0,0
2002,British Columbia,Pelagics,Capelin,0,0
2002,British Columbia,Pelagics,Eel,0,0
2002,British Columbia,Pelagics,Elvers,0,0
2002,British Columbia,Pelagics,Herring,"26,338,146","37,107,343"
2002,British Columbia,Pelagics,Mackerel,499,220
2002,British Columbia,Pelagics,Other pelagic/finfish,"172,140","164,546"
2002,British Columbia,Pelagics,Salmon,"33,268,593","57,294,381"
2002,British Columbia,Pelagics,Shark,0,0
2002,British Columbia,Pelagics,Silversides,0,0
2002,British Columbia,Pelagics,Swordfish,0,0
2002,British Columbia,Pelagics,Total pelagics,"63,435,773","102,660,892"
2002,British Columbia,Pelagics,Tuna,"3,656,395","8,094,402"
2002,British Columbia,Other,Marine plants,0,0
2002,British Columbia,Other,Miscellaneous,"440,260","12,853,389"
2002,British Columbia,Other,Total other,"440,260","12,853,389"
2002,British Columbia,Groundfish,Cod,"693,547","963,191"
2002,British Columbia,Groundfish,Flatfishes,"11,899,801","9,562,636"
2002,British Columbia,Groundfish,Greenland turbot,0,0
2002,British Columbia,Groundfish,Haddock,0,0
2002,British Columbia,Groundfish,Hake,"56,872,309","12,024,483"
2002,British Columbia,Groundfish,Halibut,"7,261,000","43,023,000"
2002,British Columbia,Groundfish,Other groundfish,"10,079,622","27,874,539"
2002,British Columbia,Groundfish,Pollock,"3,605,501","331,025"
2002,British Columbia,Groundfish,Redfish spp.,"20,125,302","23,922,427"
2002,British Columbia,Groundfish,Skate,"1,539,882","1,205,236"
2002,British Columbia,Groundfish,Total groundfish,"112,076,964","118,906,536"
2002,British Columbia,Grand total,Grand total,"192,657,873","338,104,411"
2002,Canada,Shellfish,Clams / quahaug,"35,307,682","81,576,826"
2002,Canada,Shellfish,"Crab, Other","16,489,805","39,594,432"
2002,Canada,Shellfish,"Crab, Queen","106,807,143","486,936,929"
2002,Canada,Shellfish,Lobster,"48,941,711","641,761,335"
2002,Canada,Shellfish,Other shellfish,"8,956,415","12,172,839"
2002,Canada,Shellfish,Scallop,"96,128,547","131,309,505"
2002,Canada,Shellfish,Sea cucumber,"1,156,251","278,149"
2002,Canada,Shellfish,Sea urchin,"6,670,798","13,305,034"
2002,Canada,Shellfish,Shrimp,"139,312,383","271,465,315"
2002,Canada,Shellfish,Total shellfish,"459,770,735","1,678,400,365"
2002,Canada,Pelagics,Alewife,"6,456,735","1,994,576"
2002,Canada,Pelagics,Capelin,"13,597,515","1,745,244"
2002,Canada,Pelagics,Eel,"380,982","1,868,658"
2002,Canada,Pelagics,Elvers,0,0
2002,Canada,Pelagics,Herring,"219,647,091","77,231,817"
2002,Canada,Pelagics,Mackerel,"34,847,551","13,906,164"
2002,Canada,Pelagics,Other pelagic/finfish,"851,579","1,230,923"
2002,Canada,Pelagics,Salmon,"33,268,593","57,294,381"
2002,Canada,Pelagics,Shark,"345,879","549,723"
2002,Canada,Pelagics,Silversides,"198,253","98,290"
2002,Canada,Pelagics,Swordfish,"959,342","7,562,609"
2002,Canada,Pelagics,Total pelagics,"315,274,179","186,899,135"
2002,Canada,Pelagics,Tuna,"4,720,659","23,416,751"
2002,Canada,Other,Marine plants,"42,139,083","4,168,185"
2002,Canada,Other,Miscellaneous,"541,550","30,524,918"
2002,Canada,Other,Total other,"42,680,633","34,693,103"
2002,Canada,Groundfish,Cod,"36,480,017","50,489,826"
2002,Canada,Groundfish,Flatfishes,"33,032,758","27,988,549"
2002,Canada,Groundfish,Greenland turbot,"11,288,135","14,510,905"
2002,Canada,Groundfish,Haddock,"14,909,764","27,980,205"
2002,Canada,Groundfish,Hake,"77,792,200","26,510,548"
2002,Canada,Groundfish,Halibut,"8,912,892","54,927,326"
2002,Canada,Groundfish,Other groundfish,"21,188,315","38,960,655"
2002,Canada,Groundfish,Pollock,"11,166,672","6,669,141"
2002,Canada,Groundfish,Redfish spp.,"36,897,963","34,189,687"
2002,Canada,Groundfish,Skate,"4,524,064","2,070,899"
2002,Canada,Groundfish,Total groundfish,"256,192,780","284,297,742"
2002,Canada,Grand total,Grand total,"1,073,918,327","2,184,290,345"
2002,New Brunswick,Shellfish,Clams / quahaug,"1,232,270","2,381,262"
2002,New Brunswick,Shellfish,"Crab, Other","3,273,671","3,000,982"
2002,New Brunswick,Shellfish,"Crab, Queen","11,944,919","65,816,590"
2002,New Brunswick,Shellfish,Lobster,"7,878,015","95,497,210"
2002,New Brunswick,Shellfish,Other shellfish,"493,255","1,178,154"
2002,New Brunswick,Shellfish,Scallop,"2,520,895","3,541,690"
2002,New Brunswick,Shellfish,Sea cucumber,"797,215","111,939"
2002,New Brunswick,Shellfish,Sea urchin,"1,188,465","3,473,094"
2002,New Brunswick,Shellfish,Shrimp,"6,747,345","7,586,445"
2002,New Brunswick,Shellfish,Total shellfish,"36,076,050","182,587,365"
2002,New Brunswick,Pelagics,Alewife,"4,574,031","1,229,475"
2002,New Brunswick,Pelagics,Capelin,0,0
2002,New Brunswick,Pelagics,Eel,"130,901","530,884"
2002,New Brunswick,Pelagics,Elvers,0,0
2002,New Brunswick,Pelagics,Herring,"68,816,443","14,719,967"
2002,New Brunswick,Pelagics,Mackerel,"2,232,953","1,475,368"
2002,New Brunswick,Pelagics,Other pelagic/finfish,"299,472","419,756"
2002,New Brunswick,Pelagics,Salmon,0,0
2002,New Brunswick,Pelagics,Shark,929,"1,581"
2002,New Brunswick,Pelagics,Silversides,0,0
2002,New Brunswick,Pelagics,Swordfish,0,0
2002,New Brunswick,Pelagics,Total pelagics,"76,056,499","18,418,488"
2002,New Brunswick,Pelagics,Tuna,"1,770","41,457"
2002,New Brunswick,Other,Marine plants,"11,176,868","911,976"
2002,New Brunswick,Other,Miscellaneous,0,0
2002,New Brunswick,Other,Total other,"11,176,868","911,976"
2002,New Brunswick,Groundfish,Cod,"1,395,904","1,846,675"
2002,New Brunswick,Groundfish,Flatfishes,"87,451","87,675"
2002,New Brunswick,Groundfish,Greenland turbot,"24,725","66,589"
2002,New Brunswick,Groundfish,Haddock,"19,522","38,266"
2002,New Brunswick,Groundfish,Hake,"45,170","42,932"
2002,New Brunswick,Groundfish,Halibut,"42,725","270,712"
2002,New Brunswick,Groundfish,Other groundfish,"234,938","140,548"
2002,New Brunswick,Groundfish,Pollock,"59,007","52,573"
2002,New Brunswick,Groundfish,Redfish spp.,"15,370","13,501"
2002,New Brunswick,Groundfish,Skate,0,0
2002,New Brunswick,Groundfish,Total groundfish,"1,924,812","2,559,471"
2002,New Brunswick,Grand total,Grand total,"125,234,229","204,477,300"
2002,Newfoundland and Labrador,Shellfish,Clams / quahaug,"16,104,059","12,970,598"
2002,Newfoundland and Labrador,Shellfish,"Crab, Other","1,209,986","913,008"
2002,Newfoundland and Labrador,Shellfish,"Crab, Queen","59,412,737","229,225,000"
2002,Newfoundland and Labrador,Shellfish,Lobster,"2,058,330","23,630,907"
2002,Newfoundland and Labrador,Shellfish,Other shellfish,"696,909","420,009"
2002,Newfoundland and Labrador,Shellfish,Scallop,"1,039,967","1,067,813"
2002,Newfoundland and Labrador,Shellfish,Sea cucumber,"121,109","90,011"
2002,Newfoundland and Labrador,Shellfish,Sea urchin,"807,187","1,417,788"
2002,Newfoundland and Labrador,Shellfish,Shrimp,"82,957,652","151,644,043"
2002,Newfoundland and Labrador,Shellfish,Total shellfish,"164,407,936","421,379,176"
2002,Newfoundland and Labrador,Pelagics,Alewife,0,0
2002,Newfoundland and Labrador,Pelagics,Capelin,"13,503,205","1,734,851"
2002,Newfoundland and Labrador,Pelagics,Eel,"65,494","264,502"
2002,Newfoundland and Labrador,Pelagics,Elvers,0,0
2002,Newfoundland and Labrador,Pelagics,Herring,"18,361,325","3,342,075"
2002,Newfoundland and Labrador,Pelagics,Mackerel,"18,015,904","5,038,766"
2002,Newfoundland and Labrador,Pelagics,Other pelagic/finfish,"26,171","41,473"
2002,Newfoundland and Labrador,Pelagics,Salmon,0,0
2002,Newfoundland and Labrador,Pelagics,Shark,"19,524","20,434"
2002,Newfoundland and Labrador,Pelagics,Silversides,0,0
2002,Newfoundland and Labrador,Pelagics,Swordfish,"49,409","308,715"
2002,Newfoundland and Labrador,Pelagics,Total pelagics,"50,186,732","11,787,812"
2002,Newfoundland and Labrador,Pelagics,Tuna,"145,700","1,036,996"
2002,Newfoundland and Labrador,Other,Marine plants,0,0
2002,Newfoundland and Labrador,Other,Miscellaneous,"90,627","17,590,903"
2002,Newfoundland and Labrador,Other,Total other,"90,627","17,590,903"
2002,Newfoundland and Labrador,Groundfish,Cod,"21,128,627","27,231,919"
2002,Newfoundland and Labrador,Groundfish,Flatfishes,"14,220,898","11,416,059"
2002,Newfoundland and Labrador,Groundfish,Greenland turbot,"9,705,168","10,662,612"
2002,Newfoundland and Labrador,Groundfish,Haddock,"292,173","307,562"
2002,Newfoundland and Labrador,Groundfish,Hake,"1,255,286","832,899"
2002,Newfoundland and Labrador,Groundfish,Halibut,"448,418","2,540,245"
2002,Newfoundland and Labrador,Groundfish,Other groundfish,"3,430,084","5,246,775"
2002,Newfoundland and Labrador,Groundfish,Pollock,"497,649","229,111"
2002,Newfoundland and Labrador,Groundfish,Redfish spp.,"6,918,114","4,385,196"
2002,Newfoundland and Labrador,Groundfish,Skate,"2,487,938","651,164"
2002,Newfoundland and Labrador,Groundfish,Total groundfish,"60,384,355","63,503,541"
2002,Newfoundland and Labrador,Grand total,Grand total,"275,069,650","514,261,432"
2002,Nova Scotia,Shellfish,Clams / quahaug,"10,481,754","14,404,385"
2002,Nova Scotia,Shellfish,"Crab, Other","3,068,629","3,904,153"
2002,Nova Scotia,Shellfish,"Crab, Queen","15,311,618","89,592,825"
2002,Nova Scotia,Shellfish,Lobster,"26,822,614","376,317,272"
2002,Nova Scotia,Shellfish,Other shellfish,"2,215,457","1,639,541"
2002,Nova Scotia,Shellfish,Scallop,"90,958,361","124,458,350"
2002,Nova Scotia,Shellfish,Sea cucumber,"237,927","76,199"
2002,Nova Scotia,Shellfish,Sea urchin,"265,693","783,346"
2002,Nova Scotia,Shellfish,Shrimp,"29,344,589","67,223,897"
2002,Nova Scotia,Shellfish,Total shellfish,"178,706,642","678,399,968"
2002,Nova Scotia,Pelagics,Alewife,"1,799,393","706,720"
2002,Nova Scotia,Pelagics,Capelin,0,0
2002,Nova Scotia,Pelagics,Eel,"58,802","620,053"
2002,Nova Scotia,Pelagics,Elvers,0,0
2002,Nova Scotia,Pelagics,Herring,"82,332,769","15,386,906"
2002,Nova Scotia,Pelagics,Mackerel,"3,991,077","2,253,758"
2002,Nova Scotia,Pelagics,Other pelagic/finfish,"112,459","152,112"
2002,Nova Scotia,Pelagics,Salmon,0,0
2002,Nova Scotia,Pelagics,Shark,"315,267","519,623"
2002,Nova Scotia,Pelagics,Silversides,0,0
2002,Nova Scotia,Pelagics,Swordfish,"909,933","7,253,893"
2002,Nova Scotia,Pelagics,Total pelagics,"90,331,954","38,872,959"
2002,Nova Scotia,Pelagics,Tuna,"812,254","11,979,894"
2002,Nova Scotia,Other,Marine plants,"23,775,085","1,280,373"
2002,Nova Scotia,Other,Miscellaneous,"10,622","80,617"
2002,Nova Scotia,Other,Total other,"23,785,707","1,360,990"
2002,Nova Scotia,Groundfish,Cod,"9,097,952","15,897,232"
2002,Nova Scotia,Groundfish,Flatfishes,"5,745,014","6,044,877"
2002,Nova Scotia,Groundfish,Greenland turbot,"506,178","1,385,123"
2002,Nova Scotia,Groundfish,Haddock,"14,598,057","27,634,369"
2002,Nova Scotia,Groundfish,Hake,"19,585,785","13,583,637"
2002,Nova Scotia,Groundfish,Halibut,"964,542","8,088,204"
2002,Nova Scotia,Groundfish,Other groundfish,"7,377,352","5,658,187"
2002,Nova Scotia,Groundfish,Pollock,"7,004,480","6,056,420"
2002,Nova Scotia,Groundfish,Redfish spp.,"9,491,955","5,612,174"
2002,Nova Scotia,Groundfish,Skate,"489,698","212,785"
2002,Nova Scotia,Groundfish,Total groundfish,"74,861,013","90,173,009"
2002,Nova Scotia,Grand total,Grand total,"367,685,316","808,806,927"
2002,Prince Edward Island,Shellfish,Clams / quahaug,"1,598,396","4,378,170"
2002,Prince Edward Island,Shellfish,"Crab, Other","2,769,467","1,930,361"
2002,Prince Edward Island,Shellfish,"Crab, Queen","2,288,700","12,614,150"
2002,Prince Edward Island,Shellfish,Lobster,"9,021,344","102,395,587"
2002,Prince Edward Island,Shellfish,Other shellfish,"2,559,140","5,369,552"
2002,Prince Edward Island,Shellfish,Scallop,"317,463","508,539"
2002,Prince Edward Island,Shellfish,Sea cucumber,0,0
2002,Prince Edward Island,Shellfish,Sea urchin,0,0
2002,Prince Edward Island,Shellfish,Shrimp,0,0
2002,Prince Edward Island,Shellfish,Total shellfish,"18,554,510","127,196,359"
2002,Prince Edward Island,Pelagics,Alewife,"83,311","58,381"
2002,Prince Edward Island,Pelagics,Capelin,0,0
2002,Prince Edward Island,Pelagics,Eel,"86,413","296,584"
2002,Prince Edward Island,Pelagics,Elvers,0,0
2002,Prince Edward Island,Pelagics,Herring,"18,460,831","5,296,871"
2002,Prince Edward Island,Pelagics,Mackerel,"6,186,408","3,410,125"
2002,Prince Edward Island,Pelagics,Other pelagic/finfish,"123,370","174,495"
2002,Prince Edward Island,Pelagics,Salmon,0,0
2002,Prince Edward Island,Pelagics,Shark,"9,014","6,772"
2002,Prince Edward Island,Pelagics,Silversides,"198,253","98,290"
2002,Prince Edward Island,Pelagics,Swordfish,0,0
2002,Prince Edward Island,Pelagics,Total pelagics,"25,252,140","11,605,518"
2002,Prince Edward Island,Pelagics,Tuna,"104,540","2,264,000"
2002,Prince Edward Island,Other,Marine plants,"7,187,130","1,975,836"
2002,Prince Edward Island,Other,Miscellaneous,0,0
2002,Prince Edward Island,Other,Total other,"7,187,130","1,975,836"
2002,Prince Edward Island,Groundfish,Cod,"888,664","1,130,414"
2002,Prince Edward Island,Groundfish,Flatfishes,"393,242","358,730"
2002,Prince Edward Island,Groundfish,Greenland turbot,0,0
2002,Prince Edward Island,Groundfish,Haddock,0,0
2002,Prince Edward Island,Groundfish,Hake,"17,209","17,389"
2002,Prince Edward Island,Groundfish,Halibut,"8,371","56,038"
2002,Prince Edward Island,Groundfish,Other groundfish,"3,369",808
2002,Prince Edward Island,Groundfish,Pollock,0,0
2002,Prince Edward Island,Groundfish,Redfish spp.,0,0
2002,Prince Edward Island,Groundfish,Skate,246,98
2002,Prince Edward Island,Groundfish,Total groundfish,"1,311,101","1,563,477"
2002,Prince Edward Island,Grand total,Grand total,"52,304,881","142,341,191"
2002,Quebec,Shellfish,Clams / quahaug,"2,652,344","4,706,671"
2002,Quebec,Shellfish,"Crab, Other","1,981,281","1,680,099"
2002,Quebec,Shellfish,"Crab, Queen","17,849,169","89,688,365"
2002,Quebec,Shellfish,Lobster,"3,161,408","43,920,359"
2002,Quebec,Shellfish,Other shellfish,"1,829,432","1,598,394"
2002,Quebec,Shellfish,Scallop,"1,249,452","1,471,753"
2002,Quebec,Shellfish,Sea cucumber,0,0
2002,Quebec,Shellfish,Sea urchin,"47,288","49,608"
2002,Quebec,Shellfish,Shrimp,"16,550,347","22,038,653"
2002,Quebec,Shellfish,Total shellfish,"45,320,721","165,153,902"
2002,Quebec,Pelagics,Alewife,0,0
2002,Quebec,Pelagics,Capelin,"94,310","10,393"
2002,Quebec,Pelagics,Eel,"39,372","156,635"
2002,Quebec,Pelagics,Elvers,0,0
2002,Quebec,Pelagics,Herring,"5,337,577","1,378,656"
2002,Quebec,Pelagics,Mackerel,"4,420,710","1,727,928"
2002,Quebec,Pelagics,Other pelagic/finfish,"117,967","278,541"
2002,Quebec,Pelagics,Salmon,0,0
2002,Quebec,Pelagics,Shark,"1,145","1,313"
2002,Quebec,Pelagics,Silversides,0,0
2002,Quebec,Pelagics,Swordfish,0,0
2002,Quebec,Pelagics,Total pelagics,"10,011,081","3,553,465"
2002,Quebec,Pelagics,Tuna,0,0
2002,Quebec,Other,Marine plants,0,0
2002,Quebec,Other,Miscellaneous,41,9
2002,Quebec,Other,Total other,41,9
2002,Quebec,Groundfish,Cod,"3,275,323","3,420,395"
2002,Quebec,Groundfish,Flatfishes,"686,352","518,573"
2002,Quebec,Groundfish,Greenland turbot,"1,052,064","2,396,582"
2002,Quebec,Groundfish,Haddock,12,9
2002,Quebec,Groundfish,Hake,"16,441","9,207"
2002,Quebec,Groundfish,Halibut,"187,836","949,127"
2002,Quebec,Groundfish,Other groundfish,"62,950","39,798"
2002,Quebec,Groundfish,Pollock,35,13
2002,Quebec,Groundfish,Redfish spp.,"347,222","256,389"
2002,Quebec,Groundfish,Skate,"6,300","1,615"
2002,Quebec,Groundfish,Total groundfish,"5,634,535","7,591,708"
2002,Quebec,Grand total,Grand total,"60,966,378","176,299,084"
2003,Atlantic,Shellfish,Clams / quahaug,"37,357,812","52,817,886"
2003,Atlantic,Shellfish,"Crab, Other","10,563,962","8,717,032"
2003,Atlantic,Shellfish,"Crab, Queen","96,897,497","513,773,385"
2003,Atlantic,Shellfish,Lobster,"49,837,164","665,119,080"
2003,Atlantic,Shellfish,Other shellfish,"12,833,937","17,514,141"
2003,Atlantic,Shellfish,Scallop,"93,857,587","130,772,531"
2003,Atlantic,Shellfish,Sea cucumber,"1,578,704","421,472"
2003,Atlantic,Shellfish,Sea urchin,"2,583,240","6,915,555"
2003,Atlantic,Shellfish,Shrimp,"142,547,153","240,756,876"
2003,Atlantic,Shellfish,Total shellfish,"448,057,056","1,636,807,959"
2003,Atlantic,Pelagics,Alewife,"5,236,933","1,552,106"
2003,Atlantic,Pelagics,Capelin,"22,459,815","3,687,222"
2003,Atlantic,Pelagics,Eel,"425,033","2,079,152"
2003,Atlantic,Pelagics,Elvers,0,0
2003,Atlantic,Pelagics,Herring,"200,333,673","43,017,327"
2003,Atlantic,Pelagics,Mackerel,"44,911,884","15,309,576"
2003,Atlantic,Pelagics,Other pelagic/finfish,"1,388,772","1,662,325"
2003,Atlantic,Pelagics,Salmon,0,0
2003,Atlantic,Pelagics,Shark,"237,953","333,869"
2003,Atlantic,Pelagics,Silversides,"467,723","399,143"
2003,Atlantic,Pelagics,Swordfish,"1,284,903","11,717,305"
2003,Atlantic,Pelagics,Total pelagics,"277,613,224","94,269,241"
2003,Atlantic,Pelagics,Tuna,"866,535","14,511,217"
2003,Atlantic,Other,Marine plants,"45,796,759","5,059,544"
2003,Atlantic,Other,Miscellaneous,"739,005","12,755,117"
2003,Atlantic,Other,Total other,"46,535,764","17,814,661"
2003,Atlantic,Groundfish,Cod,"22,776,245","33,543,848"
2003,Atlantic,Groundfish,Flatfishes,"23,004,466","19,588,907"
2003,Atlantic,Groundfish,Greenland turbot,"15,268,334","36,706,057"
2003,Atlantic,Groundfish,Haddock,"15,829,475","28,372,848"
2003,Atlantic,Groundfish,Hake,"15,132,130","10,481,264"
2003,Atlantic,Groundfish,Halibut,"1,832,020","14,551,352"
2003,Atlantic,Groundfish,Other groundfish,"9,400,440","12,427,040"
2003,Atlantic,Groundfish,Pollock,"8,635,696","6,792,496"
2003,Atlantic,Groundfish,Redfish spp.,"15,241,946","8,786,273"
2003,Atlantic,Groundfish,Skate,"2,600,577","748,741"
2003,Atlantic,Groundfish,Total groundfish,"129,721,329","171,998,826"
2003,Atlantic,Grand total,Grand total,"901,927,373","1,920,890,687"
2003,British Columbia,Shellfish,Clams / quahaug,"2,968,476","36,883,495"
2003,British Columbia,Shellfish,"Crab, Other","7,097,156","38,396,133"
2003,British Columbia,Shellfish,"Crab, Queen",0,0
2003,British Columbia,Shellfish,Lobster,0,0
2003,British Columbia,Shellfish,Other shellfish,"1,956,031","3,119,690"
2003,British Columbia,Shellfish,Scallop,"38,890","228,596"
2003,British Columbia,Shellfish,Sea cucumber,0,0
2003,British Columbia,Shellfish,Sea urchin,"4,398,108","7,504,579"
2003,British Columbia,Shellfish,Shrimp,"3,348,197","34,514,620"
2003,British Columbia,Shellfish,Total shellfish,"19,806,859","120,647,114"
2003,British Columbia,Pelagics,Alewife,0,0
2003,British Columbia,Pelagics,Capelin,0,0
2003,British Columbia,Pelagics,Eel,0,0
2003,British Columbia,Pelagics,Elvers,0,0
2003,British Columbia,Pelagics,Herring,"29,279,162","36,455,213"
2003,British Columbia,Pelagics,Mackerel,"1,186",538
2003,British Columbia,Pelagics,Other pelagic/finfish,"604,268","237,194"
2003,British Columbia,Pelagics,Salmon,"38,509,841","48,875,034"
2003,British Columbia,Pelagics,Shark,0,0
2003,British Columbia,Pelagics,Silversides,0,0
2003,British Columbia,Pelagics,Swordfish,0,0
2003,British Columbia,Pelagics,Total pelagics,"71,120,486","91,487,429"
2003,British Columbia,Pelagics,Tuna,"2,726,029","5,919,450"
2003,British Columbia,Other,Marine plants,0,0
2003,British Columbia,Other,Miscellaneous,"475,337","11,540,440"
2003,British Columbia,Other,Total other,"475,337","11,540,440"
2003,British Columbia,Groundfish,Cod,"805,472","1,093,174"
2003,British Columbia,Groundfish,Flatfishes,"10,435,871","7,783,303"
2003,British Columbia,Groundfish,Greenland turbot,0,0
2003,British Columbia,Groundfish,Haddock,0,0
2003,British Columbia,Groundfish,Hake,"68,561,770","16,404,960"
2003,British Columbia,Groundfish,Halibut,"6,301,889","48,406,281"
2003,British Columbia,Groundfish,Other groundfish,"11,691,602","31,347,258"
2003,British Columbia,Groundfish,Pollock,"5,387,940","2,150,698"
2003,British Columbia,Groundfish,Redfish spp.,"21,025,727","25,094,082"
2003,British Columbia,Groundfish,Skate,"2,519,992","2,107,602"
2003,British Columbia,Groundfish,Total groundfish,"126,730,264","134,387,358"
2003,British Columbia,Grand total,Grand total,"218,132,944","358,062,341"
2003,Canada,Shellfish,Clams / quahaug,"40,326,288","89,701,382"
2003,Canada,Shellfish,"Crab, Other","17,661,118","47,113,165"
2003,Canada,Shellfish,"Crab, Queen","96,897,497","513,773,385"
2003,Canada,Shellfish,Lobster,"49,837,164","665,119,080"
2003,Canada,Shellfish,Other shellfish,"14,789,968","20,633,832"
2003,Canada,Shellfish,Scallop,"93,896,477","131,001,127"
2003,Canada,Shellfish,Sea cucumber,"1,578,704","421,472"
2003,Canada,Shellfish,Sea urchin,"6,981,348","14,420,135"
2003,Canada,Shellfish,Shrimp,"145,895,350","275,271,496"
2003,Canada,Shellfish,Total shellfish,"467,863,915","1,757,455,073"
2003,Canada,Pelagics,Alewife,"5,236,933","1,552,106"
2003,Canada,Pelagics,Capelin,"22,459,815","3,687,222"
2003,Canada,Pelagics,Eel,"425,033","2,079,152"
2003,Canada,Pelagics,Elvers,0,0
2003,Canada,Pelagics,Herring,"229,612,835","79,472,539"
2003,Canada,Pelagics,Mackerel,"44,913,070","15,310,114"
2003,Canada,Pelagics,Other pelagic/finfish,"1,993,040","1,899,518"
2003,Canada,Pelagics,Salmon,"38,509,841","48,875,034"
2003,Canada,Pelagics,Shark,"237,953","333,869"
2003,Canada,Pelagics,Silversides,"467,723","399,143"
2003,Canada,Pelagics,Swordfish,"1,284,903","11,717,305"
2003,Canada,Pelagics,Total pelagics,"348,733,710","185,756,670"
2003,Canada,Pelagics,Tuna,"3,592,564","20,430,667"
2003,Canada,Other,Marine plants,"45,796,759","5,059,544"
2003,Canada,Other,Miscellaneous,"1,214,342","24,295,557"
2003,Canada,Other,Total other,"47,011,101","29,355,101"
2003,Canada,Groundfish,Cod,"23,581,717","34,637,022"
2003,Canada,Groundfish,Flatfishes,"33,440,337","27,372,210"
2003,Canada,Groundfish,Greenland turbot,"15,268,334","36,706,057"
2003,Canada,Groundfish,Haddock,"15,829,475","28,372,848"
2003,Canada,Groundfish,Hake,"83,693,900","26,886,223"
2003,Canada,Groundfish,Halibut,"8,133,909","62,957,634"
2003,Canada,Groundfish,Other groundfish,"21,092,042","43,774,298"
2003,Canada,Groundfish,Pollock,"14,023,636","8,943,194"
2003,Canada,Groundfish,Redfish spp.,"36,267,673","33,880,355"
2003,Canada,Groundfish,Skate,"5,120,569","2,856,343"
2003,Canada,Groundfish,Total groundfish,"256,451,593","306,386,184"
2003,Canada,Grand total,Grand total,"1,120,060,317","2,278,953,028"
2003,New Brunswick,Shellfish,Clams / quahaug,"1,083,208","2,171,531"
2003,New Brunswick,Shellfish,"Crab, Other","2,508,916","2,081,731"
2003,New Brunswick,Shellfish,"Crab, Queen","7,427,573","46,301,467"
2003,New Brunswick,Shellfish,Lobster,"7,378,831","88,465,913"
2003,New Brunswick,Shellfish,Other shellfish,"455,787","1,175,754"
2003,New Brunswick,Shellfish,Scallop,"2,611,984","4,242,160"
2003,New Brunswick,Shellfish,Sea cucumber,"851,014","116,702"
2003,New Brunswick,Shellfish,Sea urchin,"1,236,738","4,071,696"
2003,New Brunswick,Shellfish,Shrimp,"5,358,924","6,252,676"
2003,New Brunswick,Shellfish,Total shellfish,"28,912,975","154,879,630"
2003,New Brunswick,Pelagics,Alewife,"3,330,581","691,000"
2003,New Brunswick,Pelagics,Capelin,0,0
2003,New Brunswick,Pelagics,Eel,"168,157","703,102"
2003,New Brunswick,Pelagics,Elvers,0,0
2003,New Brunswick,Pelagics,Herring,"68,251,067","15,618,431"
2003,New Brunswick,Pelagics,Mackerel,"1,733,331","1,056,482"
2003,New Brunswick,Pelagics,Other pelagic/finfish,"880,642","923,876"
2003,New Brunswick,Pelagics,Salmon,0,0
2003,New Brunswick,Pelagics,Shark,"1,873","2,330"
2003,New Brunswick,Pelagics,Silversides,0,0
2003,New Brunswick,Pelagics,Swordfish,0,0
2003,New Brunswick,Pelagics,Total pelagics,"74,365,651","18,995,221"
2003,New Brunswick,Pelagics,Tuna,0,0
2003,New Brunswick,Other,Marine plants,"11,412,379","959,974"
2003,New Brunswick,Other,Miscellaneous,0,0
2003,New Brunswick,Other,Total other,"11,412,379","959,974"
2003,New Brunswick,Groundfish,Cod,"288,153","517,825"
2003,New Brunswick,Groundfish,Flatfishes,"31,209","35,214"
2003,New Brunswick,Groundfish,Greenland turbot,"31,043","83,374"
2003,New Brunswick,Groundfish,Haddock,"26,680","48,152"
2003,New Brunswick,Groundfish,Hake,"53,319","47,799"
2003,New Brunswick,Groundfish,Halibut,"36,530","243,617"
2003,New Brunswick,Groundfish,Other groundfish,"37,079","7,641"
2003,New Brunswick,Groundfish,Pollock,"104,736","85,073"
2003,New Brunswick,Groundfish,Redfish spp.,963,"1,247"
2003,New Brunswick,Groundfish,Skate,0,0
2003,New Brunswick,Groundfish,Total groundfish,"609,712","1,069,942"
2003,New Brunswick,Grand total,Grand total,"115,300,717","175,904,767"
2003,Newfoundland and Labrador,Shellfish,Clams / quahaug,"20,838,758","33,464,832"
2003,Newfoundland and Labrador,Shellfish,"Crab, Other","1,398,900","1,137,620"
2003,Newfoundland and Labrador,Shellfish,"Crab, Queen","58,355,046","263,582,773"
2003,Newfoundland and Labrador,Shellfish,Lobster,"2,255,976","25,871,484"
2003,Newfoundland and Labrador,Shellfish,Other shellfish,"4,952,850","5,131,977"
2003,Newfoundland and Labrador,Shellfish,Scallop,"1,538,340","1,781,523"
2003,Newfoundland and Labrador,Shellfish,Sea cucumber,"470,540","248,197"
2003,Newfoundland and Labrador,Shellfish,Sea urchin,"893,039","1,552,027"
2003,Newfoundland and Labrador,Shellfish,Shrimp,"88,520,313","142,003,349"
2003,Newfoundland and Labrador,Shellfish,Total shellfish,"179,223,762","474,773,782"
2003,Newfoundland and Labrador,Pelagics,Alewife,0,0
2003,Newfoundland and Labrador,Pelagics,Capelin,"22,341,734","3,663,029"
2003,Newfoundland and Labrador,Pelagics,Eel,"64,565","268,664"
2003,Newfoundland and Labrador,Pelagics,Elvers,0,0
2003,Newfoundland and Labrador,Pelagics,Herring,"20,368,163","3,786,015"
2003,Newfoundland and Labrador,Pelagics,Mackerel,"26,693,267","6,900,611"
2003,Newfoundland and Labrador,Pelagics,Other pelagic/finfish,"26,426","41,891"
2003,Newfoundland and Labrador,Pelagics,Salmon,0,0
2003,Newfoundland and Labrador,Pelagics,Shark,"9,705","9,972"
2003,Newfoundland and Labrador,Pelagics,Silversides,0,0
2003,Newfoundland and Labrador,Pelagics,Swordfish,"60,526","359,209"
2003,Newfoundland and Labrador,Pelagics,Total pelagics,"69,681,796","16,130,390"
2003,Newfoundland and Labrador,Pelagics,Tuna,"117,410","1,101,000"
2003,Newfoundland and Labrador,Other,Marine plants,0,0
2003,Newfoundland and Labrador,Other,Miscellaneous,"732,583","12,707,009"
2003,Newfoundland and Labrador,Other,Total other,"732,583","12,707,009"
2003,Newfoundland and Labrador,Groundfish,Cod,"14,297,561","18,547,613"
2003,Newfoundland and Labrador,Groundfish,Flatfishes,"16,707,797","12,249,347"
2003,Newfoundland and Labrador,Groundfish,Greenland turbot,"11,839,636","29,331,651"
2003,Newfoundland and Labrador,Groundfish,Haddock,"206,886","203,302"
2003,Newfoundland and Labrador,Groundfish,Hake,"1,483,500","774,405"
2003,Newfoundland and Labrador,Groundfish,Halibut,"542,170","3,590,029"
2003,Newfoundland and Labrador,Groundfish,Other groundfish,"3,756,907","8,121,786"
2003,Newfoundland and Labrador,Groundfish,Pollock,"398,431","161,203"
2003,Newfoundland and Labrador,Groundfish,Redfish spp.,"7,385,020","4,232,456"
2003,Newfoundland and Labrador,Groundfish,Skate,"2,210,211","664,015"
2003,Newfoundland and Labrador,Groundfish,Total groundfish,"58,828,119","77,875,807"
2003,Newfoundland and Labrador,Grand total,Grand total,"308,466,260","581,486,988"
2003,Nova Scotia,Shellfish,Clams / quahaug,"11,157,993","10,182,786"
2003,Nova Scotia,Shellfish,"Crab, Other","2,206,920","2,701,836"
2003,Nova Scotia,Shellfish,"Crab, Queen","16,943,181","114,173,323"
2003,Nova Scotia,Shellfish,Lobster,"27,506,383","394,480,176"
2003,Nova Scotia,Shellfish,Other shellfish,"2,356,279","1,667,973"
2003,Nova Scotia,Shellfish,Scallop,"87,917,900","122,255,714"
2003,Nova Scotia,Shellfish,Sea cucumber,"257,150","56,573"
2003,Nova Scotia,Shellfish,Sea urchin,"307,745","1,027,642"
2003,Nova Scotia,Shellfish,Shrimp,"31,382,588","68,920,875"
2003,Nova Scotia,Shellfish,Total shellfish,"180,036,139","715,466,898"
2003,Nova Scotia,Pelagics,Alewife,"1,823,076","798,157"
2003,Nova Scotia,Pelagics,Capelin,0,0
2003,Nova Scotia,Pelagics,Eel,"46,139","473,630"
2003,Nova Scotia,Pelagics,Elvers,0,0
2003,Nova Scotia,Pelagics,Herring,"88,960,941","17,712,036"
2003,Nova Scotia,Pelagics,Mackerel,"7,305,850","3,321,928"
2003,Nova Scotia,Pelagics,Other pelagic/finfish,"88,405","115,083"
2003,Nova Scotia,Pelagics,Salmon,0,0
2003,Nova Scotia,Pelagics,Shark,"220,950","316,023"
2003,Nova Scotia,Pelagics,Silversides,0,0
2003,Nova Scotia,Pelagics,Swordfish,"1,224,377","11,358,096"
2003,Nova Scotia,Pelagics,Total pelagics,"100,292,949","44,792,037"
2003,Nova Scotia,Pelagics,Tuna,"623,211","10,697,085"
2003,Nova Scotia,Other,Marine plants,"24,390,929","1,358,243"
2003,Nova Scotia,Other,Miscellaneous,"6,422","48,108"
2003,Nova Scotia,Other,Total other,"24,397,351","1,406,351"
2003,Nova Scotia,Groundfish,Cod,"7,920,536","14,072,823"
2003,Nova Scotia,Groundfish,Flatfishes,"5,247,489","6,306,106"
2003,Nova Scotia,Groundfish,Greenland turbot,"713,873","2,195,748"
2003,Nova Scotia,Groundfish,Haddock,"15,595,820","28,121,316"
2003,Nova Scotia,Groundfish,Hake,"13,575,090","9,646,477"
2003,Nova Scotia,Groundfish,Halibut,"1,134,806","10,047,750"
2003,Nova Scotia,Groundfish,Other groundfish,"5,545,673","4,151,913"
2003,Nova Scotia,Groundfish,Pollock,"8,130,825","6,545,301"
2003,Nova Scotia,Groundfish,Redfish spp.,"7,534,745","4,318,053"
2003,Nova Scotia,Groundfish,Skate,"379,532","81,627"
2003,Nova Scotia,Groundfish,Total groundfish,"65,778,389","85,487,114"
2003,Nova Scotia,Grand total,Grand total,"370,504,828","847,152,400"
2003,Prince Edward Island,Shellfish,Clams / quahaug,"1,838,855","4,099,782"
2003,Prince Edward Island,Shellfish,"Crab, Other","2,585,857","1,419,013"
2003,Prince Edward Island,Shellfish,"Crab, Queen","1,566,185","10,329,285"
2003,Prince Edward Island,Shellfish,Lobster,"9,157,730","109,391,588"
2003,Prince Edward Island,Shellfish,Other shellfish,"2,959,238","7,443,661"
2003,Prince Edward Island,Shellfish,Scallop,"337,749","566,263"
2003,Prince Edward Island,Shellfish,Sea cucumber,0,0
2003,Prince Edward Island,Shellfish,Sea urchin,0,0
2003,Prince Edward Island,Shellfish,Shrimp,0,0
2003,Prince Edward Island,Shellfish,Total shellfish,"18,445,614","133,249,594"
2003,Prince Edward Island,Pelagics,Alewife,"83,125","62,929"
2003,Prince Edward Island,Pelagics,Capelin,0,0
2003,Prince Edward Island,Pelagics,Eel,"71,070","269,058"
2003,Prince Edward Island,Pelagics,Elvers,0,0
2003,Prince Edward Island,Pelagics,Herring,"16,102,578","4,166,594"
2003,Prince Edward Island,Pelagics,Mackerel,"4,582,567","2,102,279"
2003,Prince Edward Island,Pelagics,Other pelagic/finfish,"226,055","256,361"
2003,Prince Edward Island,Pelagics,Salmon,0,0
2003,Prince Edward Island,Pelagics,Shark,"5,002","4,921"
2003,Prince Edward Island,Pelagics,Silversides,"467,723","399,143"
2003,Prince Edward Island,Pelagics,Swordfish,0,0
2003,Prince Edward Island,Pelagics,Total pelagics,"21,664,034","9,974,418"
2003,Prince Edward Island,Pelagics,Tuna,"125,914","2,713,132"
2003,Prince Edward Island,Other,Marine plants,"9,993,451","2,741,328"
2003,Prince Edward Island,Other,Miscellaneous,0,0
2003,Prince Edward Island,Other,Total other,"9,993,451","2,741,328"
2003,Prince Edward Island,Groundfish,Cod,"65,854","96,267"
2003,Prince Edward Island,Groundfish,Flatfishes,"447,389","516,249"
2003,Prince Edward Island,Groundfish,Greenland turbot,0,0
2003,Prince Edward Island,Groundfish,Haddock,0,0
2003,Prince Edward Island,Groundfish,Hake,"2,318","2,531"
2003,Prince Edward Island,Groundfish,Halibut,"3,960","25,891"
2003,Prince Edward Island,Groundfish,Other groundfish,"4,245","1,227"
2003,Prince Edward Island,Groundfish,Pollock,23,17
2003,Prince Edward Island,Groundfish,Redfish spp.,0,0
2003,Prince Edward Island,Groundfish,Skate,0,0
2003,Prince Edward Island,Groundfish,Total groundfish,"523,789","642,181"
2003,Prince Edward Island,Grand total,Grand total,"50,626,888","146,607,521"
2003,Quebec,Shellfish,Clams / quahaug,"2,438,998","2,898,955"
2003,Quebec,Shellfish,"Crab, Other","1,863,369","1,376,831"
2003,Quebec,Shellfish,"Crab, Queen","12,605,512","79,386,537"
2003,Quebec,Shellfish,Lobster,"3,538,244","46,909,920"
2003,Quebec,Shellfish,Other shellfish,"2,109,783","2,094,777"
2003,Quebec,Shellfish,Scallop,"1,451,614","1,926,871"
2003,Quebec,Shellfish,Sea cucumber,0,0
2003,Quebec,Shellfish,Sea urchin,"145,718","264,190"
2003,Quebec,Shellfish,Shrimp,"17,285,328","23,579,975"
2003,Quebec,Shellfish,Total shellfish,"41,438,566","158,438,055"
2003,Quebec,Pelagics,Alewife,151,20
2003,Quebec,Pelagics,Capelin,"118,081","24,193"
2003,Quebec,Pelagics,Eel,"75,102","364,698"
2003,Quebec,Pelagics,Elvers,0,0
2003,Quebec,Pelagics,Herring,"6,650,924","1,734,251"
2003,Quebec,Pelagics,Mackerel,"4,596,869","1,928,276"
2003,Quebec,Pelagics,Other pelagic/finfish,"167,244","325,114"
2003,Quebec,Pelagics,Salmon,0,0
2003,Quebec,Pelagics,Shark,423,623
2003,Quebec,Pelagics,Silversides,0,0
2003,Quebec,Pelagics,Swordfish,0,0
2003,Quebec,Pelagics,Total pelagics,"11,608,794","4,377,175"
2003,Quebec,Pelagics,Tuna,0,0
2003,Quebec,Other,Marine plants,0,0
2003,Quebec,Other,Miscellaneous,0,0
2003,Quebec,Other,Total other,0,0
2003,Quebec,Groundfish,Cod,"204,141","309,319"
2003,Quebec,Groundfish,Flatfishes,"570,582","481,991"
2003,Quebec,Groundfish,Greenland turbot,"2,683,782","5,095,285"
2003,Quebec,Groundfish,Haddock,89,78
2003,Quebec,Groundfish,Hake,"17,903","10,052"
2003,Quebec,Groundfish,Halibut,"114,554","644,065"
2003,Quebec,Groundfish,Other groundfish,"56,536","144,474"
2003,Quebec,Groundfish,Pollock,"1,681",903
2003,Quebec,Groundfish,Redfish spp.,"321,218","234,516"
2003,Quebec,Groundfish,Skate,"10,834","3,099"
2003,Quebec,Groundfish,Total groundfish,"3,981,320","6,923,781"
2003,Quebec,Grand total,Grand total,"57,028,680","169,739,011"
2004,Atlantic,Shellfish,Clams / quahaug,"32,572,267","45,719,904"
2004,Atlantic,Shellfish,"Crab, Other","10,504,668","8,244,423"
2004,Atlantic,Shellfish,"Crab, Queen","103,371,958","613,105,602"
2004,Atlantic,Shellfish,Lobster,"47,594,764","592,758,824"
2004,Atlantic,Shellfish,Other shellfish,"14,809,260","17,975,198"
2004,Atlantic,Shellfish,Scallop,"81,622,658","116,632,555"
2004,Atlantic,Shellfish,Sea cucumber,"1,977,820","662,468"
2004,Atlantic,Shellfish,Sea urchin,"2,339,504","5,635,566"
2004,Atlantic,Shellfish,Shrimp,"176,077,802","249,426,298"
2004,Atlantic,Shellfish,Total shellfish,"470,870,701","1,650,160,837"
2004,Atlantic,Pelagics,Alewife,"3,959,676","1,216,944"
2004,Atlantic,Pelagics,Capelin,"33,681,687","9,088,734"
2004,Atlantic,Pelagics,Eel,"403,374","2,611,947"
2004,Atlantic,Pelagics,Elvers,0,0
2004,Atlantic,Pelagics,Herring,"183,442,779","35,810,814"
2004,Atlantic,Pelagics,Mackerel,"53,799,510","17,359,790"
2004,Atlantic,Pelagics,Other pelagic/finfish,"1,100,017","1,204,133"
2004,Atlantic,Pelagics,Salmon,0,0
2004,Atlantic,Pelagics,Shark,"327,283","411,094"
2004,Atlantic,Pelagics,Silversides,"295,247","283,947"
2004,Atlantic,Pelagics,Swordfish,"1,203,317","10,113,549"
2004,Atlantic,Pelagics,Total pelagics,"279,226,443","90,471,388"
2004,Atlantic,Pelagics,Tuna,"1,013,553","12,370,436"
2004,Atlantic,Other,Marine plants,"41,069,695","4,424,815"
2004,Atlantic,Other,Miscellaneous,"938,064","15,343,290"
2004,Atlantic,Other,Total other,"42,007,759","19,768,105"
2004,Atlantic,Groundfish,Cod,"24,744,222","35,244,480"
2004,Atlantic,Groundfish,Flatfishes,"19,592,814","16,725,624"
2004,Atlantic,Groundfish,Greenland turbot,"14,617,186","37,292,581"
2004,Atlantic,Groundfish,Haddock,"16,488,941","20,390,811"
2004,Atlantic,Groundfish,Hake,"17,284,599","11,598,702"
2004,Atlantic,Groundfish,Halibut,"1,849,876","15,182,486"
2004,Atlantic,Groundfish,Other groundfish,"10,426,045","17,288,510"
2004,Atlantic,Groundfish,Pollock,"8,777,268","4,220,918"
2004,Atlantic,Groundfish,Redfish spp.,"12,929,882","7,611,312"
2004,Atlantic,Groundfish,Skate,"1,931,256","429,679"
2004,Atlantic,Groundfish,Total groundfish,"128,642,089","165,985,102"
2004,Atlantic,Grand total,Grand total,"920,746,992","1,926,385,432"
2004,British Columbia,Shellfish,Clams / quahaug,"3,008,181","37,646,372"
2004,British Columbia,Shellfish,"Crab, Other","9,430,395","46,815,159"
2004,British Columbia,Shellfish,"Crab, Queen",0,0
2004,British Columbia,Shellfish,Lobster,0,0
2004,British Columbia,Shellfish,Other shellfish,"1,559,669","3,137,214"
2004,British Columbia,Shellfish,Scallop,"33,003","191,327"
2004,British Columbia,Shellfish,Sea cucumber,0,0
2004,British Columbia,Shellfish,Sea urchin,"4,519,803","7,633,031"
2004,British Columbia,Shellfish,Shrimp,"2,690,100","30,392,973"
2004,British Columbia,Shellfish,Total shellfish,"21,241,151","125,816,076"
2004,British Columbia,Pelagics,Alewife,0,0
2004,British Columbia,Pelagics,Capelin,0,0
2004,British Columbia,Pelagics,Eel,0,0
2004,British Columbia,Pelagics,Elvers,0,0
2004,British Columbia,Pelagics,Herring,"23,789,316","27,894,936"
2004,British Columbia,Pelagics,Mackerel,"13,876","6,307"
2004,British Columbia,Pelagics,Other pelagic/finfish,"2,524,873","863,457"
2004,British Columbia,Pelagics,Salmon,"25,824,029","53,198,063"
2004,British Columbia,Pelagics,Shark,0,0
2004,British Columbia,Pelagics,Silversides,0,0
2004,British Columbia,Pelagics,Swordfish,0,0
2004,British Columbia,Pelagics,Total pelagics,"52,890,131","84,582,531"
2004,British Columbia,Pelagics,Tuna,"738,037","2,619,768"
2004,British Columbia,Other,Marine plants,0,0
2004,British Columbia,Other,Miscellaneous,"465,546","7,928,657"
2004,British Columbia,Other,Total other,"465,546","7,928,657"
2004,British Columbia,Groundfish,Cod,"1,318,458","1,777,559"
2004,British Columbia,Groundfish,Flatfishes,"11,542,520","8,548,536"
2004,British Columbia,Groundfish,Greenland turbot,0,0
2004,British Columbia,Groundfish,Haddock,0,0
2004,British Columbia,Groundfish,Hake,"124,871,709","29,490,131"
2004,British Columbia,Groundfish,Halibut,"6,400,778","39,087,272"
2004,British Columbia,Groundfish,Other groundfish,"12,026,601","28,948,062"
2004,British Columbia,Groundfish,Pollock,"2,930,022","1,357,224"
2004,British Columbia,Groundfish,Redfish spp.,"19,500,993","25,921,926"
2004,British Columbia,Groundfish,Skate,"1,997,392","690,087"
2004,British Columbia,Groundfish,Total groundfish,"180,588,472","135,820,797"
2004,British Columbia,Grand total,Grand total,"255,185,300","354,148,061"
2004,Canada,Shellfish,Clams / quahaug,"35,580,448","83,366,276"
2004,Canada,Shellfish,"Crab, Other","19,935,063","55,059,582"
2004,Canada,Shellfish,"Crab, Queen","103,371,958","613,105,602"
2004,Canada,Shellfish,Lobster,"47,594,764","592,758,824"
2004,Canada,Shellfish,Other shellfish,"16,368,929","21,112,412"
2004,Canada,Shellfish,Scallop,"81,655,661","116,823,881"
2004,Canada,Shellfish,Sea cucumber,"1,977,820","662,468"
2004,Canada,Shellfish,Sea urchin,"6,859,307","13,268,597"
2004,Canada,Shellfish,Shrimp,"178,767,902","279,819,271"
2004,Canada,Shellfish,Total shellfish,"492,111,852","1,775,976,913"
2004,Canada,Pelagics,Alewife,"3,959,676","1,216,944"
2004,Canada,Pelagics,Capelin,"33,681,687","9,088,734"
2004,Canada,Pelagics,Eel,"403,374","2,611,947"
2004,Canada,Pelagics,Elvers,0,0
2004,Canada,Pelagics,Herring,"207,232,095","63,705,750"
2004,Canada,Pelagics,Mackerel,"53,813,386","17,366,097"
2004,Canada,Pelagics,Other pelagic/finfish,"3,624,890","2,067,590"
2004,Canada,Pelagics,Salmon,"25,824,029","53,198,063"
2004,Canada,Pelagics,Shark,"327,283","411,094"
2004,Canada,Pelagics,Silversides,"295,247","283,947"
2004,Canada,Pelagics,Swordfish,"1,203,317","10,113,549"
2004,Canada,Pelagics,Total pelagics,"332,116,574","175,053,920"
2004,Canada,Pelagics,Tuna,"1,751,590","14,990,204"
2004,Canada,Other,Marine plants,"41,069,695","4,424,815"
2004,Canada,Other,Miscellaneous,"1,403,610","23,271,947"
2004,Canada,Other,Total other,"42,473,305","27,696,762"
2004,Canada,Groundfish,Cod,"26,062,680","37,022,040"
2004,Canada,Groundfish,Flatfishes,"31,135,334","25,274,159"
2004,Canada,Groundfish,Greenland turbot,"14,617,186","37,292,581"
2004,Canada,Groundfish,Haddock,"16,488,941","20,390,811"
2004,Canada,Groundfish,Hake,"142,156,308","41,088,833"
2004,Canada,Groundfish,Halibut,"8,250,654","54,269,758"
2004,Canada,Groundfish,Other groundfish,"22,452,646","46,236,572"
2004,Canada,Groundfish,Pollock,"11,707,290","5,578,141"
2004,Canada,Groundfish,Redfish spp.,"32,430,875","33,533,238"
2004,Canada,Groundfish,Skate,"3,928,648","1,119,766"
2004,Canada,Groundfish,Total groundfish,"309,230,561","301,805,899"
2004,Canada,Grand total,Grand total,"1,175,932,292","2,280,533,493"
2004,New Brunswick,Shellfish,Clams / quahaug,"1,155,985","2,222,834"
2004,New Brunswick,Shellfish,"Crab, Other","2,620,188","1,985,857"
2004,New Brunswick,Shellfish,"Crab, Queen","11,794,498","77,961,639"
2004,New Brunswick,Shellfish,Lobster,"6,717,720","76,448,333"
2004,New Brunswick,Shellfish,Other shellfish,"376,782","1,064,244"
2004,New Brunswick,Shellfish,Scallop,"2,377,683","3,874,653"
2004,New Brunswick,Shellfish,Sea cucumber,"1,204,482","264,986"
2004,New Brunswick,Shellfish,Sea urchin,"1,124,072","3,338,072"
2004,New Brunswick,Shellfish,Shrimp,"6,997,907","7,704,185"
2004,New Brunswick,Shellfish,Total shellfish,"34,369,317","174,864,803"
2004,New Brunswick,Pelagics,Alewife,"2,747,371","733,215"
2004,New Brunswick,Pelagics,Capelin,0,0
2004,New Brunswick,Pelagics,Eel,"141,668","675,029"
2004,New Brunswick,Pelagics,Elvers,0,0
2004,New Brunswick,Pelagics,Herring,"64,884,229","12,038,148"
2004,New Brunswick,Pelagics,Mackerel,"1,418,981","871,005"
2004,New Brunswick,Pelagics,Other pelagic/finfish,"634,931","539,021"
2004,New Brunswick,Pelagics,Salmon,0,0
2004,New Brunswick,Pelagics,Shark,"2,373","2,801"
2004,New Brunswick,Pelagics,Silversides,0,0
2004,New Brunswick,Pelagics,Swordfish,0,0
2004,New Brunswick,Pelagics,Total pelagics,"69,829,553","14,859,218"
2004,New Brunswick,Pelagics,Tuna,0,0
2004,New Brunswick,Other,Marine plants,"12,087,969","1,136,167"
2004,New Brunswick,Other,Miscellaneous,0,0
2004,New Brunswick,Other,Total other,"12,087,969","1,136,167"
2004,New Brunswick,Groundfish,Cod,"637,136","997,695"
2004,New Brunswick,Groundfish,Flatfishes,"37,548","50,590"
2004,New Brunswick,Groundfish,Greenland turbot,"55,094","133,219"
2004,New Brunswick,Groundfish,Haddock,"38,236","41,590"
2004,New Brunswick,Groundfish,Hake,"63,181","44,287"
2004,New Brunswick,Groundfish,Halibut,"57,788","338,401"
2004,New Brunswick,Groundfish,Other groundfish,"275,705","93,762"
2004,New Brunswick,Groundfish,Pollock,"76,095","27,321"
2004,New Brunswick,Groundfish,Redfish spp.,"13,094","11,517"
2004,New Brunswick,Groundfish,Skate,0,0
2004,New Brunswick,Groundfish,Total groundfish,"1,253,877","1,738,382"
2004,New Brunswick,Grand total,Grand total,"117,540,716","192,598,570"
2004,Newfoundland and Labrador,Shellfish,Clams / quahaug,"17,041,343","26,753,175"
2004,Newfoundland and Labrador,Shellfish,"Crab, Other","1,337,962","1,115,456"
2004,Newfoundland and Labrador,Shellfish,"Crab, Queen","55,674,392","300,669,960"
2004,Newfoundland and Labrador,Shellfish,Lobster,"1,910,071","21,089,905"
2004,Newfoundland and Labrador,Shellfish,Other shellfish,"6,047,622","5,410,895"
2004,Newfoundland and Labrador,Shellfish,Scallop,"4,367,282","5,804,782"
2004,Newfoundland and Labrador,Shellfish,Sea cucumber,"414,608","318,561"
2004,Newfoundland and Labrador,Shellfish,Sea urchin,"769,067","1,276,188"
2004,Newfoundland and Labrador,Shellfish,Shrimp,"120,424,539","170,205,270"
2004,Newfoundland and Labrador,Shellfish,Total shellfish,"207,986,886","532,644,191"
2004,Newfoundland and Labrador,Pelagics,Alewife,2,0
2004,Newfoundland and Labrador,Pelagics,Capelin,"33,443,099","9,030,537"
2004,Newfoundland and Labrador,Pelagics,Eel,"64,100","310,165"
2004,Newfoundland and Labrador,Pelagics,Elvers,0,0
2004,Newfoundland and Labrador,Pelagics,Herring,"20,059,347","3,176,668"
2004,Newfoundland and Labrador,Pelagics,Mackerel,"40,004,711","10,664,418"
2004,Newfoundland and Labrador,Pelagics,Other pelagic/finfish,"3,243","3,850"
2004,Newfoundland and Labrador,Pelagics,Salmon,0,0
2004,Newfoundland and Labrador,Pelagics,Shark,"12,770","11,674"
2004,Newfoundland and Labrador,Pelagics,Silversides,0,0
2004,Newfoundland and Labrador,Pelagics,Swordfish,"23,149","105,767"
2004,Newfoundland and Labrador,Pelagics,Total pelagics,"93,636,002","23,530,564"
2004,Newfoundland and Labrador,Pelagics,Tuna,"25,581","227,486"
2004,Newfoundland and Labrador,Other,Marine plants,0,0
2004,Newfoundland and Labrador,Other,Miscellaneous,"932,965","15,290,289"
2004,Newfoundland and Labrador,Other,Total other,"932,965","15,290,289"
2004,Newfoundland and Labrador,Groundfish,Cod,"14,541,541","17,765,865"
2004,Newfoundland and Labrador,Groundfish,Flatfishes,"16,023,560","12,158,491"
2004,Newfoundland and Labrador,Groundfish,Greenland turbot,"10,797,329","28,447,299"
2004,Newfoundland and Labrador,Groundfish,Haddock,"152,531","154,063"
2004,Newfoundland and Labrador,Groundfish,Hake,"1,519,203","802,332"
2004,Newfoundland and Labrador,Groundfish,Halibut,"493,205","3,266,790"
2004,Newfoundland and Labrador,Groundfish,Other groundfish,"3,750,733","11,990,252"
2004,Newfoundland and Labrador,Groundfish,Pollock,"386,163","149,377"
2004,Newfoundland and Labrador,Groundfish,Redfish spp.,"6,047,026","2,667,623"
2004,Newfoundland and Labrador,Groundfish,Skate,"1,402,403","332,180"
2004,Newfoundland and Labrador,Groundfish,Total groundfish,"55,113,694","77,734,272"
2004,Newfoundland and Labrador,Grand total,Grand total,"357,669,547","649,199,317"
2004,Nova Scotia,Shellfish,Clams / quahaug,"10,410,993","10,258,800"
2004,Nova Scotia,Shellfish,"Crab, Other","1,832,397","1,900,449"
2004,Nova Scotia,Shellfish,"Crab, Queen","18,062,337","119,476,658"
2004,Nova Scotia,Shellfish,Lobster,"25,975,787","347,437,814"
2004,Nova Scotia,Shellfish,Other shellfish,"2,641,033","1,905,729"
2004,Nova Scotia,Shellfish,Scallop,"73,655,388","105,233,450"
2004,Nova Scotia,Shellfish,Sea cucumber,"358,730","78,920"
2004,Nova Scotia,Shellfish,Sea urchin,"258,209","774,226"
2004,Nova Scotia,Shellfish,Shrimp,"26,308,820","42,428,643"
2004,Nova Scotia,Shellfish,Total shellfish,"159,503,694","629,494,689"
2004,Nova Scotia,Pelagics,Alewife,"1,100,323","390,958"
2004,Nova Scotia,Pelagics,Capelin,0,0
2004,Nova Scotia,Pelagics,Eel,"63,301","889,096"
2004,Nova Scotia,Pelagics,Elvers,0,0
2004,Nova Scotia,Pelagics,Herring,"75,152,339","15,184,321"
2004,Nova Scotia,Pelagics,Mackerel,"5,517,355","2,614,170"
2004,Nova Scotia,Pelagics,Other pelagic/finfish,"63,882","99,208"
2004,Nova Scotia,Pelagics,Salmon,0,0
2004,Nova Scotia,Pelagics,Shark,"307,224","391,141"
2004,Nova Scotia,Pelagics,Silversides,0,0
2004,Nova Scotia,Pelagics,Swordfish,"1,180,168","10,007,782"
2004,Nova Scotia,Pelagics,Total pelagics,"84,193,581","38,766,618"
2004,Nova Scotia,Pelagics,Tuna,"808,989","9,189,943"
2004,Nova Scotia,Other,Marine plants,"23,218,117","1,999,486"
2004,Nova Scotia,Other,Miscellaneous,"5,099","53,000"
2004,Nova Scotia,Other,Total other,"23,223,216","2,052,486"
2004,Nova Scotia,Groundfish,Cod,"7,696,380","14,031,825"
2004,Nova Scotia,Groundfish,Flatfishes,"2,550,532","3,613,901"
2004,Nova Scotia,Groundfish,Greenland turbot,"600,290","2,134,322"
2004,Nova Scotia,Groundfish,Haddock,"16,298,170","20,195,156"
2004,Nova Scotia,Groundfish,Hake,"15,690,651","10,745,665"
2004,Nova Scotia,Groundfish,Halibut,"1,094,853","10,382,844"
2004,Nova Scotia,Groundfish,Other groundfish,"6,293,776","4,838,628"
2004,Nova Scotia,Groundfish,Pollock,"8,314,580","4,043,979"
2004,Nova Scotia,Groundfish,Redfish spp.,"6,578,989","4,727,884"
2004,Nova Scotia,Groundfish,Skate,"503,190","92,707"
2004,Nova Scotia,Groundfish,Total groundfish,"65,621,411","74,806,910"
2004,Nova Scotia,Grand total,Grand total,"332,541,902","745,120,704"
2004,Prince Edward Island,Shellfish,Clams / quahaug,"1,595,294","3,497,517"
2004,Prince Edward Island,Shellfish,"Crab, Other","2,864,100","1,757,796"
2004,Prince Edward Island,Shellfish,"Crab, Queen","2,551,252","16,863,817"
2004,Prince Edward Island,Shellfish,Lobster,"9,153,236","97,953,468"
2004,Prince Edward Island,Shellfish,Other shellfish,"4,012,523","7,820,417"
2004,Prince Edward Island,Shellfish,Scallop,"63,268","109,956"
2004,Prince Edward Island,Shellfish,Sea cucumber,0,0
2004,Prince Edward Island,Shellfish,Sea urchin,0,0
2004,Prince Edward Island,Shellfish,Shrimp,0,0
2004,Prince Edward Island,Shellfish,Total shellfish,"20,239,673","128,002,969"
2004,Prince Edward Island,Pelagics,Alewife,"110,957","92,608"
2004,Prince Edward Island,Pelagics,Capelin,0,0
2004,Prince Edward Island,Pelagics,Eel,"69,000","306,354"
2004,Prince Edward Island,Pelagics,Elvers,0,0
2004,Prince Edward Island,Pelagics,Herring,"16,500,165","3,684,039"
2004,Prince Edward Island,Pelagics,Mackerel,"4,879,097","2,369,031"
2004,Prince Edward Island,Pelagics,Other pelagic/finfish,"160,204","144,107"
2004,Prince Edward Island,Pelagics,Salmon,0,0
2004,Prince Edward Island,Pelagics,Shark,"3,494","3,343"
2004,Prince Edward Island,Pelagics,Silversides,"295,247","283,947"
2004,Prince Edward Island,Pelagics,Swordfish,0,0
2004,Prince Edward Island,Pelagics,Total pelagics,"22,197,147","9,836,437"
2004,Prince Edward Island,Pelagics,Tuna,"178,983","2,953,008"
2004,Prince Edward Island,Other,Marine plants,"5,763,609","1,289,162"
2004,Prince Edward Island,Other,Miscellaneous,0,0
2004,Prince Edward Island,Other,Total other,"5,763,609","1,289,162"
2004,Prince Edward Island,Groundfish,Cod,"290,235","373,178"
2004,Prince Edward Island,Groundfish,Flatfishes,"228,615","227,771"
2004,Prince Edward Island,Groundfish,Greenland turbot,0,0
2004,Prince Edward Island,Groundfish,Haddock,0,0
2004,Prince Edward Island,Groundfish,Hake,"2,848","1,714"
2004,Prince Edward Island,Groundfish,Halibut,"21,921","152,809"
2004,Prince Edward Island,Groundfish,Other groundfish,"6,573","3,577"
2004,Prince Edward Island,Groundfish,Pollock,3,2
2004,Prince Edward Island,Groundfish,Redfish spp.,0,0
2004,Prince Edward Island,Groundfish,Skate,0,0
2004,Prince Edward Island,Groundfish,Total groundfish,"550,195","759,050"
2004,Prince Edward Island,Grand total,Grand total,"48,750,624","139,887,619"
2004,Quebec,Shellfish,Clams / quahaug,"2,368,652","2,987,578"
2004,Quebec,Shellfish,"Crab, Other","1,850,021","1,484,866"
2004,Quebec,Shellfish,"Crab, Queen","15,289,479","98,133,529"
2004,Quebec,Shellfish,Lobster,"3,837,950","49,829,304"
2004,Quebec,Shellfish,Other shellfish,"1,731,300","1,773,913"
2004,Quebec,Shellfish,Scallop,"1,159,037","1,609,713"
2004,Quebec,Shellfish,Sea cucumber,0,0
2004,Quebec,Shellfish,Sea urchin,"188,156","247,080"
2004,Quebec,Shellfish,Shrimp,"22,346,536","29,088,200"
2004,Quebec,Shellfish,Total shellfish,"48,771,131","185,154,184"
2004,Quebec,Pelagics,Alewife,"1,023",163
2004,Quebec,Pelagics,Capelin,"238,588","58,197"
2004,Quebec,Pelagics,Eel,"65,305","431,302"
2004,Quebec,Pelagics,Elvers,0,0
2004,Quebec,Pelagics,Herring,"6,846,699","1,727,639"
2004,Quebec,Pelagics,Mackerel,"1,979,366","841,167"
2004,Quebec,Pelagics,Other pelagic/finfish,"237,757","417,948"
2004,Quebec,Pelagics,Salmon,0,0
2004,Quebec,Pelagics,Shark,"1,422","2,136"
2004,Quebec,Pelagics,Silversides,0,0
2004,Quebec,Pelagics,Swordfish,0,0
2004,Quebec,Pelagics,Total pelagics,"9,370,160","3,478,551"
2004,Quebec,Pelagics,Tuna,0,0
2004,Quebec,Other,Marine plants,0,0
2004,Quebec,Other,Miscellaneous,0,0
2004,Quebec,Other,Total other,0,0
2004,Quebec,Groundfish,Cod,"1,578,930","2,075,917"
2004,Quebec,Groundfish,Flatfishes,"752,559","674,872"
2004,Quebec,Groundfish,Greenland turbot,"3,164,473","6,577,741"
2004,Quebec,Groundfish,Haddock,4,1
2004,Quebec,Groundfish,Hake,"8,716","4,705"
2004,Quebec,Groundfish,Halibut,"182,109","1,041,643"
2004,Quebec,Groundfish,Other groundfish,"99,258","362,291"
2004,Quebec,Groundfish,Pollock,427,239
2004,Quebec,Groundfish,Redfish spp.,"290,773","204,288"
2004,Quebec,Groundfish,Skate,"25,663","4,792"
2004,Quebec,Groundfish,Total groundfish,"6,102,912","10,946,488"
2004,Quebec,Grand total,Grand total,"64,244,203","199,579,223"
2005,Atlantic,Shellfish,Clams / quahaug,"27,519,019","36,446,852"
2005,Atlantic,Shellfish,"Crab, Other","10,482,305","7,893,885"
2005,Atlantic,Shellfish,"Crab, Queen","95,455,125","359,037,775"
2005,Atlantic,Shellfish,Lobster,"51,616,204","697,974,518"
2005,Atlantic,Shellfish,Other shellfish,"15,397,512","19,561,815"
2005,Atlantic,Shellfish,Scallop,"57,227,095","82,253,752"
2005,Atlantic,Shellfish,Sea cucumber,"2,390,703","719,881"
2005,Atlantic,Shellfish,Sea urchin,"2,272,750","4,976,751"
2005,Atlantic,Shellfish,Shrimp,"167,370,624","257,147,841"
2005,Atlantic,Shellfish,Total shellfish,"429,731,337","1,466,013,071"
2005,Atlantic,Pelagics,Alewife,"3,658,301","1,247,225"
2005,Atlantic,Pelagics,Capelin,"36,951,985","10,682,664"
2005,Atlantic,Pelagics,Eel,"366,190","3,601,024"
2005,Atlantic,Pelagics,Elvers,0,0
2005,Atlantic,Pelagics,Herring,"163,445,199","39,415,481"
2005,Atlantic,Pelagics,Mackerel,"55,956,476","25,263,230"
2005,Atlantic,Pelagics,Other pelagic/finfish,"1,207,367","1,436,782"
2005,Atlantic,Pelagics,Salmon,0,0
2005,Atlantic,Pelagics,Shark,"327,574","393,758"
2005,Atlantic,Pelagics,Silversides,"272,873","291,213"
2005,Atlantic,Pelagics,Swordfish,"1,584,037","13,309,264"
2005,Atlantic,Pelagics,Total pelagics,"264,861,829","108,194,646"
2005,Atlantic,Pelagics,Tuna,"1,091,827","12,554,006"
2005,Atlantic,Other,Marine plants,"41,771,835","4,305,789"
2005,Atlantic,Other,Miscellaneous,"503,310","16,604,588"
2005,Atlantic,Other,Total other,"42,275,145","20,910,377"
2005,Atlantic,Groundfish,Cod,"26,213,908","34,070,795"
2005,Atlantic,Groundfish,Flatfishes,"20,366,462","17,098,058"
2005,Atlantic,Groundfish,Greenland turbot,"15,545,108","39,992,223"
2005,Atlantic,Groundfish,Haddock,"20,465,938","26,903,525"
2005,Atlantic,Groundfish,Hake,"15,990,644","11,051,110"
2005,Atlantic,Groundfish,Halibut,"1,769,195","14,645,667"
2005,Atlantic,Groundfish,Other groundfish,"10,294,545","14,585,959"
2005,Atlantic,Groundfish,Pollock,"8,081,542","4,559,865"
2005,Atlantic,Groundfish,Redfish spp.,"16,043,146","9,322,769"
2005,Atlantic,Groundfish,Skate,"1,789,815","484,387"
2005,Atlantic,Groundfish,Total groundfish,"136,560,303","172,714,356"
2005,Atlantic,Grand total,Grand total,"873,428,614","1,767,832,450"
2005,British Columbia,Shellfish,Clams / quahaug,"2,281,507","24,742,473"
2005,British Columbia,Shellfish,"Crab, Other","5,403,136","27,991,020"
2005,British Columbia,Shellfish,"Crab, Queen",0,0
2005,British Columbia,Shellfish,Lobster,0,0
2005,British Columbia,Shellfish,Other shellfish,"1,793,965","3,405,282"
2005,British Columbia,Shellfish,Scallop,"24,781","142,719"
2005,British Columbia,Shellfish,Sea cucumber,0,0
2005,British Columbia,Shellfish,Sea urchin,"4,134,976","6,738,831"
2005,British Columbia,Shellfish,Shrimp,"2,882,638","43,042,304"
2005,British Columbia,Shellfish,Total shellfish,"16,521,002","106,062,628"
2005,British Columbia,Pelagics,Alewife,0,0
2005,British Columbia,Pelagics,Capelin,0,0
2005,British Columbia,Pelagics,Eel,0,0
2005,British Columbia,Pelagics,Elvers,0,0
2005,British Columbia,Pelagics,Herring,"28,777,910","27,946,506"
2005,British Columbia,Pelagics,Mackerel,"1,093",482
2005,British Columbia,Pelagics,Other pelagic/finfish,"2,181,380","588,631"
2005,British Columbia,Pelagics,Salmon,"27,189,629","34,029,129"
2005,British Columbia,Pelagics,Shark,0,0
2005,British Columbia,Pelagics,Silversides,0,0
2005,British Columbia,Pelagics,Swordfish,0,0
2005,British Columbia,Pelagics,Total pelagics,"61,826,558","75,787,549"
2005,British Columbia,Pelagics,Tuna,"3,676,547","13,222,801"
2005,British Columbia,Other,Marine plants,0,0
2005,British Columbia,Other,Miscellaneous,"79,835","98,300"
2005,British Columbia,Other,Total other,"79,835","98,300"
2005,British Columbia,Groundfish,Cod,"1,536,894","2,066,191"
2005,British Columbia,Groundfish,Flatfishes,"22,396,650","11,575,887"
2005,British Columbia,Groundfish,Greenland turbot,0,0
2005,British Columbia,Groundfish,Haddock,0,0
2005,British Columbia,Groundfish,Hake,"104,189,423","28,380,429"
2005,British Columbia,Groundfish,Halibut,"6,691,846","39,658,926"
2005,British Columbia,Groundfish,Other groundfish,"13,333,653","40,846,544"
2005,British Columbia,Groundfish,Pollock,"1,877,825","869,370"
2005,British Columbia,Groundfish,Redfish spp.,"18,265,175","24,195,669"
2005,British Columbia,Groundfish,Skate,"1,801,339","579,060"
2005,British Columbia,Groundfish,Total groundfish,"170,092,805","148,172,076"
2005,British Columbia,Grand total,Grand total,"248,520,200","330,120,553"
2005,Canada,Shellfish,Clams / quahaug,"29,800,526","61,189,325"
2005,Canada,Shellfish,"Crab, Other","15,885,441","35,884,905"
2005,Canada,Shellfish,"Crab, Queen","95,455,125","359,037,775"
2005,Canada,Shellfish,Lobster,"51,616,204","697,974,518"
2005,Canada,Shellfish,Other shellfish,"17,191,477","22,967,097"
2005,Canada,Shellfish,Scallop,"57,251,876","82,396,471"
2005,Canada,Shellfish,Sea cucumber,"2,390,703","719,881"
2005,Canada,Shellfish,Sea urchin,"6,407,726","11,715,581"
2005,Canada,Shellfish,Shrimp,"170,253,262","300,190,146"
2005,Canada,Shellfish,Total shellfish,"446,252,339","1,572,075,698"
2005,Canada,Pelagics,Alewife,"3,658,301","1,247,225"
2005,Canada,Pelagics,Capelin,"36,951,985","10,682,664"
2005,Canada,Pelagics,Eel,"366,190","3,601,024"
2005,Canada,Pelagics,Elvers,0,0
2005,Canada,Pelagics,Herring,"192,223,109","67,361,987"
2005,Canada,Pelagics,Mackerel,"55,957,569","25,263,711"
2005,Canada,Pelagics,Other pelagic/finfish,"3,388,747","2,025,413"
2005,Canada,Pelagics,Salmon,"27,189,629","34,029,129"
2005,Canada,Pelagics,Shark,"327,574","393,758"
2005,Canada,Pelagics,Silversides,"272,873","291,213"
2005,Canada,Pelagics,Swordfish,"1,584,037","13,309,264"
2005,Canada,Pelagics,Total pelagics,"326,688,387","183,982,195"
2005,Canada,Pelagics,Tuna,"4,768,374","25,776,808"
2005,Canada,Other,Marine plants,"41,771,835","4,305,789"
2005,Canada,Other,Miscellaneous,"583,145","16,702,888"
2005,Canada,Other,Total other,"42,354,980","21,008,676"
2005,Canada,Groundfish,Cod,"27,750,802","36,136,985"
2005,Canada,Groundfish,Flatfishes,"42,763,112","28,673,944"
2005,Canada,Groundfish,Greenland turbot,"15,545,108","39,992,223"
2005,Canada,Groundfish,Haddock,"20,465,938","26,903,525"
2005,Canada,Groundfish,Hake,"120,180,067","39,431,539"
2005,Canada,Groundfish,Halibut,"8,461,041","54,304,593"
2005,Canada,Groundfish,Other groundfish,"23,628,198","55,432,503"
2005,Canada,Groundfish,Pollock,"9,959,367","5,429,235"
2005,Canada,Groundfish,Redfish spp.,"34,308,321","33,518,438"
2005,Canada,Groundfish,Skate,"3,591,154","1,063,447"
2005,Canada,Groundfish,Total groundfish,"306,653,108","320,886,433"
2005,Canada,Grand total,Grand total,"1,121,948,814","2,097,953,003"
2005,New Brunswick,Shellfish,Clams / quahaug,"990,675","2,100,674"
2005,New Brunswick,Shellfish,"Crab, Other","2,393,815","1,821,701"
2005,New Brunswick,Shellfish,"Crab, Queen","16,136,153","71,162,820"
2005,New Brunswick,Shellfish,Lobster,"7,467,877","96,349,970"
2005,New Brunswick,Shellfish,Other shellfish,"537,029","1,350,557"
2005,New Brunswick,Shellfish,Scallop,"2,814,244","4,358,847"
2005,New Brunswick,Shellfish,Sea cucumber,"1,657,263","364,597"
2005,New Brunswick,Shellfish,Sea urchin,"1,235,594","3,127,184"
2005,New Brunswick,Shellfish,Shrimp,"6,554,710","7,445,116"
2005,New Brunswick,Shellfish,Total shellfish,"39,787,360","188,081,466"
2005,New Brunswick,Pelagics,Alewife,"2,877,540","904,548"
2005,New Brunswick,Pelagics,Capelin,0,0
2005,New Brunswick,Pelagics,Eel,"105,334","603,561"
2005,New Brunswick,Pelagics,Elvers,0,0
2005,New Brunswick,Pelagics,Herring,"62,416,641","14,221,999"
2005,New Brunswick,Pelagics,Mackerel,"1,501,982","1,076,585"
2005,New Brunswick,Pelagics,Other pelagic/finfish,"675,946","513,463"
2005,New Brunswick,Pelagics,Salmon,0,0
2005,New Brunswick,Pelagics,Shark,"2,376","2,634"
2005,New Brunswick,Pelagics,Silversides,0,0
2005,New Brunswick,Pelagics,Swordfish,0,0
2005,New Brunswick,Pelagics,Total pelagics,"67,579,819","17,322,790"
2005,New Brunswick,Pelagics,Tuna,0,0
2005,New Brunswick,Other,Marine plants,"11,154,847","998,798"
2005,New Brunswick,Other,Miscellaneous,0,0
2005,New Brunswick,Other,Total other,"11,154,847","998,798"
2005,New Brunswick,Groundfish,Cod,"398,198","556,084"
2005,New Brunswick,Groundfish,Flatfishes,"24,282","29,999"
2005,New Brunswick,Groundfish,Greenland turbot,"104,076","243,303"
2005,New Brunswick,Groundfish,Haddock,"3,206","5,856"
2005,New Brunswick,Groundfish,Hake,"19,860","16,501"
2005,New Brunswick,Groundfish,Halibut,"69,137","436,593"
2005,New Brunswick,Groundfish,Other groundfish,"74,602","35,222"
2005,New Brunswick,Groundfish,Pollock,"77,867","52,611"
2005,New Brunswick,Groundfish,Redfish spp.,"5,250","4,622"
2005,New Brunswick,Groundfish,Skate,0,0
2005,New Brunswick,Groundfish,Total groundfish,"776,478","1,380,792"
2005,New Brunswick,Grand total,Grand total,"119,298,504","207,783,846"
2005,Newfoundland and Labrador,Shellfish,Clams / quahaug,"14,128,025","19,447,624"
2005,Newfoundland and Labrador,Shellfish,"Crab, Other","1,039,428","980,486"
2005,Newfoundland and Labrador,Shellfish,"Crab, Queen","43,956,018","140,252,212"
2005,Newfoundland and Labrador,Shellfish,Lobster,"2,615,560","31,222,437"
2005,Newfoundland and Labrador,Shellfish,Other shellfish,"7,718,256","8,075,335"
2005,Newfoundland and Labrador,Shellfish,Scallop,"5,176,942","8,073,107"
2005,Newfoundland and Labrador,Shellfish,Sea cucumber,"585,611","322,762"
2005,Newfoundland and Labrador,Shellfish,Sea urchin,"495,100","736,745"
2005,Newfoundland and Labrador,Shellfish,Shrimp,"114,851,335","176,498,021"
2005,Newfoundland and Labrador,Shellfish,Total shellfish,"190,566,275","385,608,729"
2005,Newfoundland and Labrador,Pelagics,Alewife,0,0
2005,Newfoundland and Labrador,Pelagics,Capelin,"36,393,788","10,418,115"
2005,Newfoundland and Labrador,Pelagics,Eel,"71,086","384,183"
2005,Newfoundland and Labrador,Pelagics,Elvers,0,0
2005,Newfoundland and Labrador,Pelagics,Herring,"25,507,448","6,138,752"
2005,Newfoundland and Labrador,Pelagics,Mackerel,"42,661,351","16,622,552"
2005,Newfoundland and Labrador,Pelagics,Other pelagic/finfish,"6,592","10,270"
2005,Newfoundland and Labrador,Pelagics,Salmon,0,0
2005,Newfoundland and Labrador,Pelagics,Shark,"24,115","21,923"
2005,Newfoundland and Labrador,Pelagics,Silversides,0,0
2005,Newfoundland and Labrador,Pelagics,Swordfish,"32,261","165,786"
2005,Newfoundland and Labrador,Pelagics,Total pelagics,"104,730,037","34,036,935"
2005,Newfoundland and Labrador,Pelagics,Tuna,"33,396","275,353"
2005,Newfoundland and Labrador,Other,Marine plants,0,0
2005,Newfoundland and Labrador,Other,Miscellaneous,"497,900","16,549,072"
2005,Newfoundland and Labrador,Other,Total other,"497,900","16,549,072"
2005,Newfoundland and Labrador,Groundfish,Cod,"16,274,453","17,168,465"
2005,Newfoundland and Labrador,Groundfish,Flatfishes,"17,068,057","13,125,176"
2005,Newfoundland and Labrador,Groundfish,Greenland turbot,"11,650,231","30,856,232"
2005,Newfoundland and Labrador,Groundfish,Haddock,"267,102","252,989"
2005,Newfoundland and Labrador,Groundfish,Hake,"2,122,306","1,354,415"
2005,Newfoundland and Labrador,Groundfish,Halibut,"426,899","2,764,360"
2005,Newfoundland and Labrador,Groundfish,Other groundfish,"3,983,379","8,846,151"
2005,Newfoundland and Labrador,Groundfish,Pollock,"507,746","254,384"
2005,Newfoundland and Labrador,Groundfish,Redfish spp.,"7,807,266","4,025,745"
2005,Newfoundland and Labrador,Groundfish,Skate,"1,510,116","363,474"
2005,Newfoundland and Labrador,Groundfish,Total groundfish,"61,617,555","79,011,391"
2005,Newfoundland and Labrador,Grand total,Grand total,"357,411,767","515,206,127"
2005,Nova Scotia,Shellfish,Clams / quahaug,"8,469,985","8,294,628"
2005,Nova Scotia,Shellfish,"Crab, Other","1,805,660","1,671,655"
2005,Nova Scotia,Shellfish,"Crab, Queen","15,608,113","69,104,480"
2005,Nova Scotia,Shellfish,Lobster,"29,613,044","418,742,400"
2005,Nova Scotia,Shellfish,Other shellfish,"2,534,858","1,861,517"
2005,Nova Scotia,Shellfish,Scallop,"47,575,844","67,031,598"
2005,Nova Scotia,Shellfish,Sea cucumber,"147,829","32,522"
2005,Nova Scotia,Shellfish,Sea urchin,"359,588","906,232"
2005,Nova Scotia,Shellfish,Shrimp,"28,542,334","49,282,148"
2005,Nova Scotia,Shellfish,Total shellfish,"134,657,255","616,927,181"
2005,Nova Scotia,Pelagics,Alewife,"613,095","159,376"
2005,Nova Scotia,Pelagics,Capelin,0,0
2005,Nova Scotia,Pelagics,Eel,"56,246","1,849,558"
2005,Nova Scotia,Pelagics,Elvers,0,0
2005,Nova Scotia,Pelagics,Herring,"54,734,121","13,308,676"
2005,Nova Scotia,Pelagics,Mackerel,"5,234,425","3,369,048"
2005,Nova Scotia,Pelagics,Other pelagic/finfish,"75,814","90,893"
2005,Nova Scotia,Pelagics,Salmon,0,0
2005,Nova Scotia,Pelagics,Shark,"299,219","367,096"
2005,Nova Scotia,Pelagics,Silversides,0,0
2005,Nova Scotia,Pelagics,Swordfish,"1,551,776","13,143,478"
2005,Nova Scotia,Pelagics,Total pelagics,"63,447,055","42,099,284"
2005,Nova Scotia,Pelagics,Tuna,"882,359","9,811,159"
2005,Nova Scotia,Other,Marine plants,"25,441,398","2,119,803"
2005,Nova Scotia,Other,Miscellaneous,"5,410","55,516"
2005,Nova Scotia,Other,Total other,"25,446,808","2,175,319"
2005,Nova Scotia,Groundfish,Cod,"7,060,753","13,816,008"
2005,Nova Scotia,Groundfish,Flatfishes,"2,269,308","3,042,450"
2005,Nova Scotia,Groundfish,Greenland turbot,"721,930","2,292,480"
2005,Nova Scotia,Groundfish,Haddock,"20,195,571","26,644,628"
2005,Nova Scotia,Groundfish,Hake,"13,838,854","9,674,594"
2005,Nova Scotia,Groundfish,Halibut,"1,086,649","10,336,819"
2005,Nova Scotia,Groundfish,Other groundfish,"6,151,338","5,472,383"
2005,Nova Scotia,Groundfish,Pollock,"7,495,593","4,252,676"
2005,Nova Scotia,Groundfish,Redfish spp.,"7,978,859","5,097,585"
2005,Nova Scotia,Groundfish,Skate,"257,467","118,279"
2005,Nova Scotia,Groundfish,Total groundfish,"67,056,322","80,747,902"
2005,Nova Scotia,Grand total,Grand total,"290,607,440","741,949,686"
2005,Prince Edward Island,Shellfish,Clams / quahaug,"1,807,671","3,624,412"
2005,Prince Edward Island,Shellfish,"Crab, Other","3,023,702","1,671,101"
2005,Prince Edward Island,Shellfish,"Crab, Queen","3,428,026","15,117,650"
2005,Prince Edward Island,Shellfish,Lobster,"8,459,087","103,163,758"
2005,Prince Edward Island,Shellfish,Other shellfish,"2,892,604","6,469,478"
2005,Prince Edward Island,Shellfish,Scallop,"389,245","853,570"
2005,Prince Edward Island,Shellfish,Sea cucumber,0,0
2005,Prince Edward Island,Shellfish,Sea urchin,0,0
2005,Prince Edward Island,Shellfish,Shrimp,0,0
2005,Prince Edward Island,Shellfish,Total shellfish,"20,000,335","130,899,969"
2005,Prince Edward Island,Pelagics,Alewife,"167,666","183,302"
2005,Prince Edward Island,Pelagics,Capelin,0,0
2005,Prince Edward Island,Pelagics,Eel,"61,432","287,412"
2005,Prince Edward Island,Pelagics,Elvers,0,0
2005,Prince Edward Island,Pelagics,Herring,"15,392,261","4,229,002"
2005,Prince Edward Island,Pelagics,Mackerel,"5,338,121","3,529,949"
2005,Prince Edward Island,Pelagics,Other pelagic/finfish,"276,773","286,957"
2005,Prince Edward Island,Pelagics,Salmon,0,0
2005,Prince Edward Island,Pelagics,Shark,"1,290","1,324"
2005,Prince Edward Island,Pelagics,Silversides,"272,873","291,213"
2005,Prince Edward Island,Pelagics,Swordfish,0,0
2005,Prince Edward Island,Pelagics,Total pelagics,"21,686,488","11,276,652"
2005,Prince Edward Island,Pelagics,Tuna,"176,072","2,467,494"
2005,Prince Edward Island,Other,Marine plants,"5,175,590","1,187,187"
2005,Prince Edward Island,Other,Miscellaneous,0,0
2005,Prince Edward Island,Other,Total other,"5,175,590","1,187,187"
2005,Prince Edward Island,Groundfish,Cod,"277,803","319,578"
2005,Prince Edward Island,Groundfish,Flatfishes,"241,830","228,530"
2005,Prince Edward Island,Groundfish,Greenland turbot,0,0
2005,Prince Edward Island,Groundfish,Haddock,0,0
2005,Prince Edward Island,Groundfish,Hake,"1,246","1,147"
2005,Prince Edward Island,Groundfish,Halibut,"15,411","102,209"
2005,Prince Edward Island,Groundfish,Other groundfish,"13,118","10,532"
2005,Prince Edward Island,Groundfish,Pollock,0,0
2005,Prince Edward Island,Groundfish,Redfish spp.,0,0
2005,Prince Edward Island,Groundfish,Skate,0,0
2005,Prince Edward Island,Groundfish,Total groundfish,"549,408","661,996"
2005,Prince Edward Island,Grand total,Grand total,"47,411,821","144,025,804"
2005,Quebec,Shellfish,Clams / quahaug,"2,122,663","2,979,514"
2005,Quebec,Shellfish,"Crab, Other","2,219,700","1,748,942"
2005,Quebec,Shellfish,"Crab, Queen","16,326,815","63,400,613"
2005,Quebec,Shellfish,Lobster,"3,460,636","48,495,953"
2005,Quebec,Shellfish,Other shellfish,"1,714,765","1,804,928"
2005,Quebec,Shellfish,Scallop,"1,270,820","1,936,629"
2005,Quebec,Shellfish,Sea cucumber,0,0
2005,Quebec,Shellfish,Sea urchin,"182,468","206,590"
2005,Quebec,Shellfish,Shrimp,"17,422,245","23,922,557"
2005,Quebec,Shellfish,Total shellfish,"44,720,112","144,495,726"
2005,Quebec,Pelagics,Alewife,0,0
2005,Quebec,Pelagics,Capelin,"558,197","264,550"
2005,Quebec,Pelagics,Eel,"72,092","476,309"
2005,Quebec,Pelagics,Elvers,0,0
2005,Quebec,Pelagics,Herring,"5,394,728","1,517,053"
2005,Quebec,Pelagics,Mackerel,"1,220,597","665,095"
2005,Quebec,Pelagics,Other pelagic/finfish,"172,242","535,199"
2005,Quebec,Pelagics,Salmon,0,0
2005,Quebec,Pelagics,Shark,574,781
2005,Quebec,Pelagics,Silversides,0,0
2005,Quebec,Pelagics,Swordfish,0,0
2005,Quebec,Pelagics,Total pelagics,"7,418,430","3,458,986"
2005,Quebec,Pelagics,Tuna,0,0
2005,Quebec,Other,Marine plants,0,0
2005,Quebec,Other,Miscellaneous,0,0
2005,Quebec,Other,Total other,0,0
2005,Quebec,Groundfish,Cod,"2,202,701","2,210,659"
2005,Quebec,Groundfish,Flatfishes,"762,985","671,903"
2005,Quebec,Groundfish,Greenland turbot,"3,068,871","6,600,208"
2005,Quebec,Groundfish,Haddock,59,51
2005,Quebec,Groundfish,Hake,"8,378","4,453"
2005,Quebec,Groundfish,Halibut,"171,099","1,005,687"
2005,Quebec,Groundfish,Other groundfish,"72,108","221,671"
2005,Quebec,Groundfish,Pollock,336,194
2005,Quebec,Groundfish,Redfish spp.,"251,771","194,817"
2005,Quebec,Groundfish,Skate,"22,232","2,634"
2005,Quebec,Groundfish,Total groundfish,"6,560,540","10,912,276"
2005,Quebec,Grand total,Grand total,"58,699,082","158,866,988"
2006,Atlantic,Shellfish,Clams / quahaug,"27,391,054","39,173,148"
2006,Atlantic,Shellfish,"Crab, Other","9,150,986","7,278,060"
2006,Atlantic,Shellfish,"Crab, Queen","89,645,805","215,480,282"
2006,Atlantic,Shellfish,Lobster,"55,007,709","653,085,289"
2006,Atlantic,Shellfish,Other shellfish,"25,749,645","27,456,722"
2006,Atlantic,Shellfish,Scallop,"63,389,181","87,815,962"
2006,Atlantic,Shellfish,Sea cucumber,"2,491,939","1,078,999"
2006,Atlantic,Shellfish,Sea urchin,"2,246,209","3,734,034"
2006,Atlantic,Shellfish,Shrimp,"178,383,349","234,128,747"
2006,Atlantic,Shellfish,Total shellfish,"453,455,877","1,269,231,243"
2006,Atlantic,Pelagics,Alewife,"4,397,764","2,015,740"
2006,Atlantic,Pelagics,Capelin,"42,193,826","11,694,864"
2006,Atlantic,Pelagics,Eel,"416,637","2,837,173"
2006,Atlantic,Pelagics,Elvers,0,0
2006,Atlantic,Pelagics,Herring,"160,101,345","34,195,804"
2006,Atlantic,Pelagics,Mackerel,"53,959,033","20,472,498"
2006,Atlantic,Pelagics,Other pelagic/finfish,"1,070,314","1,211,058"
2006,Atlantic,Pelagics,Salmon,0,0
2006,Atlantic,Pelagics,Shark,"273,025","247,097"
2006,Atlantic,Pelagics,Silversides,"551,473","615,301"
2006,Atlantic,Pelagics,Swordfish,"1,404,526","11,896,528"
2006,Atlantic,Pelagics,Total pelagics,"265,615,269","100,341,516"
2006,Atlantic,Pelagics,Tuna,"1,247,326","15,155,452"
2006,Atlantic,Other,Marine plants,"43,191,311","4,910,853"
2006,Atlantic,Other,Miscellaneous,"499,059","30,535,327"
2006,Atlantic,Other,Total other,"43,690,370","35,446,180"
2006,Atlantic,Groundfish,Cod,"27,493,349","37,204,490"
2006,Atlantic,Groundfish,Flatfishes,"5,380,367","6,018,656"
2006,Atlantic,Groundfish,Greenland turbot,"14,622,524","36,421,732"
2006,Atlantic,Groundfish,Haddock,"16,959,872","26,848,186"
2006,Atlantic,Groundfish,Hake,"16,414,104","11,918,356"
2006,Atlantic,Groundfish,Halibut,"1,832,381","16,329,822"
2006,Atlantic,Groundfish,Other groundfish,"9,620,216","13,712,939"
2006,Atlantic,Groundfish,Pollock,"4,895,997","3,509,150"
2006,Atlantic,Groundfish,Redfish spp.,"14,248,259","9,484,512"
2006,Atlantic,Groundfish,Skate,"1,273,891","365,640"
2006,Atlantic,Groundfish,Total groundfish,"112,740,960","161,813,484"
2006,Atlantic,Grand total,Grand total,"875,502,476","1,566,832,423"
2006,British Columbia,Shellfish,Clams / quahaug,"2,425,299","34,613,074"
2006,British Columbia,Shellfish,"Crab, Other","3,871,059","21,312,042"
2006,British Columbia,Shellfish,"Crab, Queen",0,0
2006,British Columbia,Shellfish,Lobster,0,0
2006,British Columbia,Shellfish,Other shellfish,"2,295,626","37,260,425"
2006,British Columbia,Shellfish,Scallop,"18,318","105,554"
2006,British Columbia,Shellfish,Sea cucumber,"967,163","1,661,884"
2006,British Columbia,Shellfish,Sea urchin,"3,136,134","4,513,038"
2006,British Columbia,Shellfish,Shrimp,"765,531","2,630,481"
2006,British Columbia,Shellfish,Total shellfish,"13,479,130","102,096,498"
2006,British Columbia,Pelagics,Alewife,0,0
2006,British Columbia,Pelagics,Capelin,0,0
2006,British Columbia,Pelagics,Eel,0,0
2006,British Columbia,Pelagics,Elvers,0,0
2006,British Columbia,Pelagics,Herring,"23,369,762","19,352,477"
2006,British Columbia,Pelagics,Mackerel,73,32
2006,British Columbia,Pelagics,Other pelagic/finfish,"584,122","326,530"
2006,British Columbia,Pelagics,Salmon,"24,286,663","61,531,718"
2006,British Columbia,Pelagics,Shark,0,0
2006,British Columbia,Pelagics,Silversides,0,0
2006,British Columbia,Pelagics,Swordfish,0,0
2006,British Columbia,Pelagics,Total pelagics,"52,995,689","94,426,549"
2006,British Columbia,Pelagics,Tuna,"4,755,068","13,215,791"
2006,British Columbia,Other,Marine plants,0,0
2006,British Columbia,Other,Miscellaneous,"319,173","41,149"
2006,British Columbia,Other,Total other,"319,173","41,149"
2006,British Columbia,Groundfish,Cod,"959,577","1,288,422"
2006,British Columbia,Groundfish,Flatfishes,"11,356,248","7,952,586"
2006,British Columbia,Groundfish,Greenland turbot,0,0
2006,British Columbia,Groundfish,Haddock,0,0
2006,British Columbia,Groundfish,Hake,"96,198,057","26,902,491"
2006,British Columbia,Groundfish,Halibut,"7,276,629","54,851,954"
2006,British Columbia,Groundfish,Other groundfish,"9,382,865","39,530,144"
2006,British Columbia,Groundfish,Pollock,"3,114,090","1,441,717"
2006,British Columbia,Groundfish,Redfish spp.,"18,394,218","25,372,181"
2006,British Columbia,Groundfish,Skate,"1,429,124","390,937"
2006,British Columbia,Groundfish,Total groundfish,"148,110,809","157,730,432"
2006,British Columbia,Grand total,Grand total,"214,904,801","354,294,628"
2006,Canada,Shellfish,Clams / quahaug,"29,816,353","73,786,222"
2006,Canada,Shellfish,"Crab, Other","13,022,045","28,590,102"
2006,Canada,Shellfish,"Crab, Queen","89,645,805","215,480,282"
2006,Canada,Shellfish,Lobster,"55,007,709","653,085,289"
2006,Canada,Shellfish,Other shellfish,"28,045,271","64,717,147"
2006,Canada,Shellfish,Scallop,"63,407,499","87,921,516"
2006,Canada,Shellfish,Sea cucumber,"3,459,102","2,740,882"
2006,Canada,Shellfish,Sea urchin,"5,382,343","8,247,072"
2006,Canada,Shellfish,Shrimp,"179,148,880","236,759,228"
2006,Canada,Shellfish,Total shellfish,"466,935,007","1,371,327,741"
2006,Canada,Pelagics,Alewife,"4,397,764","2,015,740"
2006,Canada,Pelagics,Capelin,"42,193,826","11,694,864"
2006,Canada,Pelagics,Eel,"416,637","2,837,173"
2006,Canada,Pelagics,Elvers,0,0
2006,Canada,Pelagics,Herring,"183,471,107","53,548,281"
2006,Canada,Pelagics,Mackerel,"53,959,106","20,472,530"
2006,Canada,Pelagics,Other pelagic/finfish,"1,654,436","1,537,588"
2006,Canada,Pelagics,Salmon,"24,286,663","61,531,718"
2006,Canada,Pelagics,Shark,"273,025","247,097"
2006,Canada,Pelagics,Silversides,"551,473","615,301"
2006,Canada,Pelagics,Swordfish,"1,404,526","11,896,528"
2006,Canada,Pelagics,Total pelagics,"318,610,958","194,768,065"
2006,Canada,Pelagics,Tuna,"6,002,394","28,371,243"
2006,Canada,Other,Marine plants,"43,191,311","4,910,853"
2006,Canada,Other,Miscellaneous,"818,232","30,576,477"
2006,Canada,Other,Total other,"44,009,543","35,487,330"
2006,Canada,Groundfish,Cod,"28,452,926","38,492,912"
2006,Canada,Groundfish,Flatfishes,"16,736,615","13,971,242"
2006,Canada,Groundfish,Greenland turbot,"14,622,524","36,421,732"
2006,Canada,Groundfish,Haddock,"16,959,872","26,848,186"
2006,Canada,Groundfish,Hake,"112,612,161","38,820,847"
2006,Canada,Groundfish,Halibut,"9,109,010","71,181,775"
2006,Canada,Groundfish,Other groundfish,"19,003,081","53,243,083"
2006,Canada,Groundfish,Pollock,"8,010,087","4,950,867"
2006,Canada,Groundfish,Redfish spp.,"32,642,477","34,856,694"
2006,Canada,Groundfish,Skate,"2,703,015","756,577"
2006,Canada,Groundfish,Total groundfish,"260,851,769","319,543,915"
2006,Canada,Grand total,Grand total,"1,090,407,277","1,921,127,051"
2006,New Brunswick,Shellfish,Clams / quahaug,x,x
2006,New Brunswick,Shellfish,"Crab, Other","2,134,315","1,786,249"
2006,New Brunswick,Shellfish,"Crab, Queen","12,655,075","33,236,853"
2006,New Brunswick,Shellfish,Lobster,"7,874,488","91,917,798"
2006,New Brunswick,Shellfish,Other shellfish,x,x
2006,New Brunswick,Shellfish,Scallop,"2,356,262","4,829,638"
2006,New Brunswick,Shellfish,Sea cucumber,x,x
2006,New Brunswick,Shellfish,Sea urchin,"946,348","1,918,251"
2006,New Brunswick,Shellfish,Shrimp,"8,492,414","7,361,217"
2006,New Brunswick,Shellfish,Total shellfish,"36,822,247","144,500,854"
2006,New Brunswick,Pelagics,Alewife,"2,946,360","1,244,591"
2006,New Brunswick,Pelagics,Capelin,x,x
2006,New Brunswick,Pelagics,Eel,"107,553","642,092"
2006,New Brunswick,Pelagics,Elvers,0,0
2006,New Brunswick,Pelagics,Herring,"57,180,517","11,422,995"
2006,New Brunswick,Pelagics,Mackerel,"1,512,799","976,486"
2006,New Brunswick,Pelagics,Other pelagic/finfish,"796,164","616,799"
2006,New Brunswick,Pelagics,Salmon,0,0
2006,New Brunswick,Pelagics,Shark,x,x
2006,New Brunswick,Pelagics,Silversides,0,0
2006,New Brunswick,Pelagics,Swordfish,0,0
2006,New Brunswick,Pelagics,Total pelagics,"63,232,816","15,006,644"
2006,New Brunswick,Pelagics,Tuna,0,0
2006,New Brunswick,Other,Marine plants,x,x
2006,New Brunswick,Other,Miscellaneous,0,0
2006,New Brunswick,Other,Total other,"10,947,557","909,855"
2006,New Brunswick,Groundfish,Cod,"468,397","622,979"
2006,New Brunswick,Groundfish,Flatfishes,"35,715","48,899"
2006,New Brunswick,Groundfish,Greenland turbot,"35,383","62,613"
2006,New Brunswick,Groundfish,Haddock,x,x
2006,New Brunswick,Groundfish,Hake,"23,028","20,300"
2006,New Brunswick,Groundfish,Halibut,"75,664","505,385"
2006,New Brunswick,Groundfish,Other groundfish,"58,476","33,139"
2006,New Brunswick,Groundfish,Pollock,"91,820","74,790"
2006,New Brunswick,Groundfish,Redfish spp.,x,x
2006,New Brunswick,Groundfish,Skate,x,x
2006,New Brunswick,Groundfish,Total groundfish,"795,700","1,377,820"
2006,New Brunswick,Grand total,Grand total,"111,798,320","161,795,173"
2006,Newfoundland and Labrador,Shellfish,Clams / quahaug,x,x
2006,Newfoundland and Labrador,Shellfish,"Crab, Other","706,319","553,015"
2006,Newfoundland and Labrador,Shellfish,"Crab, Queen","47,261,114","100,760,214"
2006,Newfoundland and Labrador,Shellfish,Lobster,"2,642,405","28,689,367"
2006,Newfoundland and Labrador,Shellfish,Other shellfish,"21,392,016","18,198,520"
2006,Newfoundland and Labrador,Shellfish,Scallop,"2,351,649","3,369,841"
2006,Newfoundland and Labrador,Shellfish,Sea cucumber,"581,933","320,729"
2006,Newfoundland and Labrador,Shellfish,Sea urchin,x,x
2006,Newfoundland and Labrador,Shellfish,Shrimp,"122,541,466","162,069,202"
2006,Newfoundland and Labrador,Shellfish,Total shellfish,"219,385,663","345,136,326"
2006,Newfoundland and Labrador,Pelagics,Alewife,0,0
2006,Newfoundland and Labrador,Pelagics,Capelin,"39,985,468","11,254,890"
2006,Newfoundland and Labrador,Pelagics,Eel,"79,980","450,976"
2006,Newfoundland and Labrador,Pelagics,Elvers,0,0
2006,Newfoundland and Labrador,Pelagics,Herring,"24,942,218","5,052,135"
2006,Newfoundland and Labrador,Pelagics,Mackerel,"44,282,972","14,597,748"
2006,Newfoundland and Labrador,Pelagics,Other pelagic/finfish,"39,605","79,129"
2006,Newfoundland and Labrador,Pelagics,Salmon,0,0
2006,Newfoundland and Labrador,Pelagics,Shark,"5,629","3,360"
2006,Newfoundland and Labrador,Pelagics,Silversides,0,0
2006,Newfoundland and Labrador,Pelagics,Swordfish,x,x
2006,Newfoundland and Labrador,Pelagics,Total pelagics,"109,346,432","31,518,054"
2006,Newfoundland and Labrador,Pelagics,Tuna,x,x
2006,Newfoundland and Labrador,Other,Marine plants,0,0
2006,Newfoundland and Labrador,Other,Miscellaneous,"495,466","30,499,381"
2006,Newfoundland and Labrador,Other,Total other,"495,466","30,499,381"
2006,Newfoundland and Labrador,Groundfish,Cod,"17,138,255","19,754,158"
2006,Newfoundland and Labrador,Groundfish,Flatfishes,"1,912,872","1,415,025"
2006,Newfoundland and Labrador,Groundfish,Greenland turbot,"11,264,163","30,198,110"
2006,Newfoundland and Labrador,Groundfish,Haddock,"157,212","138,004"
2006,Newfoundland and Labrador,Groundfish,Hake,"2,046,172","1,408,637"
2006,Newfoundland and Labrador,Groundfish,Halibut,"392,603","2,422,336"
2006,Newfoundland and Labrador,Groundfish,Other groundfish,"3,834,759","7,356,409"
2006,Newfoundland and Labrador,Groundfish,Pollock,"843,847","456,950"
2006,Newfoundland and Labrador,Groundfish,Redfish spp.,"6,476,263","4,281,027"
2006,Newfoundland and Labrador,Groundfish,Skate,"1,162,137","334,208"
2006,Newfoundland and Labrador,Groundfish,Total groundfish,"45,228,283","67,764,864"
2006,Newfoundland and Labrador,Grand total,Grand total,"374,455,844","474,918,626"
2006,Nova Scotia,Shellfish,Clams / quahaug,"1,885,289","2,344,293"
2006,Nova Scotia,Shellfish,"Crab, Other","1,308,131","1,079,467"
2006,Nova Scotia,Shellfish,"Crab, Queen","10,774,889","32,409,942"
2006,Nova Scotia,Shellfish,Lobster,"31,594,751","380,140,064"
2006,Nova Scotia,Shellfish,Other shellfish,x,x
2006,Nova Scotia,Shellfish,Scallop,"57,095,173","76,919,454"
2006,Nova Scotia,Shellfish,Sea cucumber,x,x
2006,Nova Scotia,Shellfish,Sea urchin,x,x
2006,Nova Scotia,Shellfish,Shrimp,"28,013,090","45,824,555"
2006,Nova Scotia,Shellfish,Total shellfish,"131,936,401","539,966,454"
2006,Nova Scotia,Pelagics,Alewife,"1,171,800","558,864"
2006,Nova Scotia,Pelagics,Capelin,0,0
2006,Nova Scotia,Pelagics,Eel,x,x
2006,Nova Scotia,Pelagics,Elvers,0,0
2006,Nova Scotia,Pelagics,Herring,"59,890,433","14,005,671"
2006,Nova Scotia,Pelagics,Mackerel,"2,591,933","1,717,167"
2006,Nova Scotia,Pelagics,Other pelagic/finfish,x,x
2006,Nova Scotia,Pelagics,Salmon,0,0
2006,Nova Scotia,Pelagics,Shark,"264,795","240,579"
2006,Nova Scotia,Pelagics,Silversides,0,0
2006,Nova Scotia,Pelagics,Swordfish,x,x
2006,Nova Scotia,Pelagics,Total pelagics,"66,463,540","41,040,607"
2006,Nova Scotia,Pelagics,Tuna,"998,035","11,753,541"
2006,Nova Scotia,Other,Marine plants,x,x
2006,Nova Scotia,Other,Miscellaneous,x,x
2006,Nova Scotia,Other,Total other,"27,003,404","2,521,797"
2006,Nova Scotia,Groundfish,Cod,"6,925,180","13,662,746"
2006,Nova Scotia,Groundfish,Flatfishes,"2,502,478","3,430,425"
2006,Nova Scotia,Groundfish,Greenland turbot,"437,646","1,237,969"
2006,Nova Scotia,Groundfish,Haddock,"16,797,970","26,703,041"
2006,Nova Scotia,Groundfish,Hake,"14,341,014","10,487,159"
2006,Nova Scotia,Groundfish,Halibut,"1,200,648","12,359,422"
2006,Nova Scotia,Groundfish,Other groundfish,"5,664,674","6,238,552"
2006,Nova Scotia,Groundfish,Pollock,"3,959,207","2,976,863"
2006,Nova Scotia,Groundfish,Redfish spp.,"7,416,389","4,914,559"
2006,Nova Scotia,Groundfish,Skate,"105,690","29,544"
2006,Nova Scotia,Groundfish,Total groundfish,"59,350,896","82,040,279"
2006,Nova Scotia,Grand total,Grand total,"284,754,241","665,569,137"
2006,Prince Edward Island,Shellfish,Clams / quahaug,"1,310,160","2,552,057"
2006,Prince Edward Island,Shellfish,"Crab, Other","2,913,798","2,146,170"
2006,Prince Edward Island,Shellfish,"Crab, Queen","3,431,131","9,481,479"
2006,Prince Edward Island,Shellfish,Lobster,"9,435,021","109,193,527"
2006,Prince Edward Island,Shellfish,Other shellfish,"2,072,711","5,866,686"
2006,Prince Edward Island,Shellfish,Scallop,"418,606","932,266"
2006,Prince Edward Island,Shellfish,Sea cucumber,0,0
2006,Prince Edward Island,Shellfish,Sea urchin,0,0
2006,Prince Edward Island,Shellfish,Shrimp,0,0
2006,Prince Edward Island,Shellfish,Total shellfish,"19,581,427","130,172,184"
2006,Prince Edward Island,Pelagics,Alewife,x,x
2006,Prince Edward Island,Pelagics,Capelin,0,0
2006,Prince Edward Island,Pelagics,Eel,"87,433","462,099"
2006,Prince Edward Island,Pelagics,Elvers,0,0
2006,Prince Edward Island,Pelagics,Herring,"13,742,657","2,615,335"
2006,Prince Edward Island,Pelagics,Mackerel,"3,540,798","2,179,097"
2006,Prince Edward Island,Pelagics,Other pelagic/finfish,x,x
2006,Prince Edward Island,Pelagics,Salmon,0,0
2006,Prince Edward Island,Pelagics,Shark,x,x
2006,Prince Edward Island,Pelagics,Silversides,"551,473","615,301"
2006,Prince Edward Island,Pelagics,Swordfish,0,0
2006,Prince Edward Island,Pelagics,Total pelagics,"18,520,759","9,498,215"
2006,Prince Edward Island,Pelagics,Tuna,x,x
2006,Prince Edward Island,Other,Marine plants,"5,243,772","1,513,317"
2006,Prince Edward Island,Other,Miscellaneous,0,0
2006,Prince Edward Island,Other,Total other,"5,243,772","1,513,317"
2006,Prince Edward Island,Groundfish,Cod,"212,619","253,255"
2006,Prince Edward Island,Groundfish,Flatfishes,"213,316","417,703"
2006,Prince Edward Island,Groundfish,Greenland turbot,0,0
2006,Prince Edward Island,Groundfish,Haddock,x,x
2006,Prince Edward Island,Groundfish,Hake,x,x
2006,Prince Edward Island,Groundfish,Halibut,"13,777","111,597"
2006,Prince Edward Island,Groundfish,Other groundfish,"18,720","10,422"
2006,Prince Edward Island,Groundfish,Pollock,0,0
2006,Prince Edward Island,Groundfish,Redfish spp.,0,0
2006,Prince Edward Island,Groundfish,Skate,0,0
2006,Prince Edward Island,Groundfish,Total groundfish,"458,823","793,235"
2006,Prince Edward Island,Grand total,Grand total,"43,804,781","141,976,950"
2006,Quebec,Shellfish,Clams / quahaug,"1,782,260","1,857,273"
2006,Quebec,Shellfish,"Crab, Other","2,088,423","1,713,158"
2006,Quebec,Shellfish,"Crab, Queen","15,523,596","39,591,794"
2006,Quebec,Shellfish,Lobster,"3,461,044","43,144,533"
2006,Quebec,Shellfish,Other shellfish,"1,681,085","1,733,410"
2006,Quebec,Shellfish,Scallop,"1,167,491","1,764,764"
2006,Quebec,Shellfish,Sea cucumber,0,0
2006,Quebec,Shellfish,Sea urchin,"689,861","776,717"
2006,Quebec,Shellfish,Shrimp,"19,336,379","18,873,774"
2006,Quebec,Shellfish,Total shellfish,"45,730,139","109,455,424"
2006,Quebec,Pelagics,Alewife,x,x
2006,Quebec,Pelagics,Capelin,x,x
2006,Quebec,Pelagics,Eel,x,x
2006,Quebec,Pelagics,Elvers,0,0
2006,Quebec,Pelagics,Herring,"4,345,520","1,099,669"
2006,Quebec,Pelagics,Mackerel,"2,030,531","1,002,000"
2006,Quebec,Pelagics,Other pelagic/finfish,"89,323","338,911"
2006,Quebec,Pelagics,Salmon,0,0
2006,Quebec,Pelagics,Shark,x,x
2006,Quebec,Pelagics,Silversides,0,0
2006,Quebec,Pelagics,Swordfish,0,0
2006,Quebec,Pelagics,Total pelagics,"8,051,722","3,277,996"
2006,Quebec,Pelagics,Tuna,0,0
2006,Quebec,Other,Marine plants,0,0
2006,Quebec,Other,Miscellaneous,x,x
2006,Quebec,Other,Total other,171,"1,832"
2006,Quebec,Groundfish,Cod,"2,748,898","2,911,352"
2006,Quebec,Groundfish,Flatfishes,"715,986","706,605"
2006,Quebec,Groundfish,Greenland turbot,"2,885,332","4,923,040"
2006,Quebec,Groundfish,Haddock,0,0
2006,Quebec,Groundfish,Hake,x,x
2006,Quebec,Groundfish,Halibut,"149,689","931,083"
2006,Quebec,Groundfish,Other groundfish,"43,587","74,418"
2006,Quebec,Groundfish,Pollock,"1,123",548
2006,Quebec,Groundfish,Redfish spp.,x,x
2006,Quebec,Groundfish,Skate,x,x
2006,Quebec,Groundfish,Total groundfish,"6,907,258","9,837,286"
2006,Quebec,Grand total,Grand total,"60,689,290","122,572,537"
2007,Atlantic,Shellfish,Clams / quahaug,"23,278,784","34,487,068"
2007,Atlantic,Shellfish,"Crab, Other","9,303,542","7,233,720"
2007,Atlantic,Shellfish,"Crab, Queen","90,672,160","367,551,305"
2007,Atlantic,Shellfish,Lobster,"48,870,326","629,054,980"
2007,Atlantic,Shellfish,Other shellfish,"9,375,393","13,744,098"
2007,Atlantic,Shellfish,Scallop,"65,336,771","89,526,296"
2007,Atlantic,Shellfish,Sea cucumber,"1,990,994","819,649"
2007,Atlantic,Shellfish,Sea urchin,"2,244,185","3,762,136"
2007,Atlantic,Shellfish,Shrimp,"187,541,361","257,699,508"
2007,Atlantic,Shellfish,Total shellfish,"438,613,516","1,403,878,762"
2007,Atlantic,Pelagics,Alewife,"3,452,500","2,077,681"
2007,Atlantic,Pelagics,Capelin,"37,598,872","10,067,417"
2007,Atlantic,Pelagics,Eel,"382,591","4,338,525"
2007,Atlantic,Pelagics,Elvers,0,0
2007,Atlantic,Pelagics,Herring,"167,781,913","36,336,860"
2007,Atlantic,Pelagics,Mackerel,"53,393,878","17,738,011"
2007,Atlantic,Pelagics,Other pelagic/finfish,"1,015,237","1,265,184"
2007,Atlantic,Pelagics,Salmon,0,0
2007,Atlantic,Pelagics,Shark,"176,572","180,133"
2007,Atlantic,Pelagics,Silversides,"494,537","427,283"
2007,Atlantic,Pelagics,Swordfish,"1,348,189","11,378,333"
2007,Atlantic,Pelagics,Total pelagics,"266,584,452","94,600,155"
2007,Atlantic,Pelagics,Tuna,"940,163","10,790,728"
2007,Atlantic,Other,Marine plants,"19,381,925","2,448,496"
2007,Atlantic,Other,Miscellaneous,"573,033","12,175,615"
2007,Atlantic,Other,Total other,"19,954,958","14,624,111"
2007,Atlantic,Groundfish,Cod,"26,733,417","42,869,968"
2007,Atlantic,Groundfish,Flatfishes,"9,101,901","8,415,174"
2007,Atlantic,Groundfish,Greenland turbot,"13,697,694","32,182,146"
2007,Atlantic,Groundfish,Haddock,"19,238,085","27,656,313"
2007,Atlantic,Groundfish,Hake,"15,361,575","12,049,165"
2007,Atlantic,Groundfish,Halibut,"2,021,677","18,545,973"
2007,Atlantic,Groundfish,Other groundfish,"7,352,798","8,716,993"
2007,Atlantic,Groundfish,Pollock,"6,942,906","5,349,305"
2007,Atlantic,Groundfish,Redfish spp.,"9,214,445","6,169,249"
2007,Atlantic,Groundfish,Skate,"1,543,718","594,102"
2007,Atlantic,Groundfish,Total groundfish,"111,208,216","162,548,388"
2007,Atlantic,Grand total,Grand total,"836,361,142","1,675,651,416"
2007,British Columbia,Shellfish,Clams / quahaug,"2,184,620","32,516,407"
2007,British Columbia,Shellfish,"Crab, Other","6,218,959","34,449,795"
2007,British Columbia,Shellfish,"Crab, Queen",0,0
2007,British Columbia,Shellfish,Lobster,0,0
2007,British Columbia,Shellfish,Other shellfish,"2,541,465","25,379,747"
2007,British Columbia,Shellfish,Scallop,"14,300","82,099"
2007,British Columbia,Shellfish,Sea cucumber,"1,160,881","1,850,136"
2007,British Columbia,Shellfish,Sea urchin,"2,190,915","3,096,618"
2007,British Columbia,Shellfish,Shrimp,"674,716","2,379,631"
2007,British Columbia,Shellfish,Total shellfish,"14,985,854","99,754,433"
2007,British Columbia,Pelagics,Alewife,0,0
2007,British Columbia,Pelagics,Capelin,0,0
2007,British Columbia,Pelagics,Eel,0,0
2007,British Columbia,Pelagics,Elvers,0,0
2007,British Columbia,Pelagics,Herring,"11,993,357","20,565,536"
2007,British Columbia,Pelagics,Mackerel,58,26
2007,British Columbia,Pelagics,Other pelagic/finfish,"1,015,653","267,405"
2007,British Columbia,Pelagics,Salmon,"20,234,357","31,669,847"
2007,British Columbia,Pelagics,Shark,0,0
2007,British Columbia,Pelagics,Silversides,0,0
2007,British Columbia,Pelagics,Swordfish,0,0
2007,British Columbia,Pelagics,Total pelagics,"38,413,800","65,845,914"
2007,British Columbia,Pelagics,Tuna,"5,170,374","13,343,100"
2007,British Columbia,Other,Marine plants,0,0
2007,British Columbia,Other,Miscellaneous,"220,923","15,350"
2007,British Columbia,Other,Total other,"220,923","15,350"
2007,British Columbia,Groundfish,Cod,"530,892","777,977"
2007,British Columbia,Groundfish,Flatfishes,"8,978,222","5,416,581"
2007,British Columbia,Groundfish,Greenland turbot,0,0
2007,British Columbia,Groundfish,Haddock,0,0
2007,British Columbia,Groundfish,Hake,"73,448,141","21,566,205"
2007,British Columbia,Groundfish,Halibut,"5,970,137","50,917,583"
2007,British Columbia,Groundfish,Other groundfish,"10,152,802","31,905,149"
2007,British Columbia,Groundfish,Pollock,"3,182,820","833,605"
2007,British Columbia,Groundfish,Redfish spp.,"18,716,419","22,152,353"
2007,British Columbia,Groundfish,Skate,"1,191,614","1,180,881"
2007,British Columbia,Groundfish,Total groundfish,"122,171,048","134,750,333"
2007,British Columbia,Grand total,Grand total,"175,791,625","300,366,029"
2007,Canada,Shellfish,Clams / quahaug,"25,463,404","67,003,475"
2007,Canada,Shellfish,"Crab, Other","15,522,501","41,683,515"
2007,Canada,Shellfish,"Crab, Queen","90,672,160","367,551,305"
2007,Canada,Shellfish,Lobster,"48,870,326","629,054,980"
2007,Canada,Shellfish,Other shellfish,"11,916,858","39,123,845"
2007,Canada,Shellfish,Scallop,"65,351,071","89,608,395"
2007,Canada,Shellfish,Sea cucumber,"3,151,875","2,669,785"
2007,Canada,Shellfish,Sea urchin,"4,435,100","6,858,754"
2007,Canada,Shellfish,Shrimp,"188,216,077","260,079,139"
2007,Canada,Shellfish,Total shellfish,"453,599,370","1,503,633,194"
2007,Canada,Pelagics,Alewife,"3,452,500","2,077,681"
2007,Canada,Pelagics,Capelin,"37,598,872","10,067,417"
2007,Canada,Pelagics,Eel,"382,591","4,338,525"
2007,Canada,Pelagics,Elvers,0,0
2007,Canada,Pelagics,Herring,"179,775,270","56,902,396"
2007,Canada,Pelagics,Mackerel,"53,393,936","17,738,036"
2007,Canada,Pelagics,Other pelagic/finfish,"2,030,890","1,532,590"
2007,Canada,Pelagics,Salmon,"20,234,357","31,669,847"
2007,Canada,Pelagics,Shark,"176,572","180,133"
2007,Canada,Pelagics,Silversides,"494,537","427,283"
2007,Canada,Pelagics,Swordfish,"1,348,189","11,378,333"
2007,Canada,Pelagics,Total pelagics,"304,998,252","160,446,068"
2007,Canada,Pelagics,Tuna,"6,110,537","24,133,828"
2007,Canada,Other,Marine plants,"19,381,925","2,448,496"
2007,Canada,Other,Miscellaneous,"793,956","12,190,966"
2007,Canada,Other,Total other,"20,175,881","14,639,462"
2007,Canada,Groundfish,Cod,"27,264,309","43,647,945"
2007,Canada,Groundfish,Flatfishes,"18,080,123","13,831,754"
2007,Canada,Groundfish,Greenland turbot,"13,697,694","32,182,146"
2007,Canada,Groundfish,Haddock,"19,238,085","27,656,313"
2007,Canada,Groundfish,Hake,"88,809,716","33,615,370"
2007,Canada,Groundfish,Halibut,"7,991,814","69,463,556"
2007,Canada,Groundfish,Other groundfish,"17,505,600","40,622,142"
2007,Canada,Groundfish,Pollock,"10,125,726","6,182,910"
2007,Canada,Groundfish,Redfish spp.,"27,930,864","28,321,602"
2007,Canada,Groundfish,Skate,"2,735,332","1,774,983"
2007,Canada,Groundfish,Total groundfish,"233,379,264","297,298,721"
2007,Canada,Grand total,Grand total,"1,012,152,767","1,976,017,445"
2007,New Brunswick,Shellfish,Clams / quahaug,"665,711","1,335,160"
2007,New Brunswick,Shellfish,"Crab, Other","2,392,073","2,253,278"
2007,New Brunswick,Shellfish,"Crab, Queen","11,510,157","57,090,515"
2007,New Brunswick,Shellfish,Lobster,"7,823,210","90,516,366"
2007,New Brunswick,Shellfish,Other shellfish,x,x
2007,New Brunswick,Shellfish,Scallop,"1,933,038","3,865,063"
2007,New Brunswick,Shellfish,Sea cucumber,x,x
2007,New Brunswick,Shellfish,Sea urchin,"912,480","1,802,111"
2007,New Brunswick,Shellfish,Shrimp,"8,493,706","8,103,107"
2007,New Brunswick,Shellfish,Total shellfish,"35,347,176","166,675,943"
2007,New Brunswick,Pelagics,Alewife,"2,596,631","1,116,783"
2007,New Brunswick,Pelagics,Capelin,x,x
2007,New Brunswick,Pelagics,Eel,"117,947","687,390"
2007,New Brunswick,Pelagics,Elvers,0,0
2007,New Brunswick,Pelagics,Herring,"68,547,764","15,122,327"
2007,New Brunswick,Pelagics,Mackerel,"1,423,164","913,724"
2007,New Brunswick,Pelagics,Other pelagic/finfish,"713,958","536,651"
2007,New Brunswick,Pelagics,Salmon,0,0
2007,New Brunswick,Pelagics,Shark,x,x
2007,New Brunswick,Pelagics,Silversides,0,0
2007,New Brunswick,Pelagics,Swordfish,0,0
2007,New Brunswick,Pelagics,Total pelagics,"73,829,844","18,446,198"
2007,New Brunswick,Pelagics,Tuna,0,0
2007,New Brunswick,Other,Marine plants,x,x
2007,New Brunswick,Other,Miscellaneous,0,0
2007,New Brunswick,Other,Total other,"11,504,348","918,655"
2007,New Brunswick,Groundfish,Cod,"289,131","458,989"
2007,New Brunswick,Groundfish,Flatfishes,"62,238","88,172"
2007,New Brunswick,Groundfish,Greenland turbot,x,x
2007,New Brunswick,Groundfish,Haddock,x,x
2007,New Brunswick,Groundfish,Hake,"28,272","27,147"
2007,New Brunswick,Groundfish,Halibut,"72,125","541,015"
2007,New Brunswick,Groundfish,Other groundfish,"7,869","7,976"
2007,New Brunswick,Groundfish,Pollock,x,x
2007,New Brunswick,Groundfish,Redfish spp.,x,x
2007,New Brunswick,Groundfish,Skate,0,0
2007,New Brunswick,Groundfish,Total groundfish,"725,028","1,482,525"
2007,New Brunswick,Grand total,Grand total,"121,406,396","187,523,322"
2007,Newfoundland and Labrador,Shellfish,Clams / quahaug,x,x
2007,Newfoundland and Labrador,Shellfish,"Crab, Other","541,623","415,662"
2007,Newfoundland and Labrador,Shellfish,"Crab, Queen","50,206,296","177,450,061"
2007,Newfoundland and Labrador,Shellfish,Lobster,"2,566,397","32,004,256"
2007,Newfoundland and Labrador,Shellfish,Other shellfish,"5,349,321","5,139,267"
2007,Newfoundland and Labrador,Shellfish,Scallop,"703,550","1,012,786"
2007,Newfoundland and Labrador,Shellfish,Sea cucumber,"189,605","104,500"
2007,Newfoundland and Labrador,Shellfish,Sea urchin,x,x
2007,Newfoundland and Labrador,Shellfish,Shrimp,"130,404,000","183,516,136"
2007,Newfoundland and Labrador,Shellfish,Total shellfish,"209,670,009","428,554,862"
2007,Newfoundland and Labrador,Pelagics,Alewife,0,0
2007,Newfoundland and Labrador,Pelagics,Capelin,"36,051,289","9,672,040"
2007,Newfoundland and Labrador,Pelagics,Eel,"66,020","384,842"
2007,Newfoundland and Labrador,Pelagics,Elvers,0,0
2007,Newfoundland and Labrador,Pelagics,Herring,"22,659,457","4,505,688"
2007,Newfoundland and Labrador,Pelagics,Mackerel,"44,601,659","12,737,959"
2007,Newfoundland and Labrador,Pelagics,Other pelagic/finfish,"28,808","52,170"
2007,Newfoundland and Labrador,Pelagics,Salmon,0,0
2007,Newfoundland and Labrador,Pelagics,Shark,"4,467","3,875"
2007,Newfoundland and Labrador,Pelagics,Silversides,0,0
2007,Newfoundland and Labrador,Pelagics,Swordfish,x,x
2007,Newfoundland and Labrador,Pelagics,Total pelagics,"103,446,335","27,595,486"
2007,Newfoundland and Labrador,Pelagics,Tuna,x,x
2007,Newfoundland and Labrador,Other,Marine plants,0,0
2007,Newfoundland and Labrador,Other,Miscellaneous,"571,749","11,386,605"
2007,Newfoundland and Labrador,Other,Total other,"571,749","11,386,605"
2007,Newfoundland and Labrador,Groundfish,Cod,"17,861,166","26,929,629"
2007,Newfoundland and Labrador,Groundfish,Flatfishes,"5,677,436","3,882,678"
2007,Newfoundland and Labrador,Groundfish,Greenland turbot,"9,834,363","24,520,887"
2007,Newfoundland and Labrador,Groundfish,Haddock,x,x
2007,Newfoundland and Labrador,Groundfish,Hake,"1,684,025","1,336,563"
2007,Newfoundland and Labrador,Groundfish,Halibut,"291,751","1,751,204"
2007,Newfoundland and Labrador,Groundfish,Other groundfish,"2,201,748","4,984,428"
2007,Newfoundland and Labrador,Groundfish,Pollock,"1,064,515","658,809"
2007,Newfoundland and Labrador,Groundfish,Redfish spp.,x,x
2007,Newfoundland and Labrador,Groundfish,Skate,"1,284,376","472,912"
2007,Newfoundland and Labrador,Groundfish,Total groundfish,"42,727,738","66,204,446"
2007,Newfoundland and Labrador,Grand total,Grand total,"356,415,831","533,741,399"
2007,Nova Scotia,Shellfish,Clams / quahaug,x,x
2007,Nova Scotia,Shellfish,"Crab, Other","1,266,285","1,094,992"
2007,Nova Scotia,Shellfish,"Crab, Queen","10,514,533","52,590,713"
2007,Nova Scotia,Shellfish,Lobster,"25,939,990","350,392,357"
2007,Nova Scotia,Shellfish,Other shellfish,x,x
2007,Nova Scotia,Shellfish,Scallop,"61,334,377","81,877,632"
2007,Nova Scotia,Shellfish,Sea cucumber,x,x
2007,Nova Scotia,Shellfish,Sea urchin,x,x
2007,Nova Scotia,Shellfish,Shrimp,"30,497,047","47,918,556"
2007,Nova Scotia,Shellfish,Total shellfish,"131,286,157","536,087,231"
2007,Nova Scotia,Pelagics,Alewife,"709,651","815,023"
2007,Nova Scotia,Pelagics,Capelin,0,0
2007,Nova Scotia,Pelagics,Eel,x,x
2007,Nova Scotia,Pelagics,Elvers,0,0
2007,Nova Scotia,Pelagics,Herring,"60,059,403","12,770,416"
2007,Nova Scotia,Pelagics,Mackerel,"2,836,741","1,172,490"
2007,Nova Scotia,Pelagics,Other pelagic/finfish,x,x
2007,Nova Scotia,Pelagics,Salmon,0,0
2007,Nova Scotia,Pelagics,Shark,"169,925","173,169"
2007,Nova Scotia,Pelagics,Silversides,0,0
2007,Nova Scotia,Pelagics,Swordfish,x,x
2007,Nova Scotia,Pelagics,Total pelagics,"66,026,320","37,258,323"
2007,Nova Scotia,Pelagics,Tuna,"750,966","8,567,565"
2007,Nova Scotia,Other,Marine plants,x,x
2007,Nova Scotia,Other,Miscellaneous,x,x
2007,Nova Scotia,Other,Total other,"4,396,716","796,948"
2007,Nova Scotia,Groundfish,Cod,"6,020,790","12,260,456"
2007,Nova Scotia,Groundfish,Flatfishes,"2,461,990","3,496,452"
2007,Nova Scotia,Groundfish,Greenland turbot,x,x
2007,Nova Scotia,Groundfish,Haddock,"18,905,621","27,349,000"
2007,Nova Scotia,Groundfish,Hake,"13,641,890","10,681,515"
2007,Nova Scotia,Groundfish,Halibut,"1,412,025","14,731,965"
2007,Nova Scotia,Groundfish,Other groundfish,"5,125,558","3,695,880"
2007,Nova Scotia,Groundfish,Pollock,"5,720,989","4,562,124"
2007,Nova Scotia,Groundfish,Redfish spp.,"6,626,273","4,741,913"
2007,Nova Scotia,Groundfish,Skate,x,x
2007,Nova Scotia,Groundfish,Total groundfish,"60,901,712","83,435,202"
2007,Nova Scotia,Grand total,Grand total,"262,610,905","657,577,704"
2007,Prince Edward Island,Shellfish,Clams / quahaug,"1,161,791","2,061,773"
2007,Prince Edward Island,Shellfish,"Crab, Other","2,945,049","1,650,324"
2007,Prince Edward Island,Shellfish,"Crab, Queen","3,303,419","15,777,871"
2007,Prince Edward Island,Shellfish,Lobster,"9,055,552","108,496,294"
2007,Prince Edward Island,Shellfish,Other shellfish,"2,042,504","5,661,418"
2007,Prince Edward Island,Shellfish,Scallop,"454,379","962,985"
2007,Prince Edward Island,Shellfish,Sea cucumber,0,0
2007,Prince Edward Island,Shellfish,Sea urchin,0,0
2007,Prince Edward Island,Shellfish,Shrimp,0,0
2007,Prince Edward Island,Shellfish,Total shellfish,"18,962,694","134,610,665"
2007,Prince Edward Island,Pelagics,Alewife,"146,218","145,875"
2007,Prince Edward Island,Pelagics,Capelin,0,0
2007,Prince Edward Island,Pelagics,Eel,"94,441","557,322"
2007,Prince Edward Island,Pelagics,Elvers,0,0
2007,Prince Edward Island,Pelagics,Herring,"12,993,546","2,921,945"
2007,Prince Edward Island,Pelagics,Mackerel,"2,782,479","2,031,869"
2007,Prince Edward Island,Pelagics,Other pelagic/finfish,x,x
2007,Prince Edward Island,Pelagics,Salmon,0,0
2007,Prince Edward Island,Pelagics,Shark,x,x
2007,Prince Edward Island,Pelagics,Silversides,"494,537","427,283"
2007,Prince Edward Island,Pelagics,Swordfish,0,0
2007,Prince Edward Island,Pelagics,Total pelagics,"16,743,074","8,297,233"
2007,Prince Edward Island,Pelagics,Tuna,x,x
2007,Prince Edward Island,Other,Marine plants,"3,482,135","747,238"
2007,Prince Edward Island,Other,Miscellaneous,0,0
2007,Prince Edward Island,Other,Total other,"3,482,135","747,238"
2007,Prince Edward Island,Groundfish,Cod,"69,959","77,670"
2007,Prince Edward Island,Groundfish,Flatfishes,"212,653","214,833"
2007,Prince Edward Island,Groundfish,Greenland turbot,0,0
2007,Prince Edward Island,Groundfish,Haddock,0,0
2007,Prince Edward Island,Groundfish,Hake,172,86
2007,Prince Edward Island,Groundfish,Halibut,"7,475","66,902"
2007,Prince Edward Island,Groundfish,Other groundfish,"2,527","1,587"
2007,Prince Edward Island,Groundfish,Pollock,0,0
2007,Prince Edward Island,Groundfish,Redfish spp.,0,0
2007,Prince Edward Island,Groundfish,Skate,0,0
2007,Prince Edward Island,Groundfish,Total groundfish,"292,786","361,077"
2007,Prince Edward Island,Grand total,Grand total,"39,480,689","144,016,213"
2007,Quebec,Shellfish,Clams / quahaug,"1,423,883","1,530,116"
2007,Quebec,Shellfish,"Crab, Other","2,158,512","1,819,465"
2007,Quebec,Shellfish,"Crab, Queen","15,137,755","64,642,145"
2007,Quebec,Shellfish,Lobster,"3,485,177","47,645,706"
2007,Quebec,Shellfish,Other shellfish,"1,322,904","1,367,584"
2007,Quebec,Shellfish,Scallop,"911,427","1,807,829"
2007,Quebec,Shellfish,Sea cucumber,0,0
2007,Quebec,Shellfish,Sea urchin,"761,214","975,506"
2007,Quebec,Shellfish,Shrimp,"18,146,608","18,161,710"
2007,Quebec,Shellfish,Total shellfish,"43,347,480","137,950,061"
2007,Quebec,Pelagics,Alewife,0,0
2007,Quebec,Pelagics,Capelin,x,x
2007,Quebec,Pelagics,Eel,x,x
2007,Quebec,Pelagics,Elvers,0,0
2007,Quebec,Pelagics,Herring,"3,521,743","1,016,485"
2007,Quebec,Pelagics,Mackerel,"1,749,835","881,969"
2007,Quebec,Pelagics,Other pelagic/finfish,x,x
2007,Quebec,Pelagics,Salmon,0,0
2007,Quebec,Pelagics,Shark,"1,579","2,328"
2007,Quebec,Pelagics,Silversides,0,0
2007,Quebec,Pelagics,Swordfish,0,0
2007,Quebec,Pelagics,Total pelagics,"6,538,879","3,002,914"
2007,Quebec,Pelagics,Tuna,0,0
2007,Quebec,Other,Marine plants,0,0
2007,Quebec,Other,Miscellaneous,10,"774,666"
2007,Quebec,Other,Total other,10,"774,666"
2007,Quebec,Groundfish,Cod,"2,492,371","3,143,224"
2007,Quebec,Groundfish,Flatfishes,"687,584","733,038"
2007,Quebec,Groundfish,Greenland turbot,"3,028,669","5,640,563"
2007,Quebec,Groundfish,Haddock,0,0
2007,Quebec,Groundfish,Hake,"7,216","3,854"
2007,Quebec,Groundfish,Halibut,"238,301","1,454,887"
2007,Quebec,Groundfish,Other groundfish,"15,096","27,122"
2007,Quebec,Groundfish,Pollock,x,x
2007,Quebec,Groundfish,Redfish spp.,"84,475","59,616"
2007,Quebec,Groundfish,Skate,x,x
2007,Quebec,Groundfish,Total groundfish,"6,560,952","11,065,139"
2007,Quebec,Grand total,Grand total,"56,447,321","152,792,779"
2008,Atlantic,Shellfish,Clams / quahaug,"23,676,405","36,593,130"
2008,Atlantic,Shellfish,"Crab, Other","8,138,336","6,652,470"
2008,Atlantic,Shellfish,"Crab, Queen","93,867,769","357,087,301"
2008,Atlantic,Shellfish,Lobster,"58,983,552","619,451,232"
2008,Atlantic,Shellfish,Other shellfish,"9,698,640","12,644,822"
2008,Atlantic,Shellfish,Scallop,"67,621,132","92,823,902"
2008,Atlantic,Shellfish,Sea cucumber,"3,039,041","1,298,394"
2008,Atlantic,Shellfish,Sea urchin,"2,231,772","4,689,936"
2008,Atlantic,Shellfish,Shrimp,"166,496,488","257,915,884"
2008,Atlantic,Shellfish,Total shellfish,"433,753,135","1,389,157,070"
2008,Atlantic,Pelagics,Alewife,"3,682,001","2,061,555"
2008,Atlantic,Pelagics,Capelin,"39,175,449","10,075,228"
2008,Atlantic,Pelagics,Eel,"253,055","8,961,585"
2008,Atlantic,Pelagics,Elvers,0,0
2008,Atlantic,Pelagics,Herring,"140,236,796","30,454,087"
2008,Atlantic,Pelagics,Mackerel,"29,671,041","11,884,240"
2008,Atlantic,Pelagics,Other pelagic/finfish,"893,065","789,549"
2008,Atlantic,Pelagics,Salmon,0,0
2008,Atlantic,Pelagics,Shark,"179,087","170,378"
2008,Atlantic,Pelagics,Silversides,"444,268","407,369"
2008,Atlantic,Pelagics,Swordfish,"1,382,952","8,803,001"
2008,Atlantic,Pelagics,Total pelagics,"216,833,111","87,849,954"
2008,Atlantic,Pelagics,Tuna,"915,397","14,242,960"
2008,Atlantic,Other,Marine plants,"17,715,462","2,482,248"
2008,Atlantic,Other,Miscellaneous,"212,837","6,913,223"
2008,Atlantic,Other,Total other,"17,928,299","9,395,470"
2008,Atlantic,Groundfish,Cod,"26,838,925","45,056,363"
2008,Atlantic,Groundfish,Flatfishes,"15,507,885","11,729,898"
2008,Atlantic,Groundfish,Greenland turbot,"12,170,543","24,433,942"
2008,Atlantic,Groundfish,Haddock,"20,539,042","26,561,035"
2008,Atlantic,Groundfish,Hake,"15,657,489","12,564,285"
2008,Atlantic,Groundfish,Halibut,"2,092,670","17,987,129"
2008,Atlantic,Groundfish,Other groundfish,"5,757,547","7,975,541"
2008,Atlantic,Groundfish,Pollock,"5,799,922","4,773,517"
2008,Atlantic,Groundfish,Redfish spp.,"7,829,145","5,219,097"
2008,Atlantic,Groundfish,Skate,"1,062,985","379,754"
2008,Atlantic,Groundfish,Total groundfish,"113,256,153","156,680,563"
2008,Atlantic,Grand total,Grand total,"781,770,698","1,643,083,058"
2008,British Columbia,Shellfish,Clams / quahaug,"2,258,145","26,995,910"
2008,British Columbia,Shellfish,"Crab, Other","6,444,694","36,539,263"
2008,British Columbia,Shellfish,"Crab, Queen",0,0
2008,British Columbia,Shellfish,Lobster,0,0
2008,British Columbia,Shellfish,Other shellfish,"1,829,751","19,671,660"
2008,British Columbia,Shellfish,Scallop,"12,627","77,612"
2008,British Columbia,Shellfish,Sea cucumber,"1,477,232","2,745,664"
2008,British Columbia,Shellfish,Sea urchin,"1,924,753","2,595,605"
2008,British Columbia,Shellfish,Shrimp,"575,248","1,749,468"
2008,British Columbia,Shellfish,Total shellfish,"14,522,451","90,375,183"
2008,British Columbia,Pelagics,Alewife,0,0
2008,British Columbia,Pelagics,Capelin,0,0
2008,British Columbia,Pelagics,Eel,0,0
2008,British Columbia,Pelagics,Elvers,0,0
2008,British Columbia,Pelagics,Herring,"11,529,529","16,878,521"
2008,British Columbia,Pelagics,Mackerel,809,357
2008,British Columbia,Pelagics,Other pelagic/finfish,"6,066,451","1,423,193"
2008,British Columbia,Pelagics,Salmon,"5,390,018","21,772,942"
2008,British Columbia,Pelagics,Shark,0,0
2008,British Columbia,Pelagics,Silversides,0,0
2008,British Columbia,Pelagics,Swordfish,0,0
2008,British Columbia,Pelagics,Total pelagics,"26,607,022","51,692,929"
2008,British Columbia,Pelagics,Tuna,"3,620,215","11,617,916"
2008,British Columbia,Other,Marine plants,0,0
2008,British Columbia,Other,Miscellaneous,"145,119","8,356"
2008,British Columbia,Other,Total other,"145,119","8,356"
2008,British Columbia,Groundfish,Cod,"361,765","482,414"
2008,British Columbia,Groundfish,Flatfishes,"7,652,150","5,095,980"
2008,British Columbia,Groundfish,Greenland turbot,0,0
2008,British Columbia,Groundfish,Haddock,0,0
2008,British Columbia,Groundfish,Hake,"73,750,207","25,046,920"
2008,British Columbia,Groundfish,Halibut,"4,756,795","37,259,473"
2008,British Columbia,Groundfish,Other groundfish,"7,593,179","32,006,823"
2008,British Columbia,Groundfish,Pollock,"1,311,821","409,803"
2008,British Columbia,Groundfish,Redfish spp.,"17,707,377","19,217,152"
2008,British Columbia,Groundfish,Skate,"933,338","714,257"
2008,British Columbia,Groundfish,Total groundfish,"114,066,632","120,232,822"
2008,British Columbia,Grand total,Grand total,"155,341,224","262,309,290"
2008,Canada,Shellfish,Clams / quahaug,"25,934,550","63,589,040"
2008,Canada,Shellfish,"Crab, Other","14,583,030","43,191,733"
2008,Canada,Shellfish,"Crab, Queen","93,867,769","357,087,301"
2008,Canada,Shellfish,Lobster,"58,983,552","619,451,232"
2008,Canada,Shellfish,Other shellfish,"11,528,391","32,316,482"
2008,Canada,Shellfish,Scallop,"67,633,759","92,901,514"
2008,Canada,Shellfish,Sea cucumber,"4,516,273","4,044,058"
2008,Canada,Shellfish,Sea urchin,"4,156,525","7,285,542"
2008,Canada,Shellfish,Shrimp,"167,071,736","259,665,353"
2008,Canada,Shellfish,Total shellfish,"448,275,586","1,479,532,253"
2008,Canada,Pelagics,Alewife,"3,682,001","2,061,555"
2008,Canada,Pelagics,Capelin,"39,175,449","10,075,228"
2008,Canada,Pelagics,Eel,"253,055","8,961,585"
2008,Canada,Pelagics,Elvers,0,0
2008,Canada,Pelagics,Herring,"151,766,325","47,332,608"
2008,Canada,Pelagics,Mackerel,"29,671,850","11,884,597"
2008,Canada,Pelagics,Other pelagic/finfish,"6,959,516","2,212,742"
2008,Canada,Pelagics,Salmon,"5,390,018","21,772,942"
2008,Canada,Pelagics,Shark,"179,087","170,378"
2008,Canada,Pelagics,Silversides,"444,268","407,369"
2008,Canada,Pelagics,Swordfish,"1,382,952","8,803,001"
2008,Canada,Pelagics,Total pelagics,"243,440,133","139,542,883"
2008,Canada,Pelagics,Tuna,"4,535,612","25,860,876"
2008,Canada,Other,Marine plants,"17,715,462","2,482,248"
2008,Canada,Other,Miscellaneous,"357,956","6,921,579"
2008,Canada,Other,Total other,"18,073,418","9,403,826"
2008,Canada,Groundfish,Cod,"27,200,690","45,538,777"
2008,Canada,Groundfish,Flatfishes,"23,160,035","16,825,878"
2008,Canada,Groundfish,Greenland turbot,"12,170,543","24,433,942"
2008,Canada,Groundfish,Haddock,"20,539,042","26,561,035"
2008,Canada,Groundfish,Hake,"89,407,696","37,611,205"
2008,Canada,Groundfish,Halibut,"6,849,465","55,246,602"
2008,Canada,Groundfish,Other groundfish,"13,350,726","39,982,365"
2008,Canada,Groundfish,Pollock,"7,111,743","5,183,320"
2008,Canada,Groundfish,Redfish spp.,"25,536,522","24,436,249"
2008,Canada,Groundfish,Skate,"1,996,323","1,094,011"
2008,Canada,Groundfish,Total groundfish,"227,322,785","276,913,385"
2008,Canada,Grand total,Grand total,"937,111,922","1,905,392,348"
2008,New Brunswick,Shellfish,Clams / quahaug,x,x
2008,New Brunswick,Shellfish,"Crab, Other","2,154,648","1,763,184"
2008,New Brunswick,Shellfish,"Crab, Queen","10,875,550","47,956,483"
2008,New Brunswick,Shellfish,Lobster,"9,100,844","89,088,743"
2008,New Brunswick,Shellfish,Other shellfish,x,x
2008,New Brunswick,Shellfish,Scallop,"2,117,182","4,218,555"
2008,New Brunswick,Shellfish,Sea cucumber,x,x
2008,New Brunswick,Shellfish,Sea urchin,"1,353,737","3,034,067"
2008,New Brunswick,Shellfish,Shrimp,"6,042,645","5,830,660"
2008,New Brunswick,Shellfish,Total shellfish,"33,539,194","154,007,212"
2008,New Brunswick,Pelagics,Alewife,"2,885,522","1,313,187"
2008,New Brunswick,Pelagics,Capelin,x,x
2008,New Brunswick,Pelagics,Eel,"99,617","807,967"
2008,New Brunswick,Pelagics,Elvers,0,0
2008,New Brunswick,Pelagics,Herring,"45,541,736","10,297,754"
2008,New Brunswick,Pelagics,Mackerel,"1,204,987","739,846"
2008,New Brunswick,Pelagics,Other pelagic/finfish,"541,587","358,834"
2008,New Brunswick,Pelagics,Salmon,0,0
2008,New Brunswick,Pelagics,Shark,x,x
2008,New Brunswick,Pelagics,Silversides,0,0
2008,New Brunswick,Pelagics,Swordfish,0,0
2008,New Brunswick,Pelagics,Total pelagics,"50,339,129","13,522,971"
2008,New Brunswick,Pelagics,Tuna,0,0
2008,New Brunswick,Other,Marine plants,x,x
2008,New Brunswick,Other,Miscellaneous,0,0
2008,New Brunswick,Other,Total other,"11,754,316","1,403,058"
2008,New Brunswick,Groundfish,Cod,"127,073","209,049"
2008,New Brunswick,Groundfish,Flatfishes,"38,314","63,934"
2008,New Brunswick,Groundfish,Greenland turbot,x,x
2008,New Brunswick,Groundfish,Haddock,x,x
2008,New Brunswick,Groundfish,Hake,x,x
2008,New Brunswick,Groundfish,Halibut,"41,002","307,203"
2008,New Brunswick,Groundfish,Other groundfish,"16,988","12,138"
2008,New Brunswick,Groundfish,Pollock,x,x
2008,New Brunswick,Groundfish,Redfish spp.,x,x
2008,New Brunswick,Groundfish,Skate,0,0
2008,New Brunswick,Groundfish,Total groundfish,"404,949","805,237"
2008,New Brunswick,Grand total,Grand total,"96,037,588","169,738,477"
2008,Newfoundland and Labrador,Shellfish,Clams / quahaug,x,x
2008,Newfoundland and Labrador,Shellfish,"Crab, Other","447,417","349,886"
2008,Newfoundland and Labrador,Shellfish,"Crab, Queen","52,748,386","179,514,734"
2008,Newfoundland and Labrador,Shellfish,Lobster,"2,972,673","27,941,638"
2008,Newfoundland and Labrador,Shellfish,Other shellfish,"6,669,376","7,003,037"
2008,Newfoundland and Labrador,Shellfish,Scallop,"456,384","757,009"
2008,Newfoundland and Labrador,Shellfish,Sea cucumber,"698,402","396,292"
2008,Newfoundland and Labrador,Shellfish,Sea urchin,x,x
2008,Newfoundland and Labrador,Shellfish,Shrimp,"117,718,229","187,822,184"
2008,Newfoundland and Labrador,Shellfish,Total shellfish,"202,072,026","435,710,104"
2008,Newfoundland and Labrador,Pelagics,Alewife,0,0
2008,Newfoundland and Labrador,Pelagics,Capelin,"37,560,814","9,672,854"
2008,Newfoundland and Labrador,Pelagics,Eel,"45,457","172,601"
2008,Newfoundland and Labrador,Pelagics,Elvers,0,0
2008,Newfoundland and Labrador,Pelagics,Herring,"28,322,673","5,279,118"
2008,Newfoundland and Labrador,Pelagics,Mackerel,"23,036,115","7,525,399"
2008,Newfoundland and Labrador,Pelagics,Other pelagic/finfish,"21,383","36,175"
2008,Newfoundland and Labrador,Pelagics,Salmon,0,0
2008,Newfoundland and Labrador,Pelagics,Shark,"2,556","2,320"
2008,Newfoundland and Labrador,Pelagics,Silversides,0,0
2008,Newfoundland and Labrador,Pelagics,Swordfish,x,x
2008,Newfoundland and Labrador,Pelagics,Total pelagics,"89,007,163","22,811,817"
2008,Newfoundland and Labrador,Pelagics,Tuna,x,x
2008,Newfoundland and Labrador,Other,Marine plants,0,0
2008,Newfoundland and Labrador,Other,Miscellaneous,"210,216","6,651,225"
2008,Newfoundland and Labrador,Other,Total other,"210,216","6,651,225"
2008,Newfoundland and Labrador,Groundfish,Cod,"17,602,599","28,355,062"
2008,Newfoundland and Labrador,Groundfish,Flatfishes,"12,859,028","8,077,802"
2008,Newfoundland and Labrador,Groundfish,Greenland turbot,"8,832,500","17,790,277"
2008,Newfoundland and Labrador,Groundfish,Haddock,"347,996","379,148"
2008,Newfoundland and Labrador,Groundfish,Hake,"1,396,745","1,168,933"
2008,Newfoundland and Labrador,Groundfish,Halibut,"502,723","3,030,639"
2008,Newfoundland and Labrador,Groundfish,Other groundfish,"1,813,955","5,095,775"
2008,Newfoundland and Labrador,Groundfish,Pollock,"623,018","373,538"
2008,Newfoundland and Labrador,Groundfish,Redfish spp.,"1,492,962","839,797"
2008,Newfoundland and Labrador,Groundfish,Skate,"994,915","362,882"
2008,Newfoundland and Labrador,Groundfish,Total groundfish,"46,466,441","65,473,854"
2008,Newfoundland and Labrador,Grand total,Grand total,"337,755,846","530,647,000"
2008,Nova Scotia,Shellfish,Clams / quahaug,"589,039","883,531"
2008,Nova Scotia,Shellfish,"Crab, Other","1,254,847","924,794"
2008,Nova Scotia,Shellfish,"Crab, Queen","13,881,697","66,617,744"
2008,Nova Scotia,Shellfish,Lobster,"33,259,850","363,744,029"
2008,Nova Scotia,Shellfish,Other shellfish,x,x
2008,Nova Scotia,Shellfish,Scallop,"63,781,447","85,502,699"
2008,Nova Scotia,Shellfish,Sea cucumber,x,x
2008,Nova Scotia,Shellfish,Sea urchin,"381,148","834,212"
2008,Nova Scotia,Shellfish,Shrimp,"21,089,166","38,933,374"
2008,Nova Scotia,Shellfish,Total shellfish,"135,341,508","557,940,149"
2008,Nova Scotia,Pelagics,Alewife,"633,324","575,076"
2008,Nova Scotia,Pelagics,Capelin,0,0
2008,Nova Scotia,Pelagics,Eel,x,x
2008,Nova Scotia,Pelagics,Elvers,0,0
2008,Nova Scotia,Pelagics,Herring,"50,716,721","10,856,124"
2008,Nova Scotia,Pelagics,Mackerel,"1,960,984","1,358,105"
2008,Nova Scotia,Pelagics,Other pelagic/finfish,"64,479","75,865"
2008,Nova Scotia,Pelagics,Salmon,0,0
2008,Nova Scotia,Pelagics,Shark,"175,313","166,123"
2008,Nova Scotia,Pelagics,Silversides,0,0
2008,Nova Scotia,Pelagics,Swordfish,x,x
2008,Nova Scotia,Pelagics,Total pelagics,"55,664,202","39,747,951"
2008,Nova Scotia,Pelagics,Tuna,"728,263","10,603,143"
2008,Nova Scotia,Other,Marine plants,x,x
2008,Nova Scotia,Other,Miscellaneous,x,x
2008,Nova Scotia,Other,Total other,"4,828,282","848,250"
2008,Nova Scotia,Groundfish,Cod,"6,546,093","13,214,969"
2008,Nova Scotia,Groundfish,Flatfishes,"2,038,131","2,891,550"
2008,Nova Scotia,Groundfish,Greenland turbot,"361,398","789,540"
2008,Nova Scotia,Groundfish,Haddock,"20,189,426","26,179,735"
2008,Nova Scotia,Groundfish,Hake,"14,226,148","11,369,538"
2008,Nova Scotia,Groundfish,Halibut,"1,249,657","12,830,236"
2008,Nova Scotia,Groundfish,Other groundfish,"3,896,321","2,822,584"
2008,Nova Scotia,Groundfish,Pollock,"5,060,291","4,293,200"
2008,Nova Scotia,Groundfish,Redfish spp.,"6,024,652","4,116,227"
2008,Nova Scotia,Groundfish,Skate,"63,729","15,294"
2008,Nova Scotia,Groundfish,Total groundfish,"59,655,846","78,522,873"
2008,Nova Scotia,Grand total,Grand total,"255,489,838","677,059,223"
2008,Prince Edward Island,Shellfish,Clams / quahaug,"971,183","1,560,974"
2008,Prince Edward Island,Shellfish,"Crab, Other","2,295,685","1,901,898"
2008,Prince Edward Island,Shellfish,"Crab, Queen","2,637,993","11,633,292"
2008,Prince Edward Island,Shellfish,Lobster,"9,883,540","95,386,990"
2008,Prince Edward Island,Shellfish,Other shellfish,"1,431,344","3,370,410"
2008,Prince Edward Island,Shellfish,Scallop,"391,444","796,108"
2008,Prince Edward Island,Shellfish,Sea cucumber,0,0
2008,Prince Edward Island,Shellfish,Sea urchin,0,0
2008,Prince Edward Island,Shellfish,Shrimp,0,0
2008,Prince Edward Island,Shellfish,Total shellfish,"17,611,189","114,649,672"
2008,Prince Edward Island,Pelagics,Alewife,"163,155","173,292"
2008,Prince Edward Island,Pelagics,Capelin,0,0
2008,Prince Edward Island,Pelagics,Eel,x,x
2008,Prince Edward Island,Pelagics,Elvers,0,0
2008,Prince Edward Island,Pelagics,Herring,"12,775,874","3,061,733"
2008,Prince Edward Island,Pelagics,Mackerel,"1,606,007","1,240,160"
2008,Prince Edward Island,Pelagics,Other pelagic/finfish,"60,854","60,805"
2008,Prince Edward Island,Pelagics,Salmon,0,0
2008,Prince Edward Island,Pelagics,Shark,x,x
2008,Prince Edward Island,Pelagics,Silversides,"444,268","407,369"
2008,Prince Edward Island,Pelagics,Swordfish,0,0
2008,Prince Edward Island,Pelagics,Total pelagics,"15,280,903","8,776,529"
2008,Prince Edward Island,Pelagics,Tuna,"186,330","3,630,959"
2008,Prince Edward Island,Other,Marine plants,"1,135,485","260,401"
2008,Prince Edward Island,Other,Miscellaneous,0,0
2008,Prince Edward Island,Other,Total other,"1,135,485","260,401"
2008,Prince Edward Island,Groundfish,Cod,"107,379","158,049"
2008,Prince Edward Island,Groundfish,Flatfishes,"125,969","195,216"
2008,Prince Edward Island,Groundfish,Greenland turbot,0,0
2008,Prince Edward Island,Groundfish,Haddock,0,0
2008,Prince Edward Island,Groundfish,Hake,x,x
2008,Prince Edward Island,Groundfish,Halibut,"7,726","56,880"
2008,Prince Edward Island,Groundfish,Other groundfish,x,x
2008,Prince Edward Island,Groundfish,Pollock,0,0
2008,Prince Edward Island,Groundfish,Redfish spp.,0,0
2008,Prince Edward Island,Groundfish,Skate,0,0
2008,Prince Edward Island,Groundfish,Total groundfish,"247,948","415,197"
2008,Prince Edward Island,Grand total,Grand total,"34,275,525","124,101,799"
2008,Quebec,Shellfish,Clams / quahaug,"1,304,448","1,432,471"
2008,Quebec,Shellfish,"Crab, Other","1,985,739","1,712,709"
2008,Quebec,Shellfish,"Crab, Queen","13,724,143","51,365,048"
2008,Quebec,Shellfish,Lobster,"3,766,645","43,289,832"
2008,Quebec,Shellfish,Other shellfish,"1,236,176","1,349,320"
2008,Quebec,Shellfish,Scallop,"874,675","1,549,529"
2008,Quebec,Shellfish,Sea cucumber,x,x
2008,Quebec,Shellfish,Sea urchin,x,x
2008,Quebec,Shellfish,Shrimp,"21,646,448","25,329,667"
2008,Quebec,Shellfish,Total shellfish,"45,189,218","126,849,934"
2008,Quebec,Pelagics,Alewife,0,0
2008,Quebec,Pelagics,Capelin,x,x
2008,Quebec,Pelagics,Eel,"43,779","348,525"
2008,Quebec,Pelagics,Elvers,0,0
2008,Quebec,Pelagics,Herring,"2,879,792","959,358"
2008,Quebec,Pelagics,Mackerel,"1,862,948","1,020,730"
2008,Quebec,Pelagics,Other pelagic/finfish,"204,762","257,870"
2008,Quebec,Pelagics,Salmon,0,0
2008,Quebec,Pelagics,Shark,x,x
2008,Quebec,Pelagics,Silversides,0,0
2008,Quebec,Pelagics,Swordfish,0,0
2008,Quebec,Pelagics,Total pelagics,"6,541,714","2,990,687"
2008,Quebec,Pelagics,Tuna,x,x
2008,Quebec,Other,Marine plants,0,0
2008,Quebec,Other,Miscellaneous,0,"232,535"
2008,Quebec,Other,Total other,0,"232,535"
2008,Quebec,Groundfish,Cod,"2,455,781","3,119,235"
2008,Quebec,Groundfish,Flatfishes,"446,443","501,395"
2008,Quebec,Groundfish,Greenland turbot,x,x
2008,Quebec,Groundfish,Haddock,x,x
2008,Quebec,Groundfish,Hake,"20,118","11,686"
2008,Quebec,Groundfish,Halibut,"291,562","1,762,172"
2008,Quebec,Groundfish,Other groundfish,x,x
2008,Quebec,Groundfish,Pollock,x,x
2008,Quebec,Groundfish,Redfish spp.,x,x
2008,Quebec,Groundfish,Skate,"4,341","1,578"
2008,Quebec,Groundfish,Total groundfish,"6,480,969","11,463,402"
2008,Quebec,Grand total,Grand total,"58,211,901","141,536,559"
2009,Atlantic,Shellfish,Clams / quahaug,"30,798,885","58,079,713"
2009,Atlantic,Shellfish,"Crab, Other","7,660,969","6,434,926"
2009,Atlantic,Shellfish,"Crab, Queen","97,308,303","313,131,532"
2009,Atlantic,Shellfish,Lobster,"58,347,014","507,350,018"
2009,Atlantic,Shellfish,Other shellfish,"10,547,045","13,330,038"
2009,Atlantic,Shellfish,Scallop,"62,921,344","88,020,964"
2009,Atlantic,Shellfish,Sea cucumber,"3,871,594","1,623,408"
2009,Atlantic,Shellfish,Sea urchin,"1,698,942","4,685,665"
2009,Atlantic,Shellfish,Shrimp,"137,956,724","190,086,771"
2009,Atlantic,Shellfish,Total shellfish,"411,110,820","1,182,743,036"
2009,Atlantic,Pelagics,Alewife,"3,243,106","1,853,755"
2009,Atlantic,Pelagics,Capelin,"35,358,731","5,389,560"
2009,Atlantic,Pelagics,Eel,"250,818","1,037,519"
2009,Atlantic,Pelagics,Elvers,"1,313","36,309"
2009,Atlantic,Pelagics,Herring,"155,177,871","42,659,942"
2009,Atlantic,Pelagics,Mackerel,"42,231,484","15,671,206"
2009,Atlantic,Pelagics,Other pelagic/finfish,"1,113,511","1,741,431"
2009,Atlantic,Pelagics,Salmon,0,0
2009,Atlantic,Pelagics,Shark,"122,024","206,629"
2009,Atlantic,Pelagics,Silversides,"488,346","478,987"
2009,Atlantic,Pelagics,Swordfish,"1,298,804","7,710,167"
2009,Atlantic,Pelagics,Total pelagics,"239,993,758","86,509,779"
2009,Atlantic,Pelagics,Tuna,"707,750","9,724,275"
2009,Atlantic,Other,Marine plants,"43,299,871","1,407,887"
2009,Atlantic,Other,Miscellaneous,"234,079","870,049"
2009,Atlantic,Other,Total other,"43,533,950","2,277,936"
2009,Atlantic,Groundfish,Cod,"19,952,275","24,711,403"
2009,Atlantic,Groundfish,Flatfishes,"10,665,774","8,316,415"
2009,Atlantic,Groundfish,Greenland turbot,"13,708,627","41,720,792"
2009,Atlantic,Groundfish,Haddock,"23,395,496","36,920,968"
2009,Atlantic,Groundfish,Hake,"12,944,281","9,559,633"
2009,Atlantic,Groundfish,Halibut,"2,386,931","21,870,402"
2009,Atlantic,Groundfish,Other groundfish,"4,993,726","6,971,298"
2009,Atlantic,Groundfish,Pollock,"5,517,873","4,814,503"
2009,Atlantic,Groundfish,Redfish spp.,"12,116,751","8,156,995"
2009,Atlantic,Groundfish,Skate,"1,129,735","308,084"
2009,Atlantic,Groundfish,Total groundfish,"106,811,469","163,350,493"
2009,Atlantic,Grand total,Grand total,"801,449,997","1,434,881,244"
2009,British Columbia,Shellfish,Clams / quahaug,"2,174,733","32,760,904"
2009,British Columbia,Shellfish,"Crab, Other","5,088,114","32,796,317"
2009,British Columbia,Shellfish,"Crab, Queen",0,0
2009,British Columbia,Shellfish,Lobster,0,0
2009,British Columbia,Shellfish,Other shellfish,"2,863,716","33,479,949"
2009,British Columbia,Shellfish,Scallop,"10,999","66,230"
2009,British Columbia,Shellfish,Sea cucumber,"1,269,611","2,355,872"
2009,British Columbia,Shellfish,Sea urchin,"2,176,731","2,929,027"
2009,British Columbia,Shellfish,Shrimp,"592,310","2,141,891"
2009,British Columbia,Shellfish,Total shellfish,"14,176,214","106,530,190"
2009,British Columbia,Pelagics,Alewife,0,0
2009,British Columbia,Pelagics,Capelin,0,0
2009,British Columbia,Pelagics,Eel,0,0
2009,British Columbia,Pelagics,Elvers,0,0
2009,British Columbia,Pelagics,Herring,"12,326,064","18,032,937"
2009,British Columbia,Pelagics,Mackerel,4,2
2009,British Columbia,Pelagics,Other pelagic/finfish,"11,023,871","2,326,148"
2009,British Columbia,Pelagics,Salmon,"18,507,380","23,724,007"
2009,British Columbia,Pelagics,Shark,0,0
2009,British Columbia,Pelagics,Silversides,0,0
2009,British Columbia,Pelagics,Swordfish,0,0
2009,British Columbia,Pelagics,Total pelagics,"46,219,171","56,047,972"
2009,British Columbia,Pelagics,Tuna,"4,361,852","11,964,878"
2009,British Columbia,Other,Marine plants,0,0
2009,British Columbia,Other,Miscellaneous,"161,952","12,842"
2009,British Columbia,Other,Total other,"161,952","12,842"
2009,British Columbia,Groundfish,Cod,"964,075","1,441,496"
2009,British Columbia,Groundfish,Flatfishes,"5,953,005","4,417,761"
2009,British Columbia,Groundfish,Greenland turbot,0,0
2009,British Columbia,Groundfish,Haddock,0,0
2009,British Columbia,Groundfish,Hake,"55,885,417","14,796,919"
2009,British Columbia,Groundfish,Halibut,"4,070,803","31,616,911"
2009,British Columbia,Groundfish,Other groundfish,"8,980,789","32,489,403"
2009,British Columbia,Groundfish,Pollock,"3,361,651","849,314"
2009,British Columbia,Groundfish,Redfish spp.,"18,098,298","18,773,619"
2009,British Columbia,Groundfish,Skate,"915,284","597,444"
2009,British Columbia,Groundfish,Total groundfish,"98,229,321","104,982,867"
2009,British Columbia,Grand total,Grand total,"158,786,658","267,573,871"
2009,Canada,Shellfish,Clams / quahaug,"32,973,618","90,840,616"
2009,Canada,Shellfish,"Crab, Other","12,749,083","39,231,243"
2009,Canada,Shellfish,"Crab, Queen","97,308,303","313,131,532"
2009,Canada,Shellfish,Lobster,"58,347,014","507,350,018"
2009,Canada,Shellfish,Other shellfish,"13,410,761","46,809,988"
2009,Canada,Shellfish,Scallop,"62,932,343","88,087,194"
2009,Canada,Shellfish,Sea cucumber,"5,141,205","3,979,280"
2009,Canada,Shellfish,Sea urchin,"3,875,673","7,614,693"
2009,Canada,Shellfish,Shrimp,"138,549,034","192,228,662"
2009,Canada,Shellfish,Total shellfish,"425,287,034","1,289,273,226"
2009,Canada,Pelagics,Alewife,"3,243,106","1,853,755"
2009,Canada,Pelagics,Capelin,"35,358,731","5,389,560"
2009,Canada,Pelagics,Eel,"250,818","1,037,519"
2009,Canada,Pelagics,Elvers,"1,313","36,309"
2009,Canada,Pelagics,Herring,"167,503,935","60,692,879"
2009,Canada,Pelagics,Mackerel,"42,231,488","15,671,207"
2009,Canada,Pelagics,Other pelagic/finfish,"12,137,382","4,067,579"
2009,Canada,Pelagics,Salmon,"18,507,380","23,724,007"
2009,Canada,Pelagics,Shark,"122,024","206,629"
2009,Canada,Pelagics,Silversides,"488,346","478,987"
2009,Canada,Pelagics,Swordfish,"1,298,804","7,710,167"
2009,Canada,Pelagics,Total pelagics,"286,212,929","142,557,751"
2009,Canada,Pelagics,Tuna,"5,069,602","21,689,153"
2009,Canada,Other,Marine plants,"43,299,871","1,407,887"
2009,Canada,Other,Miscellaneous,"396,031","882,891"
2009,Canada,Other,Total other,"43,695,902","2,290,778"
2009,Canada,Groundfish,Cod,"20,916,350","26,152,899"
2009,Canada,Groundfish,Flatfishes,"16,618,779","12,734,176"
2009,Canada,Groundfish,Greenland turbot,"13,708,627","41,720,792"
2009,Canada,Groundfish,Haddock,"23,395,496","36,920,968"
2009,Canada,Groundfish,Hake,"68,829,698","24,356,553"
2009,Canada,Groundfish,Halibut,"6,457,734","53,487,312"
2009,Canada,Groundfish,Other groundfish,"13,974,515","39,460,701"
2009,Canada,Groundfish,Pollock,"8,879,524","5,663,818"
2009,Canada,Groundfish,Redfish spp.,"30,215,049","26,930,614"
2009,Canada,Groundfish,Skate,"2,045,019","905,528"
2009,Canada,Groundfish,Total groundfish,"205,040,790","268,333,360"
2009,Canada,Grand total,Grand total,"960,236,655","1,702,455,115"
2009,New Brunswick,Shellfish,Clams / quahaug,x,x
2009,New Brunswick,Shellfish,"Crab, Other","2,197,151","1,792,451"
2009,New Brunswick,Shellfish,"Crab, Queen","10,370,856","40,166,049"
2009,New Brunswick,Shellfish,Lobster,"10,356,759","78,159,627"
2009,New Brunswick,Shellfish,Other shellfish,x,x
2009,New Brunswick,Shellfish,Scallop,"2,468,023","4,374,922"
2009,New Brunswick,Shellfish,Sea cucumber,x,x
2009,New Brunswick,Shellfish,Sea urchin,"925,177","2,863,240"
2009,New Brunswick,Shellfish,Shrimp,"7,035,662","6,206,470"
2009,New Brunswick,Shellfish,Total shellfish,"35,182,055","135,735,335"
2009,New Brunswick,Pelagics,Alewife,"2,540,945","1,556,961"
2009,New Brunswick,Pelagics,Capelin,x,x
2009,New Brunswick,Pelagics,Eel,x,x
2009,New Brunswick,Pelagics,Elvers,x,x
2009,New Brunswick,Pelagics,Herring,"42,343,242","10,853,785"
2009,New Brunswick,Pelagics,Mackerel,"1,761,803","1,113,867"
2009,New Brunswick,Pelagics,Other pelagic/finfish,"628,494","498,067"
2009,New Brunswick,Pelagics,Salmon,0,0
2009,New Brunswick,Pelagics,Shark,0,0
2009,New Brunswick,Pelagics,Silversides,0,0
2009,New Brunswick,Pelagics,Swordfish,0,0
2009,New Brunswick,Pelagics,Total pelagics,"48,752,431","14,577,474"
2009,New Brunswick,Pelagics,Tuna,0,0
2009,New Brunswick,Other,Marine plants,x,x
2009,New Brunswick,Other,Miscellaneous,0,0
2009,New Brunswick,Other,Total other,"12,204,937","664,012"
2009,New Brunswick,Groundfish,Cod,"38,037","65,553"
2009,New Brunswick,Groundfish,Flatfishes,"25,724","33,956"
2009,New Brunswick,Groundfish,Greenland turbot,x,x
2009,New Brunswick,Groundfish,Haddock,x,x
2009,New Brunswick,Groundfish,Hake,"15,321","17,845"
2009,New Brunswick,Groundfish,Halibut,"42,194","286,640"
2009,New Brunswick,Groundfish,Other groundfish,"17,107","10,166"
2009,New Brunswick,Groundfish,Pollock,x,x
2009,New Brunswick,Groundfish,Redfish spp.,x,x
2009,New Brunswick,Groundfish,Skate,0,0
2009,New Brunswick,Groundfish,Total groundfish,"274,348","543,537"
2009,New Brunswick,Grand total,Grand total,"96,413,771","151,520,357"
2009,Newfoundland and Labrador,Shellfish,Clams / quahaug,x,x
2009,Newfoundland and Labrador,Shellfish,"Crab, Other","309,035","239,183"
2009,Newfoundland and Labrador,Shellfish,"Crab, Queen","53,459,011","164,715,171"
2009,Newfoundland and Labrador,Shellfish,Lobster,"2,500,816","18,097,402"
2009,Newfoundland and Labrador,Shellfish,Other shellfish,"6,946,526","6,319,093"
2009,Newfoundland and Labrador,Shellfish,Scallop,x,x
2009,Newfoundland and Labrador,Shellfish,Sea cucumber,"511,175","338,083"
2009,Newfoundland and Labrador,Shellfish,Sea urchin,x,x
2009,Newfoundland and Labrador,Shellfish,Shrimp,"89,040,674","129,490,195"
2009,Newfoundland and Labrador,Shellfish,Total shellfish,"179,515,735","370,725,694"
2009,Newfoundland and Labrador,Pelagics,Alewife,0,0
2009,Newfoundland and Labrador,Pelagics,Capelin,"33,229,985","5,128,173"
2009,Newfoundland and Labrador,Pelagics,Eel,"42,368","155,592"
2009,Newfoundland and Labrador,Pelagics,Elvers,0,0
2009,Newfoundland and Labrador,Pelagics,Herring,"27,871,677","6,142,096"
2009,Newfoundland and Labrador,Pelagics,Mackerel,"34,237,187","10,553,819"
2009,Newfoundland and Labrador,Pelagics,Other pelagic/finfish,x,x
2009,Newfoundland and Labrador,Pelagics,Salmon,0,0
2009,Newfoundland and Labrador,Pelagics,Shark,x,x
2009,Newfoundland and Labrador,Pelagics,Silversides,0,0
2009,Newfoundland and Labrador,Pelagics,Swordfish,x,x
2009,Newfoundland and Labrador,Pelagics,Total pelagics,"95,420,318","22,148,327"
2009,Newfoundland and Labrador,Pelagics,Tuna,"9,504","87,999"
2009,Newfoundland and Labrador,Other,Marine plants,0,0
2009,Newfoundland and Labrador,Other,Miscellaneous,"233,202","856,899"
2009,Newfoundland and Labrador,Other,Total other,"233,202","856,899"
2009,Newfoundland and Labrador,Groundfish,Cod,"14,476,181","15,246,180"
2009,Newfoundland and Labrador,Groundfish,Flatfishes,"8,444,234","5,338,277"
2009,Newfoundland and Labrador,Groundfish,Greenland turbot,"10,416,340","35,045,904"
2009,Newfoundland and Labrador,Groundfish,Haddock,"263,125","172,455"
2009,Newfoundland and Labrador,Groundfish,Hake,"702,897","407,605"
2009,Newfoundland and Labrador,Groundfish,Halibut,"563,470","3,532,036"
2009,Newfoundland and Labrador,Groundfish,Other groundfish,"1,531,430","5,245,421"
2009,Newfoundland and Labrador,Groundfish,Pollock,"311,410","191,096"
2009,Newfoundland and Labrador,Groundfish,Redfish spp.,"2,662,046","1,787,777"
2009,Newfoundland and Labrador,Groundfish,Skate,"1,084,850","283,501"
2009,Newfoundland and Labrador,Groundfish,Total groundfish,"40,455,983","67,250,252"
2009,Newfoundland and Labrador,Grand total,Grand total,"315,625,238","460,981,171"
2009,Nova Scotia,Shellfish,Clams / quahaug,"760,407","1,102,769"
2009,Nova Scotia,Shellfish,"Crab, Other","1,086,017","816,225"
2009,Nova Scotia,Shellfish,"Crab, Queen","16,158,873","54,518,981"
2009,Nova Scotia,Shellfish,Lobster,"31,456,594","308,169,227"
2009,Nova Scotia,Shellfish,Other shellfish,x,x
2009,Nova Scotia,Shellfish,Scallop,"58,293,784","80,004,659"
2009,Nova Scotia,Shellfish,Sea cucumber,x,x
2009,Nova Scotia,Shellfish,Sea urchin,"409,552","1,255,514"
2009,Nova Scotia,Shellfish,Shrimp,"20,024,812","30,941,110"
2009,Nova Scotia,Shellfish,Total shellfish,"130,103,791","477,688,405"
2009,Nova Scotia,Pelagics,Alewife,"476,294","46,873"
2009,Nova Scotia,Pelagics,Capelin,0,0
2009,Nova Scotia,Pelagics,Eel,"19,603","33,064"
2009,Nova Scotia,Pelagics,Elvers,x,x
2009,Nova Scotia,Pelagics,Herring,"66,340,291","20,469,324"
2009,Nova Scotia,Pelagics,Mackerel,"1,453,528","969,168"
2009,Nova Scotia,Pelagics,Other pelagic/finfish,"96,081","516,740"
2009,Nova Scotia,Pelagics,Salmon,0,0
2009,Nova Scotia,Pelagics,Shark,"113,871","199,116"
2009,Nova Scotia,Pelagics,Silversides,x,x
2009,Nova Scotia,Pelagics,Swordfish,x,x
2009,Nova Scotia,Pelagics,Total pelagics,"70,329,420","37,314,226"
2009,Nova Scotia,Pelagics,Tuna,"515,973","7,357,937"
2009,Nova Scotia,Other,Marine plants,x,x
2009,Nova Scotia,Other,Miscellaneous,x,x
2009,Nova Scotia,Other,Total other,"31,088,082","755,229"
2009,Nova Scotia,Groundfish,Cod,"4,583,589","8,449,341"
2009,Nova Scotia,Groundfish,Flatfishes,"1,632,610","2,184,265"
2009,Nova Scotia,Groundfish,Greenland turbot,"68,795","106,033"
2009,Nova Scotia,Groundfish,Haddock,"23,128,779","36,742,117"
2009,Nova Scotia,Groundfish,Hake,"12,208,419","9,123,793"
2009,Nova Scotia,Groundfish,Halibut,"1,433,865","15,957,409"
2009,Nova Scotia,Groundfish,Other groundfish,"3,420,291","1,698,408"
2009,Nova Scotia,Groundfish,Pollock,"5,086,684","4,512,019"
2009,Nova Scotia,Groundfish,Redfish spp.,"9,099,375","6,148,296"
2009,Nova Scotia,Groundfish,Skate,"36,530","22,433"
2009,Nova Scotia,Groundfish,Total groundfish,"60,698,937","84,944,114"
2009,Nova Scotia,Grand total,Grand total,"292,220,230","600,701,973"
2009,Prince Edward Island,Shellfish,Clams / quahaug,"1,714,063","3,639,609"
2009,Prince Edward Island,Shellfish,"Crab, Other","2,092,101","1,733,086"
2009,Prince Edward Island,Shellfish,"Crab, Queen","1,971,440","7,609,386"
2009,Prince Edward Island,Shellfish,Lobster,"10,321,948","69,033,353"
2009,Prince Edward Island,Shellfish,Other shellfish,"1,909,915","4,622,929"
2009,Prince Edward Island,Shellfish,Scallop,x,x
2009,Prince Edward Island,Shellfish,Sea cucumber,0,0
2009,Prince Edward Island,Shellfish,Sea urchin,x,x
2009,Prince Edward Island,Shellfish,Shrimp,0,0
2009,Prince Edward Island,Shellfish,Total shellfish,"18,464,572","87,424,062"
2009,Prince Edward Island,Pelagics,Alewife,"225,867","249,921"
2009,Prince Edward Island,Pelagics,Capelin,0,0
2009,Prince Edward Island,Pelagics,Eel,"56,569","210,177"
2009,Prince Edward Island,Pelagics,Elvers,0,0
2009,Prince Edward Island,Pelagics,Herring,"14,046,473","3,864,869"
2009,Prince Edward Island,Pelagics,Mackerel,"2,462,949","1,832,975"
2009,Prince Edward Island,Pelagics,Other pelagic/finfish,"83,301","82,548"
2009,Prince Edward Island,Pelagics,Salmon,0,0
2009,Prince Edward Island,Pelagics,Shark,0,0
2009,Prince Edward Island,Pelagics,Silversides,x,x
2009,Prince Edward Island,Pelagics,Swordfish,0,0
2009,Prince Edward Island,Pelagics,Total pelagics,"17,515,811","8,848,797"
2009,Prince Edward Island,Pelagics,Tuna,"172,931","2,152,007"
2009,Prince Edward Island,Other,Marine plants,x,x
2009,Prince Edward Island,Other,Miscellaneous,0,0
2009,Prince Edward Island,Other,Total other,"7,729","1,797"
2009,Prince Edward Island,Groundfish,Cod,"14,160","18,537"
2009,Prince Edward Island,Groundfish,Flatfishes,"77,460","144,279"
2009,Prince Edward Island,Groundfish,Greenland turbot,0,0
2009,Prince Edward Island,Groundfish,Haddock,0,0
2009,Prince Edward Island,Groundfish,Hake,835,537
2009,Prince Edward Island,Groundfish,Halibut,"18,280","146,049"
2009,Prince Edward Island,Groundfish,Other groundfish,"1,411",720
2009,Prince Edward Island,Groundfish,Pollock,0,0
2009,Prince Edward Island,Groundfish,Redfish spp.,0,0
2009,Prince Edward Island,Groundfish,Skate,0,0
2009,Prince Edward Island,Groundfish,Total groundfish,"112,146","310,121"
2009,Prince Edward Island,Grand total,Grand total,"36,100,258","96,584,777"
2009,Quebec,Shellfish,Clams / quahaug,"1,679,605","1,886,739"
2009,Quebec,Shellfish,"Crab, Other","1,976,665","1,853,982"
2009,Quebec,Shellfish,"Crab, Queen","15,348,123","46,121,945"
2009,Quebec,Shellfish,Lobster,"3,710,897","33,890,410"
2009,Quebec,Shellfish,Other shellfish,"1,340,119","1,458,289"
2009,Quebec,Shellfish,Scallop,"993,020","1,767,780"
2009,Quebec,Shellfish,Sea cucumber,"594,917","194,978"
2009,Quebec,Shellfish,Sea urchin,"345,745","546,422"
2009,Quebec,Shellfish,Shrimp,"21,855,576","23,448,996"
2009,Quebec,Shellfish,Total shellfish,"47,844,667","111,169,540"
2009,Quebec,Pelagics,Alewife,0,0
2009,Quebec,Pelagics,Capelin,x,x
2009,Quebec,Pelagics,Eel,x,x
2009,Quebec,Pelagics,Elvers,0,0
2009,Quebec,Pelagics,Herring,"4,576,188","1,329,867"
2009,Quebec,Pelagics,Mackerel,"2,316,017","1,201,375"
2009,Quebec,Pelagics,Other pelagic/finfish,x,x
2009,Quebec,Pelagics,Salmon,0,0
2009,Quebec,Pelagics,Shark,x,x
2009,Quebec,Pelagics,Silversides,0,0
2009,Quebec,Pelagics,Swordfish,0,0
2009,Quebec,Pelagics,Total pelagics,"7,975,778","3,620,956"
2009,Quebec,Pelagics,Tuna,"9,342","126,333"
2009,Quebec,Other,Marine plants,0,0
2009,Quebec,Other,Miscellaneous,0,0
2009,Quebec,Other,Total other,0,0
2009,Quebec,Groundfish,Cod,"840,308","931,792"
2009,Quebec,Groundfish,Flatfishes,"485,746","615,638"
2009,Quebec,Groundfish,Greenland turbot,x,x
2009,Quebec,Groundfish,Haddock,x,x
2009,Quebec,Groundfish,Hake,"16,809","9,854"
2009,Quebec,Groundfish,Halibut,"329,122","1,948,268"
2009,Quebec,Groundfish,Other groundfish,"23,487","16,583"
2009,Quebec,Groundfish,Pollock,x,x
2009,Quebec,Groundfish,Redfish spp.,x,x
2009,Quebec,Groundfish,Skate,"8,355","2,150"
2009,Quebec,Groundfish,Total groundfish,"5,270,055","10,302,469"
2009,Quebec,Grand total,Grand total,"61,090,500","125,092,966"
2010,Atlantic,Shellfish,Clams / quahaug,"27,988,439","45,194,257"
2010,Atlantic,Shellfish,"Crab, Other","7,470,818","5,972,580"
2010,Atlantic,Shellfish,"Crab, Queen","84,642,374","281,426,227"
2010,Atlantic,Shellfish,Lobster,"67,277,458","575,992,373"
2010,Atlantic,Shellfish,Other shellfish,"10,068,973","12,673,572"
2010,Atlantic,Shellfish,Scallop,"60,306,309","82,747,166"
2010,Atlantic,Shellfish,Sea cucumber,"4,318,117","1,967,473"
2010,Atlantic,Shellfish,Sea urchin,"2,018,276","3,113,892"
2010,Atlantic,Shellfish,Shrimp,"164,270,045","253,791,531"
2010,Atlantic,Shellfish,Total shellfish,"428,360,809","1,262,879,072"
2010,Atlantic,Pelagics,Alewife,"2,764,825","1,355,196"
2010,Atlantic,Pelagics,Capelin,"26,527,497","3,199,128"
2010,Atlantic,Pelagics,Eel,"279,832","1,242,835"
2010,Atlantic,Pelagics,Elvers,"1,259","1,375,475"
2010,Atlantic,Pelagics,Herring,"149,882,580","40,248,468"
2010,Atlantic,Pelagics,Mackerel,"38,736,998","18,458,419"
2010,Atlantic,Pelagics,Other pelagic/finfish,"775,121","864,321"
2010,Atlantic,Pelagics,Salmon,0,0
2010,Atlantic,Pelagics,Shark,"134,793","228,771"
2010,Atlantic,Pelagics,Silversides,"688,875","805,010"
2010,Atlantic,Pelagics,Swordfish,"1,345,505","10,457,364"
2010,Atlantic,Pelagics,Total pelagics,"221,926,874","88,118,029"
2010,Atlantic,Pelagics,Tuna,"789,589","9,883,042"
2010,Atlantic,Other,Marine plants,"43,431,330","3,813,678"
2010,Atlantic,Other,Miscellaneous,"54,585","1,314,297"
2010,Atlantic,Other,Total other,"43,485,915","5,127,975"
2010,Atlantic,Groundfish,Cod,"17,262,385","19,880,903"
2010,Atlantic,Groundfish,Flatfishes,"13,878,818","10,808,814"
2010,Atlantic,Groundfish,Greenland turbot,"14,714,037","57,595,585"
2010,Atlantic,Groundfish,Haddock,"22,401,083","30,017,471"
2010,Atlantic,Groundfish,Hake,"10,641,992","8,121,204"
2010,Atlantic,Groundfish,Halibut,"2,505,327","23,182,698"
2010,Atlantic,Groundfish,Other groundfish,"4,967,506","7,779,082"
2010,Atlantic,Groundfish,Pollock,"5,370,330","5,414,638"
2010,Atlantic,Groundfish,Redfish spp.,"13,296,639","8,995,438"
2010,Atlantic,Groundfish,Skate,"431,021","111,980"
2010,Atlantic,Groundfish,Total groundfish,"105,469,138","171,907,814"
2010,Atlantic,Grand total,Grand total,"799,242,736","1,528,032,890"
2010,British Columbia,Shellfish,Clams / quahaug,"1,883,000","34,887,000"
2010,British Columbia,Shellfish,"Crab, Other","4,519,000","32,081,000"
2010,British Columbia,Shellfish,"Crab, Queen",0,0
2010,British Columbia,Shellfish,Lobster,0,0
2010,British Columbia,Shellfish,Other shellfish,"1,912,000","18,317,000"
2010,British Columbia,Shellfish,Scallop,"10,000","63,000"
2010,British Columbia,Shellfish,Sea cucumber,"1,363,000","3,751,000"
2010,British Columbia,Shellfish,Sea urchin,"2,339,000","3,105,000"
2010,British Columbia,Shellfish,Shrimp,"514,000","1,705,000"
2010,British Columbia,Shellfish,Total shellfish,"12,540,000","93,909,000"
2010,British Columbia,Pelagics,Alewife,0,0
2010,British Columbia,Pelagics,Capelin,0,0
2010,British Columbia,Pelagics,Eel,0,0
2010,British Columbia,Pelagics,Elvers,0,0
2010,British Columbia,Pelagics,Herring,"9,528,000","10,267,000"
2010,British Columbia,Pelagics,Mackerel,"1,000",0
2010,British Columbia,Pelagics,Other pelagic/finfish,"14,556,000","4,553,000"
2010,British Columbia,Pelagics,Salmon,"23,568,000","70,652,000"
2010,British Columbia,Pelagics,Shark,0,0
2010,British Columbia,Pelagics,Silversides,0,0
2010,British Columbia,Pelagics,Swordfish,0,0
2010,British Columbia,Pelagics,Total pelagics,"52,600,000","102,309,000"
2010,British Columbia,Pelagics,Tuna,"4,947,000","16,837,000"
2010,British Columbia,Other,Marine plants,0,0
2010,British Columbia,Other,Miscellaneous,"9,000","1,000"
2010,British Columbia,Other,Total other,"9,000","1,000"
2010,British Columbia,Groundfish,Cod,"2,019,000","1,945,000"
2010,British Columbia,Groundfish,Flatfishes,"4,463,000","3,513,000"
2010,British Columbia,Groundfish,Greenland turbot,0,0
2010,British Columbia,Groundfish,Haddock,0,0
2010,British Columbia,Groundfish,Hake,"48,013,000","11,876,000"
2010,British Columbia,Groundfish,Halibut,"4,124,000","36,868,000"
2010,British Columbia,Groundfish,Other groundfish,"5,872,000","26,529,000"
2010,British Columbia,Groundfish,Pollock,"3,666,000","926,000"
2010,British Columbia,Groundfish,Redfish spp.,"17,916,000","18,728,000"
2010,British Columbia,Groundfish,Skate,"1,064,000","952,000"
2010,British Columbia,Groundfish,Total groundfish,"87,137,000","101,337,000"
2010,British Columbia,Grand total,Grand total,"152,286,000","297,556,000"
2010,Canada,Shellfish,Clams / quahaug,"29,871,439","80,081,257"
2010,Canada,Shellfish,"Crab, Other","11,989,818","38,053,580"
2010,Canada,Shellfish,"Crab, Queen","84,642,374","281,426,227"
2010,Canada,Shellfish,Lobster,"67,277,458","575,992,373"
2010,Canada,Shellfish,Other shellfish,"11,980,973","30,990,572"
2010,Canada,Shellfish,Scallop,"60,316,309","82,810,166"
2010,Canada,Shellfish,Sea cucumber,"5,681,117","5,718,473"
2010,Canada,Shellfish,Sea urchin,"4,357,276","6,218,892"
2010,Canada,Shellfish,Shrimp,"164,784,045","255,496,531"
2010,Canada,Shellfish,Total shellfish,"440,900,809","1,356,788,072"
2010,Canada,Pelagics,Alewife,"2,764,825","1,355,196"
2010,Canada,Pelagics,Capelin,"26,527,497","3,199,128"
2010,Canada,Pelagics,Eel,"279,832","1,242,835"
2010,Canada,Pelagics,Elvers,"1,259","1,375,475"
2010,Canada,Pelagics,Herring,"159,410,580","50,515,468"
2010,Canada,Pelagics,Mackerel,"38,737,998","18,458,419"
2010,Canada,Pelagics,Other pelagic/finfish,"15,331,121","5,417,321"
2010,Canada,Pelagics,Salmon,"23,568,000","70,652,000"
2010,Canada,Pelagics,Shark,"134,793","228,771"
2010,Canada,Pelagics,Silversides,"688,875","805,010"
2010,Canada,Pelagics,Swordfish,"1,345,505","10,457,364"
2010,Canada,Pelagics,Total pelagics,"274,526,874","190,427,029"
2010,Canada,Pelagics,Tuna,"5,736,589","26,720,042"
2010,Canada,Other,Marine plants,"43,431,330","3,813,678"
2010,Canada,Other,Miscellaneous,"63,585","1,315,297"
2010,Canada,Other,Total other,"43,494,915","5,128,975"
2010,Canada,Groundfish,Cod,"19,281,385","21,825,903"
2010,Canada,Groundfish,Flatfishes,"18,341,818","14,321,814"
2010,Canada,Groundfish,Greenland turbot,"14,714,037","57,595,585"
2010,Canada,Groundfish,Haddock,"22,401,083","30,017,471"
2010,Canada,Groundfish,Hake,"58,654,992","19,997,204"
2010,Canada,Groundfish,Halibut,"6,629,327","60,050,698"
2010,Canada,Groundfish,Other groundfish,"10,839,506","34,308,082"
2010,Canada,Groundfish,Pollock,"9,036,330","6,340,638"
2010,Canada,Groundfish,Redfish spp.,"31,212,639","27,723,438"
2010,Canada,Groundfish,Skate,"1,495,021","1,063,980"
2010,Canada,Groundfish,Total groundfish,"192,606,138","273,244,814"
2010,Canada,Grand total,Grand total,"951,528,736","1,825,588,890"
2010,New Brunswick,Shellfish,Clams / quahaug,x,x
2010,New Brunswick,Shellfish,"Crab, Other","2,074,761","1,499,814"
2010,New Brunswick,Shellfish,"Crab, Queen","4,220,953","18,614,195"
2010,New Brunswick,Shellfish,Lobster,"11,741,289","93,424,668"
2010,New Brunswick,Shellfish,Other shellfish,x,x
2010,New Brunswick,Shellfish,Scallop,"2,169,603","3,159,093"
2010,New Brunswick,Shellfish,Sea cucumber,x,x
2010,New Brunswick,Shellfish,Sea urchin,"941,163","1,528,556"
2010,New Brunswick,Shellfish,Shrimp,"7,254,879","7,380,656"
2010,New Brunswick,Shellfish,Total shellfish,"30,522,984","128,181,672"
2010,New Brunswick,Pelagics,Alewife,"1,865,950","710,881"
2010,New Brunswick,Pelagics,Capelin,x,x
2010,New Brunswick,Pelagics,Eel,x,x
2010,New Brunswick,Pelagics,Elvers,x,x
2010,New Brunswick,Pelagics,Herring,"49,162,725","14,819,359"
2010,New Brunswick,Pelagics,Mackerel,"1,260,470","803,127"
2010,New Brunswick,Pelagics,Other pelagic/finfish,"546,720","415,159"
2010,New Brunswick,Pelagics,Salmon,0,0
2010,New Brunswick,Pelagics,Shark,0,0
2010,New Brunswick,Pelagics,Silversides,0,0
2010,New Brunswick,Pelagics,Swordfish,0,0
2010,New Brunswick,Pelagics,Total pelagics,"54,196,612","17,314,120"
2010,New Brunswick,Pelagics,Tuna,0,0
2010,New Brunswick,Other,Marine plants,x,x
2010,New Brunswick,Other,Miscellaneous,0,0
2010,New Brunswick,Other,Total other,"12,162,362","872,191"
2010,New Brunswick,Groundfish,Cod,"32,933","48,554"
2010,New Brunswick,Groundfish,Flatfishes,"12,237","27,350"
2010,New Brunswick,Groundfish,Greenland turbot,607,844
2010,New Brunswick,Groundfish,Haddock,x,x
2010,New Brunswick,Groundfish,Hake,"59,801","66,965"
2010,New Brunswick,Groundfish,Halibut,"81,974","658,628"
2010,New Brunswick,Groundfish,Other groundfish,x,x
2010,New Brunswick,Groundfish,Pollock,x,x
2010,New Brunswick,Groundfish,Redfish spp.,x,x
2010,New Brunswick,Groundfish,Skate,0,0
2010,New Brunswick,Groundfish,Total groundfish,"320,223","928,430"
2010,New Brunswick,Grand total,Grand total,"97,202,181","147,296,414"
2010,Newfoundland and Labrador,Shellfish,Clams / quahaug,x,x
2010,Newfoundland and Labrador,Shellfish,"Crab, Other","254,615","197,237"
2010,Newfoundland and Labrador,Shellfish,"Crab, Queen","52,229,356","155,447,670"
2010,Newfoundland and Labrador,Shellfish,Lobster,"2,596,897","18,851,234"
2010,Newfoundland and Labrador,Shellfish,Other shellfish,"6,523,954","5,997,193"
2010,Newfoundland and Labrador,Shellfish,Scallop,"1,140,157","1,719,165"
2010,Newfoundland and Labrador,Shellfish,Sea cucumber,"897,777","593,777"
2010,Newfoundland and Labrador,Shellfish,Sea urchin,x,x
2010,Newfoundland and Labrador,Shellfish,Shrimp,"112,060,940","181,963,250"
2010,Newfoundland and Labrador,Shellfish,Total shellfish,"199,831,381","404,533,994"
2010,Newfoundland and Labrador,Pelagics,Alewife,0,0
2010,Newfoundland and Labrador,Pelagics,Capelin,"24,239,888","2,939,190"
2010,Newfoundland and Labrador,Pelagics,Eel,"52,147","193,502"
2010,Newfoundland and Labrador,Pelagics,Elvers,0,0
2010,Newfoundland and Labrador,Pelagics,Herring,"26,032,097","5,155,813"
2010,Newfoundland and Labrador,Pelagics,Mackerel,"33,196,223","14,627,414"
2010,Newfoundland and Labrador,Pelagics,Other pelagic/finfish,"70,331","32,232"
2010,Newfoundland and Labrador,Pelagics,Salmon,0,0
2010,Newfoundland and Labrador,Pelagics,Shark,"4,337","3,709"
2010,Newfoundland and Labrador,Pelagics,Silversides,0,0
2010,Newfoundland and Labrador,Pelagics,Swordfish,0,0
2010,Newfoundland and Labrador,Pelagics,Total pelagics,"83,625,497","23,208,324"
2010,Newfoundland and Labrador,Pelagics,Tuna,"30,474","256,463"
2010,Newfoundland and Labrador,Other,Marine plants,0,0
2010,Newfoundland and Labrador,Other,Miscellaneous,"54,366","1,311,586"
2010,Newfoundland and Labrador,Other,Total other,"54,366","1,311,586"
2010,Newfoundland and Labrador,Groundfish,Cod,"12,232,523","12,140,053"
2010,Newfoundland and Labrador,Groundfish,Flatfishes,"10,884,874","6,360,247"
2010,Newfoundland and Labrador,Groundfish,Greenland turbot,"11,578,283","50,920,956"
2010,Newfoundland and Labrador,Groundfish,Haddock,"157,359","117,137"
2010,Newfoundland and Labrador,Groundfish,Hake,"514,763","178,997"
2010,Newfoundland and Labrador,Groundfish,Halibut,"536,895","3,405,216"
2010,Newfoundland and Labrador,Groundfish,Other groundfish,"1,924,840","6,634,206"
2010,Newfoundland and Labrador,Groundfish,Pollock,"337,996","199,459"
2010,Newfoundland and Labrador,Groundfish,Redfish spp.,"2,584,055","1,602,873"
2010,Newfoundland and Labrador,Groundfish,Skate,"351,638","85,518"
2010,Newfoundland and Labrador,Groundfish,Total groundfish,"41,103,226","81,644,663"
2010,Newfoundland and Labrador,Grand total,Grand total,"324,614,470","510,698,566"
2010,Nova Scotia,Shellfish,Clams / quahaug,"750,997","1,158,980"
2010,Nova Scotia,Shellfish,"Crab, Other","1,088,365","693,869"
2010,Nova Scotia,Shellfish,"Crab, Queen","16,423,384","67,668,040"
2010,Nova Scotia,Shellfish,Lobster,"37,944,612","348,199,469"
2010,Nova Scotia,Shellfish,Other shellfish,x,x
2010,Nova Scotia,Shellfish,Scallop,"55,785,171","75,746,523"
2010,Nova Scotia,Shellfish,Sea cucumber,x,x
2010,Nova Scotia,Shellfish,Sea urchin,"409,549","411,228"
2010,Nova Scotia,Shellfish,Shrimp,"22,732,717","39,797,611"
2010,Nova Scotia,Shellfish,Total shellfish,"136,788,341","534,385,576"
2010,Nova Scotia,Pelagics,Alewife,"719,868","484,069"
2010,Nova Scotia,Pelagics,Capelin,0,0
2010,Nova Scotia,Pelagics,Eel,x,x
2010,Nova Scotia,Pelagics,Elvers,x,x
2010,Nova Scotia,Pelagics,Herring,"54,911,823","13,684,330"
2010,Nova Scotia,Pelagics,Mackerel,"668,016","564,036"
2010,Nova Scotia,Pelagics,Other pelagic/finfish,x,x
2010,Nova Scotia,Pelagics,Salmon,0,0
2010,Nova Scotia,Pelagics,Shark,"128,796","222,744"
2010,Nova Scotia,Pelagics,Silversides,x,x
2010,Nova Scotia,Pelagics,Swordfish,"1,345,505","10,457,364"
2010,Nova Scotia,Pelagics,Total pelagics,"58,639,102","34,863,536"
2010,Nova Scotia,Pelagics,Tuna,"598,246","7,625,191"
2010,Nova Scotia,Other,Marine plants,x,x
2010,Nova Scotia,Other,Miscellaneous,x,x
2010,Nova Scotia,Other,Total other,"28,979,099","2,501,387"
2010,Nova Scotia,Groundfish,Cod,"4,017,951","6,587,407"
2010,Nova Scotia,Groundfish,Flatfishes,"2,191,480","3,338,809"
2010,Nova Scotia,Groundfish,Greenland turbot,"78,491","103,624"
2010,Nova Scotia,Groundfish,Haddock,"22,243,525","29,900,031"
2010,Nova Scotia,Groundfish,Hake,"10,058,670","7,869,739"
2010,Nova Scotia,Groundfish,Halibut,"1,577,580","17,113,784"
2010,Nova Scotia,Groundfish,Other groundfish,"2,996,037","1,110,163"
2010,Nova Scotia,Groundfish,Pollock,"4,915,000","5,100,451"
2010,Nova Scotia,Groundfish,Redfish spp.,"10,418,308","7,203,923"
2010,Nova Scotia,Groundfish,Skate,"73,349","24,235"
2010,Nova Scotia,Groundfish,Total groundfish,"58,570,391","78,352,166"
2010,Nova Scotia,Grand total,Grand total,"282,976,933","650,102,665"
2010,Prince Edward Island,Shellfish,Clams / quahaug,"921,245","1,491,830"
2010,Prince Edward Island,Shellfish,"Crab, Other","2,092,682","1,880,614"
2010,Prince Edward Island,Shellfish,"Crab, Queen","824,872","3,475,600"
2010,Prince Edward Island,Shellfish,Lobster,"10,585,225","77,336,868"
2010,Prince Edward Island,Shellfish,Other shellfish,"1,690,752","4,029,212"
2010,Prince Edward Island,Shellfish,Scallop,"360,381","704,117"
2010,Prince Edward Island,Shellfish,Sea cucumber,0,0
2010,Prince Edward Island,Shellfish,Sea urchin,0,0
2010,Prince Edward Island,Shellfish,Shrimp,0,0
2010,Prince Edward Island,Shellfish,Total shellfish,"16,475,157","88,918,240"
2010,Prince Edward Island,Pelagics,Alewife,x,x
2010,Prince Edward Island,Pelagics,Capelin,x,x
2010,Prince Edward Island,Pelagics,Eel,"70,498","308,228"
2010,Prince Edward Island,Pelagics,Elvers,0,0
2010,Prince Edward Island,Pelagics,Herring,"15,610,841","5,121,978"
2010,Prince Edward Island,Pelagics,Mackerel,"1,903,068","1,525,771"
2010,Prince Edward Island,Pelagics,Other pelagic/finfish,"60,936","51,832"
2010,Prince Edward Island,Pelagics,Salmon,0,0
2010,Prince Edward Island,Pelagics,Shark,x,x
2010,Prince Edward Island,Pelagics,Silversides,x,x
2010,Prince Edward Island,Pelagics,Swordfish,0,0
2010,Prince Edward Island,Pelagics,Total pelagics,"18,475,951","9,642,923"
2010,Prince Edward Island,Pelagics,Tuna,"150,167","1,896,432"
2010,Prince Edward Island,Other,Marine plants,"2,290,076","442,799"
2010,Prince Edward Island,Other,Miscellaneous,0,0
2010,Prince Edward Island,Other,Total other,"2,290,076","442,799"
2010,Prince Edward Island,Groundfish,Cod,"21,358","32,674"
2010,Prince Edward Island,Groundfish,Flatfishes,"67,160","87,551"
2010,Prince Edward Island,Groundfish,Greenland turbot,0,0
2010,Prince Edward Island,Groundfish,Haddock,0,0
2010,Prince Edward Island,Groundfish,Hake,x,x
2010,Prince Edward Island,Groundfish,Halibut,"32,399","271,053"
2010,Prince Edward Island,Groundfish,Other groundfish,x,x
2010,Prince Edward Island,Groundfish,Pollock,0,0
2010,Prince Edward Island,Groundfish,Redfish spp.,0,0
2010,Prince Edward Island,Groundfish,Skate,0,0
2010,Prince Edward Island,Groundfish,Total groundfish,"121,440","391,563"
2010,Prince Edward Island,Grand total,Grand total,"37,362,624","99,395,525"
2010,Quebec,Shellfish,Clams / quahaug,"1,508,393","1,546,961"
2010,Quebec,Shellfish,"Crab, Other","1,960,395","1,701,046"
2010,Quebec,Shellfish,"Crab, Queen","10,943,809","36,220,723"
2010,Quebec,Shellfish,Lobster,"4,409,435","38,180,135"
2010,Quebec,Shellfish,Other shellfish,"1,546,080","1,745,889"
2010,Quebec,Shellfish,Scallop,"850,997","1,418,269"
2010,Quebec,Shellfish,Sea cucumber,x,x
2010,Quebec,Shellfish,Sea urchin,x,x
2010,Quebec,Shellfish,Shrimp,"22,221,509","24,650,014"
2010,Quebec,Shellfish,Total shellfish,"44,742,946","106,859,591"
2010,Quebec,Pelagics,Alewife,x,x
2010,Quebec,Pelagics,Capelin,"1,029,560","141,848"
2010,Quebec,Pelagics,Eel,"27,472","188,632"
2010,Quebec,Pelagics,Elvers,0,0
2010,Quebec,Pelagics,Herring,"4,165,094","1,466,989"
2010,Quebec,Pelagics,Mackerel,"1,709,221","938,071"
2010,Quebec,Pelagics,Other pelagic/finfish,x,x
2010,Quebec,Pelagics,Salmon,0,0
2010,Quebec,Pelagics,Shark,x,x
2010,Quebec,Pelagics,Silversides,0,0
2010,Quebec,Pelagics,Swordfish,0,0
2010,Quebec,Pelagics,Total pelagics,"6,989,712","3,089,126"
2010,Quebec,Pelagics,Tuna,"10,702","104,956"
2010,Quebec,Other,Marine plants,x,x
2010,Quebec,Other,Miscellaneous,0,0
2010,Quebec,Other,Total other,12,12
2010,Quebec,Groundfish,Cod,"957,620","1,072,214"
2010,Quebec,Groundfish,Flatfishes,"723,067","994,857"
2010,Quebec,Groundfish,Greenland turbot,"3,056,656","6,570,161"
2010,Quebec,Groundfish,Haddock,x,x
2010,Quebec,Groundfish,Hake,x,x
2010,Quebec,Groundfish,Halibut,"276,479","1,734,017"
2010,Quebec,Groundfish,Other groundfish,"32,822","25,366"
2010,Quebec,Groundfish,Pollock,x,x
2010,Quebec,Groundfish,Redfish spp.,x,x
2010,Quebec,Groundfish,Skate,"6,034","2,227"
2010,Quebec,Groundfish,Total groundfish,"5,353,858","10,590,991"
2010,Quebec,Grand total,Grand total,"57,086,528","120,539,720"
2011,Atlantic,Shellfish,Clams / quahaug,"28,431,813","48,491,403"
2011,Atlantic,Shellfish,"Crab, Other","7,278,741","6,511,958"
2011,Atlantic,Shellfish,"Crab, Queen","84,371,629","449,692,944"
2011,Atlantic,Shellfish,Lobster,"66,978,124","619,237,658"
2011,Atlantic,Shellfish,Other shellfish,"10,962,907","16,730,683"
2011,Atlantic,Shellfish,Scallop,"59,902,086","94,493,511"
2011,Atlantic,Shellfish,Sea cucumber,"5,671,346","2,675,467"
2011,Atlantic,Shellfish,Sea urchin,"2,254,363","5,300,073"
2011,Atlantic,Shellfish,Shrimp,"150,806,511","311,254,230"
2011,Atlantic,Shellfish,Total shellfish,"416,657,520","1,554,387,926"
2011,Atlantic,Pelagics,Alewife,"2,223,760","1,533,815"
2011,Atlantic,Pelagics,Capelin,"32,686,862","5,740,100"
2011,Atlantic,Pelagics,Eel,"305,030","1,910,437"
2011,Atlantic,Pelagics,Elvers,"2,610","5,883,423"
2011,Atlantic,Pelagics,Herring,"134,467,927","37,959,331"
2011,Atlantic,Pelagics,Mackerel,"11,534,369","10,931,221"
2011,Atlantic,Pelagics,Other pelagic/finfish,"558,588","595,481"
2011,Atlantic,Pelagics,Salmon,0,0
2011,Atlantic,Pelagics,Shark,"75,111","129,567"
2011,Atlantic,Pelagics,Silversides,"317,901","306,628"
2011,Atlantic,Pelagics,Swordfish,"1,553,738","10,530,981"
2011,Atlantic,Pelagics,Total pelagics,"184,415,880","86,035,952"
2011,Atlantic,Pelagics,Tuna,"689,984","10,514,968"
2011,Atlantic,Other,Marine plants,"18,843,975","1,765,188"
2011,Atlantic,Other,Miscellaneous,"127,405","735,985"
2011,Atlantic,Other,Total other,"18,971,380","2,501,173"
2011,Atlantic,Groundfish,Cod,"13,040,027","17,222,731"
2011,Atlantic,Groundfish,Flatfishes,"8,342,564","8,184,740"
2011,Atlantic,Groundfish,Greenland turbot,"13,963,970","59,178,872"
2011,Atlantic,Groundfish,Haddock,"15,195,519","25,018,899"
2011,Atlantic,Groundfish,Hake,"11,052,290","8,820,508"
2011,Atlantic,Groundfish,Halibut,"2,589,548","27,013,151"
2011,Atlantic,Groundfish,Other groundfish,"6,237,580","11,403,369"
2011,Atlantic,Groundfish,Pollock,"5,536,117","5,072,203"
2011,Atlantic,Groundfish,Redfish spp.,"13,811,425","10,093,737"
2011,Atlantic,Groundfish,Skate,"716,185","236,649"
2011,Atlantic,Groundfish,Total groundfish,"90,485,225","172,244,858"
2011,Atlantic,Grand total,Grand total,"710,530,005","1,815,169,909"
2011,British Columbia,Shellfish,Clams / quahaug,"2,098,000","40,609,000"
2011,British Columbia,Shellfish,"Crab, Other","2,947,000","27,022,000"
2011,British Columbia,Shellfish,"Crab, Queen",0,0
2011,British Columbia,Shellfish,Lobster,0,0
2011,British Columbia,Shellfish,Other shellfish,"2,373,000","32,878,000"
2011,British Columbia,Shellfish,Scallop,"8,000","50,000"
2011,British Columbia,Shellfish,Sea cucumber,"1,141,000","3,485,000"
2011,British Columbia,Shellfish,Sea urchin,"2,551,000","3,298,000"
2011,British Columbia,Shellfish,Shrimp,"486,000","1,701,000"
2011,British Columbia,Shellfish,Total shellfish,"11,604,000","109,043,000"
2011,British Columbia,Pelagics,Alewife,0,0
2011,British Columbia,Pelagics,Capelin,0,0
2011,British Columbia,Pelagics,Eel,0,0
2011,British Columbia,Pelagics,Elvers,0,0
2011,British Columbia,Pelagics,Herring,"7,751,000","2,417,000"
2011,British Columbia,Pelagics,Mackerel,"1,000",0
2011,British Columbia,Pelagics,Other pelagic/finfish,"13,428,000","2,360,000"
2011,British Columbia,Pelagics,Salmon,"20,671,000","47,945,000"
2011,British Columbia,Pelagics,Shark,0,0
2011,British Columbia,Pelagics,Silversides,0,0
2011,British Columbia,Pelagics,Swordfish,0,0
2011,British Columbia,Pelagics,Total pelagics,"46,222,000","76,104,000"
2011,British Columbia,Pelagics,Tuna,"4,371,000","23,382,000"
2011,British Columbia,Other,Marine plants,0,0
2011,British Columbia,Other,Miscellaneous,"12,000","2,000"
2011,British Columbia,Other,Total other,"12,000","2,000"
2011,British Columbia,Groundfish,Cod,"1,895,000","1,827,000"
2011,British Columbia,Groundfish,Flatfishes,"10,026,000","4,801,000"
2011,British Columbia,Groundfish,Greenland turbot,0,0
2011,British Columbia,Groundfish,Haddock,0,0
2011,British Columbia,Groundfish,Hake,"45,687,000","11,301,000"
2011,British Columbia,Groundfish,Halibut,"4,136,000","36,951,000"
2011,British Columbia,Groundfish,Other groundfish,"4,794,000","23,648,000"
2011,British Columbia,Groundfish,Pollock,"4,039,000","1,021,000"
2011,British Columbia,Groundfish,Redfish spp.,"18,039,000","18,746,000"
2011,British Columbia,Groundfish,Skate,"1,359,000","1,289,000"
2011,British Columbia,Groundfish,Total groundfish,"89,975,000","99,584,000"
2011,British Columbia,Grand total,Grand total,"147,813,000","284,733,000"
2011,Canada,Shellfish,Clams / quahaug,"30,529,813","89,100,403"
2011,Canada,Shellfish,"Crab, Other","10,225,741","33,533,958"
2011,Canada,Shellfish,"Crab, Queen","84,371,629","449,692,944"
2011,Canada,Shellfish,Lobster,"66,978,124","619,237,658"
2011,Canada,Shellfish,Other shellfish,"13,335,907","49,608,683"
2011,Canada,Shellfish,Scallop,"59,910,086","94,543,511"
2011,Canada,Shellfish,Sea cucumber,"6,812,346","6,160,467"
2011,Canada,Shellfish,Sea urchin,"4,805,363","8,598,073"
2011,Canada,Shellfish,Shrimp,"151,292,511","312,955,230"
2011,Canada,Shellfish,Total shellfish,"428,261,520","1,663,430,926"
2011,Canada,Pelagics,Alewife,"2,223,760","1,533,815"
2011,Canada,Pelagics,Capelin,"32,686,862","5,740,100"
2011,Canada,Pelagics,Eel,"305,030","1,910,437"
2011,Canada,Pelagics,Elvers,"2,610","5,883,423"
2011,Canada,Pelagics,Herring,"142,218,927","40,376,331"
2011,Canada,Pelagics,Mackerel,"11,535,369","10,931,221"
2011,Canada,Pelagics,Other pelagic/finfish,"13,986,588","2,955,481"
2011,Canada,Pelagics,Salmon,"20,671,000","47,945,000"
2011,Canada,Pelagics,Shark,"75,111","129,567"
2011,Canada,Pelagics,Silversides,"317,901","306,628"
2011,Canada,Pelagics,Swordfish,"1,553,738","10,530,981"
2011,Canada,Pelagics,Total pelagics,"230,637,880","162,139,952"
2011,Canada,Pelagics,Tuna,"5,060,984","33,896,968"
2011,Canada,Other,Marine plants,"18,843,975","1,765,188"
2011,Canada,Other,Miscellaneous,"139,405","737,985"
2011,Canada,Other,Total other,"18,983,380","2,503,173"
2011,Canada,Groundfish,Cod,"14,935,027","19,049,731"
2011,Canada,Groundfish,Flatfishes,"18,368,564","12,985,740"
2011,Canada,Groundfish,Greenland turbot,"13,963,970","59,178,872"
2011,Canada,Groundfish,Haddock,"15,195,519","25,018,899"
2011,Canada,Groundfish,Hake,"56,739,290","20,121,508"
2011,Canada,Groundfish,Halibut,"6,725,548","63,964,151"
2011,Canada,Groundfish,Other groundfish,"11,031,580","35,051,369"
2011,Canada,Groundfish,Pollock,"9,575,117","6,093,203"
2011,Canada,Groundfish,Redfish spp.,"31,850,425","28,839,737"
2011,Canada,Groundfish,Skate,"2,075,185","1,525,649"
2011,Canada,Groundfish,Total groundfish,"180,460,225","271,828,858"
2011,Canada,Grand total,Grand total,"858,343,005","2,099,902,909"
2011,New Brunswick,Shellfish,Clams / quahaug,x,x
2011,New Brunswick,Shellfish,"Crab, Other","1,926,391","1,621,961"
2011,New Brunswick,Shellfish,"Crab, Queen","4,493,047","33,854,202"
2011,New Brunswick,Shellfish,Lobster,"12,389,343","107,206,460"
2011,New Brunswick,Shellfish,Other shellfish,x,x
2011,New Brunswick,Shellfish,Scallop,"2,233,356","3,700,368"
2011,New Brunswick,Shellfish,Sea cucumber,x,x
2011,New Brunswick,Shellfish,Sea urchin,"929,226","2,541,903"
2011,New Brunswick,Shellfish,Shrimp,"6,442,181","8,502,306"
2011,New Brunswick,Shellfish,Total shellfish,"30,306,039","159,910,030"
2011,New Brunswick,Pelagics,Alewife,"1,314,764","728,510"
2011,New Brunswick,Pelagics,Capelin,x,x
2011,New Brunswick,Pelagics,Eel,"110,911","714,257"
2011,New Brunswick,Pelagics,Elvers,x,x
2011,New Brunswick,Pelagics,Herring,"34,591,232","10,507,807"
2011,New Brunswick,Pelagics,Mackerel,"905,365","676,831"
2011,New Brunswick,Pelagics,Other pelagic/finfish,"346,971","389,787"
2011,New Brunswick,Pelagics,Salmon,0,0
2011,New Brunswick,Pelagics,Shark,0,0
2011,New Brunswick,Pelagics,Silversides,0,0
2011,New Brunswick,Pelagics,Swordfish,0,0
2011,New Brunswick,Pelagics,Total pelagics,"38,722,630","13,628,505"
2011,New Brunswick,Pelagics,Tuna,x,x
2011,New Brunswick,Other,Marine plants,x,x
2011,New Brunswick,Other,Miscellaneous,0,0
2011,New Brunswick,Other,Total other,"12,544,640","914,658"
2011,New Brunswick,Groundfish,Cod,"23,576","40,309"
2011,New Brunswick,Groundfish,Flatfishes,"6,848","9,966"
2011,New Brunswick,Groundfish,Greenland turbot,x,x
2011,New Brunswick,Groundfish,Haddock,x,x
2011,New Brunswick,Groundfish,Hake,"18,237","19,611"
2011,New Brunswick,Groundfish,Halibut,"59,762","592,663"
2011,New Brunswick,Groundfish,Other groundfish,x,x
2011,New Brunswick,Groundfish,Pollock,x,x
2011,New Brunswick,Groundfish,Redfish spp.,x,x
2011,New Brunswick,Groundfish,Skate,0,0
2011,New Brunswick,Groundfish,Total groundfish,"186,734","742,804"
2011,New Brunswick,Grand total,Grand total,"81,760,043","175,195,997"
2011,Newfoundland and Labrador,Shellfish,Clams / quahaug,x,x
2011,Newfoundland and Labrador,Shellfish,"Crab, Other",x,x
2011,Newfoundland and Labrador,Shellfish,"Crab, Queen","52,950,669","250,977,411"
2011,Newfoundland and Labrador,Shellfish,Lobster,"1,934,187","16,894,669"
2011,Newfoundland and Labrador,Shellfish,Other shellfish,"7,155,056","9,158,815"
2011,Newfoundland and Labrador,Shellfish,Scallop,"1,419,699","2,565,399"
2011,Newfoundland and Labrador,Shellfish,Sea cucumber,"959,529","634,621"
2011,Newfoundland and Labrador,Shellfish,Sea urchin,x,x
2011,Newfoundland and Labrador,Shellfish,Shrimp,"98,997,482","219,153,870"
2011,Newfoundland and Labrador,Shellfish,Total shellfish,"187,777,516","541,308,211"
2011,Newfoundland and Labrador,Pelagics,Alewife,0,0
2011,Newfoundland and Labrador,Pelagics,Capelin,"30,165,675","5,386,597"
2011,Newfoundland and Labrador,Pelagics,Eel,"51,785","295,929"
2011,Newfoundland and Labrador,Pelagics,Elvers,0,0
2011,Newfoundland and Labrador,Pelagics,Herring,"24,875,154","6,526,138"
2011,Newfoundland and Labrador,Pelagics,Mackerel,"7,359,449","7,254,906"
2011,Newfoundland and Labrador,Pelagics,Other pelagic/finfish,"81,808","55,029"
2011,Newfoundland and Labrador,Pelagics,Salmon,0,0
2011,Newfoundland and Labrador,Pelagics,Shark,x,x
2011,Newfoundland and Labrador,Pelagics,Silversides,0,0
2011,Newfoundland and Labrador,Pelagics,Swordfish,x,x
2011,Newfoundland and Labrador,Pelagics,Total pelagics,"62,579,751","19,938,715"
2011,Newfoundland and Labrador,Pelagics,Tuna,"26,075","300,400"
2011,Newfoundland and Labrador,Other,Marine plants,0,0
2011,Newfoundland and Labrador,Other,Miscellaneous,"127,348","735,089"
2011,Newfoundland and Labrador,Other,Total other,"127,348","735,089"
2011,Newfoundland and Labrador,Groundfish,Cod,"9,746,832","11,229,922"
2011,Newfoundland and Labrador,Groundfish,Flatfishes,"5,601,170","3,724,079"
2011,Newfoundland and Labrador,Groundfish,Greenland turbot,"11,049,483","52,231,939"
2011,Newfoundland and Labrador,Groundfish,Haddock,"132,170","128,299"
2011,Newfoundland and Labrador,Groundfish,Hake,"272,275","237,859"
2011,Newfoundland and Labrador,Groundfish,Halibut,"456,477","3,152,348"
2011,Newfoundland and Labrador,Groundfish,Other groundfish,"2,327,556","7,439,855"
2011,Newfoundland and Labrador,Groundfish,Pollock,"189,557","173,548"
2011,Newfoundland and Labrador,Groundfish,Redfish spp.,"3,069,067","1,529,411"
2011,Newfoundland and Labrador,Groundfish,Skate,"593,695","148,250"
2011,Newfoundland and Labrador,Groundfish,Total groundfish,"33,438,282","79,995,509"
2011,Newfoundland and Labrador,Grand total,Grand total,"283,922,897","641,977,524"
2011,Nova Scotia,Shellfish,Clams / quahaug,"1,462,106","2,750,540"
2011,Nova Scotia,Shellfish,"Crab, Other",x,x
2011,Nova Scotia,Shellfish,"Crab, Queen","15,798,004","97,930,131"
2011,Nova Scotia,Shellfish,Lobster,"39,381,942","370,145,149"
2011,Nova Scotia,Shellfish,Other shellfish,x,x
2011,Nova Scotia,Shellfish,Scallop,"55,093,377","85,634,734"
2011,Nova Scotia,Shellfish,Sea cucumber,x,x
2011,Nova Scotia,Shellfish,Sea urchin,"371,708","988,848"
2011,Nova Scotia,Shellfish,Shrimp,"25,018,937","53,651,025"
2011,Nova Scotia,Shellfish,Total shellfish,"141,115,917","613,514,392"
2011,Nova Scotia,Pelagics,Alewife,"779,239","670,609"
2011,Nova Scotia,Pelagics,Capelin,0,0
2011,Nova Scotia,Pelagics,Eel,"21,128","116,397"
2011,Nova Scotia,Pelagics,Elvers,x,x
2011,Nova Scotia,Pelagics,Herring,"58,128,419","15,225,756"
2011,Nova Scotia,Pelagics,Mackerel,"416,141","491,033"
2011,Nova Scotia,Pelagics,Other pelagic/finfish,"25,372","47,430"
2011,Nova Scotia,Pelagics,Salmon,0,0
2011,Nova Scotia,Pelagics,Shark,"70,573","123,656"
2011,Nova Scotia,Pelagics,Silversides,x,x
2011,Nova Scotia,Pelagics,Swordfish,x,x
2011,Nova Scotia,Pelagics,Total pelagics,"61,556,052","39,818,718"
2011,Nova Scotia,Pelagics,Tuna,"490,871","7,108,361"
2011,Nova Scotia,Other,Marine plants,"4,444,387","440,728"
2011,Nova Scotia,Other,Miscellaneous,x,x
2011,Nova Scotia,Other,Total other,"4,444,444","441,624"
2011,Nova Scotia,Groundfish,Cod,"2,560,646","5,089,673"
2011,Nova Scotia,Groundfish,Flatfishes,"1,899,932","3,016,495"
2011,Nova Scotia,Groundfish,Greenland turbot,"57,297","95,743"
2011,Nova Scotia,Groundfish,Haddock,"15,062,950","24,890,257"
2011,Nova Scotia,Groundfish,Hake,"10,751,155","8,555,510"
2011,Nova Scotia,Groundfish,Halibut,"1,589,015","19,458,253"
2011,Nova Scotia,Groundfish,Other groundfish,"3,858,710","3,928,754"
2011,Nova Scotia,Groundfish,Pollock,"5,304,272","4,852,380"
2011,Nova Scotia,Groundfish,Redfish spp.,"10,357,511","8,242,723"
2011,Nova Scotia,Groundfish,Skate,"119,035","87,244"
2011,Nova Scotia,Groundfish,Total groundfish,"51,560,523","78,217,031"
2011,Nova Scotia,Grand total,Grand total,"258,676,936","731,991,765"
2011,Prince Edward Island,Shellfish,Clams / quahaug,"1,097,441","1,934,645"
2011,Prince Edward Island,Shellfish,"Crab, Other","2,171,932","1,920,753"
2011,Prince Edward Island,Shellfish,"Crab, Queen","993,283","7,121,775"
2011,Prince Edward Island,Shellfish,Lobster,"9,284,151","84,322,089"
2011,Prince Edward Island,Shellfish,Other shellfish,"1,962,599","4,790,853"
2011,Prince Edward Island,Shellfish,Scallop,"484,032","1,122,666"
2011,Prince Edward Island,Shellfish,Sea cucumber,0,0
2011,Prince Edward Island,Shellfish,Sea urchin,0,0
2011,Prince Edward Island,Shellfish,Shrimp,0,0
2011,Prince Edward Island,Shellfish,Total shellfish,"15,993,438","101,212,780"
2011,Prince Edward Island,Pelagics,Alewife,x,x
2011,Prince Edward Island,Pelagics,Capelin,0,0
2011,Prince Edward Island,Pelagics,Eel,"100,065","610,959"
2011,Prince Edward Island,Pelagics,Elvers,0,0
2011,Prince Edward Island,Pelagics,Herring,"10,608,249","3,424,668"
2011,Prince Edward Island,Pelagics,Mackerel,"1,508,538","1,469,750"
2011,Prince Edward Island,Pelagics,Other pelagic/finfish,x,x
2011,Prince Edward Island,Pelagics,Salmon,0,0
2011,Prince Edward Island,Pelagics,Shark,x,x
2011,Prince Edward Island,Pelagics,Silversides,x,x
2011,Prince Edward Island,Pelagics,Swordfish,0,0
2011,Prince Edward Island,Pelagics,Total pelagics,"12,804,243","8,894,940"
2011,Prince Edward Island,Pelagics,Tuna,"160,103","2,978,550"
2011,Prince Edward Island,Other,Marine plants,"1,854,948","409,802"
2011,Prince Edward Island,Other,Miscellaneous,0,0
2011,Prince Edward Island,Other,Total other,"1,854,948","409,802"
2011,Prince Edward Island,Groundfish,Cod,"21,817","42,267"
2011,Prince Edward Island,Groundfish,Flatfishes,"78,692","150,289"
2011,Prince Edward Island,Groundfish,Greenland turbot,x,x
2011,Prince Edward Island,Groundfish,Haddock,0,0
2011,Prince Edward Island,Groundfish,Hake,0,0
2011,Prince Edward Island,Groundfish,Halibut,"33,221","394,250"
2011,Prince Edward Island,Groundfish,Other groundfish,x,x
2011,Prince Edward Island,Groundfish,Pollock,0,0
2011,Prince Edward Island,Groundfish,Redfish spp.,0,0
2011,Prince Edward Island,Groundfish,Skate,0,0
2011,Prince Edward Island,Groundfish,Total groundfish,"136,736","588,807"
2011,Prince Edward Island,Grand total,Grand total,"30,789,365","111,106,328"
2011,Quebec,Shellfish,Clams / quahaug,"1,343,251","1,390,648"
2011,Quebec,Shellfish,"Crab, Other","1,812,552","1,720,498"
2011,Quebec,Shellfish,"Crab, Queen","10,136,626","59,809,424"
2011,Quebec,Shellfish,Lobster,"3,988,501","40,669,291"
2011,Quebec,Shellfish,Other shellfish,"1,421,481","1,660,088"
2011,Quebec,Shellfish,Scallop,"671,622","1,470,344"
2011,Quebec,Shellfish,Sea cucumber,x,x
2011,Quebec,Shellfish,Sea urchin,x,x
2011,Quebec,Shellfish,Shrimp,"20,347,911","29,947,029"
2011,Quebec,Shellfish,Total shellfish,"41,464,610","138,442,513"
2011,Quebec,Pelagics,Alewife,x,x
2011,Quebec,Pelagics,Capelin,x,x
2011,Quebec,Pelagics,Eel,"21,141","172,897"
2011,Quebec,Pelagics,Elvers,0,0
2011,Quebec,Pelagics,Herring,"6,264,873","2,274,962"
2011,Quebec,Pelagics,Mackerel,"1,344,876","1,038,701"
2011,Quebec,Pelagics,Other pelagic/finfish,x,x
2011,Quebec,Pelagics,Salmon,0,0
2011,Quebec,Pelagics,Shark,"1,856","3,667"
2011,Quebec,Pelagics,Silversides,0,0
2011,Quebec,Pelagics,Swordfish,0,0
2011,Quebec,Pelagics,Total pelagics,"8,753,204","3,755,074"
2011,Quebec,Pelagics,Tuna,x,x
2011,Quebec,Other,Marine plants,0,0
2011,Quebec,Other,Miscellaneous,0,0
2011,Quebec,Other,Total other,0,0
2011,Quebec,Groundfish,Cod,"687,156","820,560"
2011,Quebec,Groundfish,Flatfishes,"755,922","1,283,911"
2011,Quebec,Groundfish,Greenland turbot,"2,853,027","6,843,456"
2011,Quebec,Groundfish,Haddock,x,x
2011,Quebec,Groundfish,Hake,"10,623","7,528"
2011,Quebec,Groundfish,Halibut,"451,073","3,415,637"
2011,Quebec,Groundfish,Other groundfish,"27,966","19,174"
2011,Quebec,Groundfish,Pollock,x,x
2011,Quebec,Groundfish,Redfish spp.,x,x
2011,Quebec,Groundfish,Skate,"3,455","1,156"
2011,Quebec,Groundfish,Total groundfish,"5,162,950","12,700,707"
2011,Quebec,Grand total,Grand total,"55,380,764","154,898,295"
2012,Atlantic,Shellfish,Clams / quahaug,"27,631,010","45,327,682"
2012,Atlantic,Shellfish,"Crab, Other","6,470,640","6,473,269"
2012,Atlantic,Shellfish,"Crab, Queen","92,848,899","429,142,851"
2012,Atlantic,Shellfish,Lobster,"74,790,095","662,798,439"
2012,Atlantic,Shellfish,Other shellfish,"8,437,411","14,214,490"
2012,Atlantic,Shellfish,Scallop,"53,306,031","114,263,196"
2012,Atlantic,Shellfish,Sea cucumber,"5,921,758","3,612,728"
2012,Atlantic,Shellfish,Sea urchin,"2,523,824","6,418,240"
2012,Atlantic,Shellfish,Shrimp,"148,874,222","345,193,174"
2012,Atlantic,Shellfish,Total shellfish,"420,803,890","1,627,444,068"
2012,Atlantic,Pelagics,Alewife,"1,946,183","1,557,653"
2012,Atlantic,Pelagics,Capelin,"31,777,381","6,772,973"
2012,Atlantic,Pelagics,Eel,"375,368","2,800,161"
2012,Atlantic,Pelagics,Elvers,"4,191","22,956,191"
2012,Atlantic,Pelagics,Herring,"113,990,121","44,294,557"
2012,Atlantic,Pelagics,Mackerel,"6,468,085","5,528,804"
2012,Atlantic,Pelagics,Other pelagic/finfish,"315,241","550,315"
2012,Atlantic,Pelagics,Salmon,0,0
2012,Atlantic,Pelagics,Shark,"67,466","104,206"
2012,Atlantic,Pelagics,Silversides,"421,594","684,729"
2012,Atlantic,Pelagics,Swordfish,"1,484,765","10,631,496"
2012,Atlantic,Pelagics,Total pelagics,"157,622,002","107,523,592"
2012,Atlantic,Pelagics,Tuna,"771,607","11,642,507"
2012,Atlantic,Other,Marine plants,"13,832,650","1,343,030"
2012,Atlantic,Other,Miscellaneous,"214,749","1,680,281"
2012,Atlantic,Other,Total other,"14,047,399","3,023,311"
2012,Atlantic,Groundfish,Cod,"10,997,905","14,628,904"
2012,Atlantic,Groundfish,Flatfishes,"5,281,057","7,555,102"
2012,Atlantic,Groundfish,Greenland turbot,"13,431,819","58,021,617"
2012,Atlantic,Groundfish,Haddock,"9,329,541","20,079,924"
2012,Atlantic,Groundfish,Hake,"11,613,535","8,710,948"
2012,Atlantic,Groundfish,Halibut,"2,885,441","31,019,488"
2012,Atlantic,Groundfish,Other groundfish,"6,330,732","11,205,250"
2012,Atlantic,Groundfish,Pollock,"5,777,211","6,049,811"
2012,Atlantic,Groundfish,Redfish spp.,"14,975,857","11,835,064"
2012,Atlantic,Groundfish,Skate,"825,906","416,934"
2012,Atlantic,Groundfish,Total groundfish,"81,449,004","169,523,043"
2012,Atlantic,Grand total,Grand total,"673,922,295","1,907,514,014"
2012,British Columbia,Shellfish,Clams / quahaug,"1,421,000","26,172,000"
2012,British Columbia,Shellfish,"Crab, Other","2,942,000","27,345,000"
2012,British Columbia,Shellfish,"Crab, Queen",0,0
2012,British Columbia,Shellfish,Lobster,0,0
2012,British Columbia,Shellfish,Other shellfish,"1,522,000","23,286,000"
2012,British Columbia,Shellfish,Scallop,"3,000","21,000"
2012,British Columbia,Shellfish,Sea cucumber,0,0
2012,British Columbia,Shellfish,Sea urchin,"1,543,000","1,934,000"
2012,British Columbia,Shellfish,Shrimp,"431,000","1,399,000"
2012,British Columbia,Shellfish,Total shellfish,"7,862,000","80,157,000"
2012,British Columbia,Pelagics,Alewife,0,0
2012,British Columbia,Pelagics,Capelin,0,0
2012,British Columbia,Pelagics,Eel,0,0
2012,British Columbia,Pelagics,Elvers,0,0
2012,British Columbia,Pelagics,Herring,"9,390,000","5,140,000"
2012,British Columbia,Pelagics,Mackerel,"3,000","1,000"
2012,British Columbia,Pelagics,Other pelagic/finfish,"12,574,000","2,040,000"
2012,British Columbia,Pelagics,Salmon,"8,988,000","24,268,000"
2012,British Columbia,Pelagics,Shark,0,0
2012,British Columbia,Pelagics,Silversides,0,0
2012,British Columbia,Pelagics,Swordfish,0,0
2012,British Columbia,Pelagics,Total pelagics,"32,346,000","37,620,000"
2012,British Columbia,Pelagics,Tuna,"1,391,000","6,171,000"
2012,British Columbia,Other,Marine plants,0,0
2012,British Columbia,Other,Miscellaneous,"14,000","2,000"
2012,British Columbia,Other,Total other,"14,000","2,000"
2012,British Columbia,Groundfish,Cod,"1,265,000","1,220,000"
2012,British Columbia,Groundfish,Flatfishes,"10,075,000","4,532,000"
2012,British Columbia,Groundfish,Greenland turbot,0,0
2012,British Columbia,Groundfish,Haddock,0,0
2012,British Columbia,Groundfish,Hake,"46,913,000","11,604,000"
2012,British Columbia,Groundfish,Halibut,"3,694,000","33,011,000"
2012,British Columbia,Groundfish,Other groundfish,"4,656,000","25,133,000"
2012,British Columbia,Groundfish,Pollock,"5,131,000","1,296,000"
2012,British Columbia,Groundfish,Redfish spp.,"16,584,000","17,659,000"
2012,British Columbia,Groundfish,Skate,"979,000","889,000"
2012,British Columbia,Groundfish,Total groundfish,"89,297,000","95,344,000"
2012,British Columbia,Grand total,Grand total,"129,519,000","213,123,000"
2012,Canada,Shellfish,Clams / quahaug,"29,052,010","71,499,682"
2012,Canada,Shellfish,"Crab, Other","9,412,640","33,818,269"
2012,Canada,Shellfish,"Crab, Queen","92,848,899","429,142,851"
2012,Canada,Shellfish,Lobster,"74,790,095","662,798,439"
2012,Canada,Shellfish,Other shellfish,"9,959,411","37,500,490"
2012,Canada,Shellfish,Scallop,"53,309,031","114,284,196"
2012,Canada,Shellfish,Sea cucumber,"5,921,758","3,612,728"
2012,Canada,Shellfish,Sea urchin,"4,066,824","8,352,240"
2012,Canada,Shellfish,Shrimp,"149,305,222","346,592,174"
2012,Canada,Shellfish,Total shellfish,"428,665,890","1,707,601,068"
2012,Canada,Pelagics,Alewife,"1,946,183","1,557,653"
2012,Canada,Pelagics,Capelin,"31,777,381","6,772,973"
2012,Canada,Pelagics,Eel,"375,368","2,800,161"
2012,Canada,Pelagics,Elvers,"4,191","22,956,191"
2012,Canada,Pelagics,Herring,"123,380,121","49,434,557"
2012,Canada,Pelagics,Mackerel,"6,471,085","5,529,804"
2012,Canada,Pelagics,Other pelagic/finfish,"12,889,241","2,590,315"
2012,Canada,Pelagics,Salmon,"8,988,000","24,268,000"
2012,Canada,Pelagics,Shark,"67,466","104,206"
2012,Canada,Pelagics,Silversides,"421,594","684,729"
2012,Canada,Pelagics,Swordfish,"1,484,765","10,631,496"
2012,Canada,Pelagics,Total pelagics,"189,968,002","145,143,592"
2012,Canada,Pelagics,Tuna,"2,162,607","17,813,507"
2012,Canada,Other,Marine plants,"13,832,650","1,343,030"
2012,Canada,Other,Miscellaneous,"228,749","1,682,281"
2012,Canada,Other,Total other,"14,061,399","3,025,311"
2012,Canada,Groundfish,Cod,"12,262,905","15,848,904"
2012,Canada,Groundfish,Flatfishes,"15,356,057","12,087,102"
2012,Canada,Groundfish,Greenland turbot,"13,431,819","58,021,617"
2012,Canada,Groundfish,Haddock,"9,329,541","20,079,924"
2012,Canada,Groundfish,Hake,"58,526,535","20,314,948"
2012,Canada,Groundfish,Halibut,"6,579,441","64,030,488"
2012,Canada,Groundfish,Other groundfish,"10,986,732","36,338,250"
2012,Canada,Groundfish,Pollock,"10,908,211","7,345,811"
2012,Canada,Groundfish,Redfish spp.,"31,559,857","29,494,064"
2012,Canada,Groundfish,Skate,"1,804,906","1,305,934"
2012,Canada,Groundfish,Total groundfish,"170,746,004","264,867,043"
2012,Canada,Grand total,Grand total,"803,441,295","2,120,637,014"
2012,New Brunswick,Shellfish,Clams / quahaug,x,x
2012,New Brunswick,Shellfish,"Crab, Other","1,660,660","1,700,150"
2012,New Brunswick,Shellfish,"Crab, Queen","9,218,127","50,791,745"
2012,New Brunswick,Shellfish,Lobster,"13,484,023","107,218,975"
2012,New Brunswick,Shellfish,Other shellfish,x,x
2012,New Brunswick,Shellfish,Scallop,"1,853,940","4,524,309"
2012,New Brunswick,Shellfish,Sea cucumber,x,x
2012,New Brunswick,Shellfish,Sea urchin,"988,978","2,853,829"
2012,New Brunswick,Shellfish,Shrimp,"6,086,899","10,561,058"
2012,New Brunswick,Shellfish,Total shellfish,"35,155,547","179,978,132"
2012,New Brunswick,Pelagics,Alewife,"1,281,743","1,017,912"
2012,New Brunswick,Pelagics,Capelin,x,x
2012,New Brunswick,Pelagics,Eel,"160,900","1,230,990"
2012,New Brunswick,Pelagics,Elvers,x,x
2012,New Brunswick,Pelagics,Herring,"25,467,236","11,593,554"
2012,New Brunswick,Pelagics,Mackerel,"524,353","485,910"
2012,New Brunswick,Pelagics,Other pelagic/finfish,"267,689","402,572"
2012,New Brunswick,Pelagics,Salmon,0,0
2012,New Brunswick,Pelagics,Shark,0,0
2012,New Brunswick,Pelagics,Silversides,0,0
2012,New Brunswick,Pelagics,Swordfish,0,0
2012,New Brunswick,Pelagics,Total pelagics,"27,859,385","19,359,781"
2012,New Brunswick,Pelagics,Tuna,"10,174","205,941"
2012,New Brunswick,Other,Marine plants,x,x
2012,New Brunswick,Other,Miscellaneous,0,0
2012,New Brunswick,Other,Total other,"11,372,053","653,943"
2012,New Brunswick,Groundfish,Cod,"4,555","11,172"
2012,New Brunswick,Groundfish,Flatfishes,x,x
2012,New Brunswick,Groundfish,Greenland turbot,x,x
2012,New Brunswick,Groundfish,Haddock,0,0
2012,New Brunswick,Groundfish,Hake,x,x
2012,New Brunswick,Groundfish,Halibut,"67,289","754,498"
2012,New Brunswick,Groundfish,Other groundfish,"13,447","7,808"
2012,New Brunswick,Groundfish,Pollock,x,x
2012,New Brunswick,Groundfish,Redfish spp.,x,x
2012,New Brunswick,Groundfish,Skate,0,0
2012,New Brunswick,Groundfish,Total groundfish,"92,673","782,567"
2012,New Brunswick,Grand total,Grand total,"74,479,658","200,774,423"
2012,Newfoundland and Labrador,Shellfish,Clams / quahaug,x,x
2012,Newfoundland and Labrador,Shellfish,"Crab, Other",x,x
2012,Newfoundland and Labrador,Shellfish,"Crab, Queen","50,462,112","216,920,941"
2012,Newfoundland and Labrador,Shellfish,Lobster,"2,123,203","19,354,673"
2012,Newfoundland and Labrador,Shellfish,Other shellfish,"5,116,995","7,205,718"
2012,Newfoundland and Labrador,Shellfish,Scallop,"1,580,693","3,040,761"
2012,Newfoundland and Labrador,Shellfish,Sea cucumber,"1,120,559","863,985"
2012,Newfoundland and Labrador,Shellfish,Sea urchin,"518,644","972,269"
2012,Newfoundland and Labrador,Shellfish,Shrimp,"102,677,516","247,782,553"
2012,Newfoundland and Labrador,Shellfish,Total shellfish,"187,367,031","535,265,606"
2012,Newfoundland and Labrador,Pelagics,Alewife,0,0
2012,Newfoundland and Labrador,Pelagics,Capelin,"31,152,828","6,656,167"
2012,Newfoundland and Labrador,Pelagics,Eel,"63,934","434,033"
2012,Newfoundland and Labrador,Pelagics,Elvers,0,0
2012,Newfoundland and Labrador,Pelagics,Herring,"24,918,453","8,239,488"
2012,Newfoundland and Labrador,Pelagics,Mackerel,"2,619,152","1,988,533"
2012,Newfoundland and Labrador,Pelagics,Other pelagic/finfish,x,x
2012,Newfoundland and Labrador,Pelagics,Salmon,0,0
2012,Newfoundland and Labrador,Pelagics,Shark,x,x
2012,Newfoundland and Labrador,Pelagics,Silversides,0,0
2012,Newfoundland and Labrador,Pelagics,Swordfish,0,0
2012,Newfoundland and Labrador,Pelagics,Total pelagics,"58,792,148","17,569,075"
2012,Newfoundland and Labrador,Pelagics,Tuna,"25,983","230,913"
2012,Newfoundland and Labrador,Other,Marine plants,0,0
2012,Newfoundland and Labrador,Other,Miscellaneous,"214,382","1,674,640"
2012,Newfoundland and Labrador,Other,Total other,"214,382","1,674,640"
2012,Newfoundland and Labrador,Groundfish,Cod,"8,334,298","9,425,439"
2012,Newfoundland and Labrador,Groundfish,Flatfishes,"2,971,237","3,889,336"
2012,Newfoundland and Labrador,Groundfish,Greenland turbot,"10,512,186","50,208,695"
2012,Newfoundland and Labrador,Groundfish,Haddock,"105,630","104,983"
2012,Newfoundland and Labrador,Groundfish,Hake,"254,509","221,678"
2012,Newfoundland and Labrador,Groundfish,Halibut,"626,391","5,149,681"
2012,Newfoundland and Labrador,Groundfish,Other groundfish,"1,975,175","6,742,576"
2012,Newfoundland and Labrador,Groundfish,Pollock,"338,995","215,474"
2012,Newfoundland and Labrador,Groundfish,Redfish spp.,"1,330,110","2,250,052"
2012,Newfoundland and Labrador,Groundfish,Skate,"550,671","226,322"
2012,Newfoundland and Labrador,Groundfish,Total groundfish,"26,999,202","78,434,235"
2012,Newfoundland and Labrador,Grand total,Grand total,"273,372,763","632,943,557"
2012,Nova Scotia,Shellfish,Clams / quahaug,"1,221,272","2,284,255"
2012,Nova Scotia,Shellfish,"Crab, Other","1,064,538","1,148,901"
2012,Nova Scotia,Shellfish,"Crab, Queen","17,927,490","90,828,356"
2012,Nova Scotia,Shellfish,Lobster,"43,048,803","382,200,944"
2012,Nova Scotia,Shellfish,Other shellfish,x,x
2012,Nova Scotia,Shellfish,Scallop,"48,708,185","103,978,426"
2012,Nova Scotia,Shellfish,Sea cucumber,x,x
2012,Nova Scotia,Shellfish,Sea urchin,"329,561","955,984"
2012,Nova Scotia,Shellfish,Shrimp,"21,368,297","52,926,804"
2012,Nova Scotia,Shellfish,Total shellfish,"135,939,296","635,622,335"
2012,Nova Scotia,Pelagics,Alewife,"568,824","411,672"
2012,Nova Scotia,Pelagics,Capelin,0,0
2012,Nova Scotia,Pelagics,Eel,x,x
2012,Nova Scotia,Pelagics,Elvers,x,x
2012,Nova Scotia,Pelagics,Herring,"46,612,168","15,797,524"
2012,Nova Scotia,Pelagics,Mackerel,"682,772","878,523"
2012,Nova Scotia,Pelagics,Other pelagic/finfish,"27,704","109,256"
2012,Nova Scotia,Pelagics,Salmon,0,0
2012,Nova Scotia,Pelagics,Shark,"66,278","103,086"
2012,Nova Scotia,Pelagics,Silversides,x,x
2012,Nova Scotia,Pelagics,Swordfish,"1,484,765","10,631,496"
2012,Nova Scotia,Pelagics,Total pelagics,"50,262,936","55,589,935"
2012,Nova Scotia,Pelagics,Tuna,"574,410","8,578,837"
2012,Nova Scotia,Other,Marine plants,x,x
2012,Nova Scotia,Other,Miscellaneous,x,x
2012,Nova Scotia,Other,Total other,"452,418","148,495"
2012,Nova Scotia,Groundfish,Cod,"2,151,299","4,490,624"
2012,Nova Scotia,Groundfish,Flatfishes,"1,731,421","2,628,238"
2012,Nova Scotia,Groundfish,Greenland turbot,"61,485","77,628"
2012,Nova Scotia,Groundfish,Haddock,"9,223,911","19,974,941"
2012,Nova Scotia,Groundfish,Hake,"11,345,078","8,481,006"
2012,Nova Scotia,Groundfish,Halibut,"1,790,672","21,794,078"
2012,Nova Scotia,Groundfish,Other groundfish,"4,314,225","4,438,885"
2012,Nova Scotia,Groundfish,Pollock,"5,437,712","5,834,112"
2012,Nova Scotia,Groundfish,Redfish spp.,"13,219,952","9,179,950"
2012,Nova Scotia,Groundfish,Skate,"272,714","189,403"
2012,Nova Scotia,Groundfish,Total groundfish,"49,548,469","77,088,865"
2012,Nova Scotia,Grand total,Grand total,"236,203,119","768,449,629"
2012,Prince Edward Island,Shellfish,Clams / quahaug,"1,185,360","2,031,479"
2012,Prince Edward Island,Shellfish,"Crab, Other",x,x
2012,Prince Edward Island,Shellfish,"Crab, Queen","1,713,541","9,441,561"
2012,Prince Edward Island,Shellfish,Lobster,"12,147,183","112,421,369"
2012,Prince Edward Island,Shellfish,Other shellfish,"1,627,922","4,443,865"
2012,Prince Edward Island,Shellfish,Scallop,x,x
2012,Prince Edward Island,Shellfish,Sea cucumber,0,0
2012,Prince Edward Island,Shellfish,Sea urchin,0,0
2012,Prince Edward Island,Shellfish,Shrimp,0,0
2012,Prince Edward Island,Shellfish,Total shellfish,"19,097,766","131,390,233"
2012,Prince Edward Island,Pelagics,Alewife,"95,616","128,069"
2012,Prince Edward Island,Pelagics,Capelin,0,0
2012,Prince Edward Island,Pelagics,Eel,"127,757","984,890"
2012,Prince Edward Island,Pelagics,Elvers,0,0
2012,Prince Edward Island,Pelagics,Herring,"9,039,943","5,467,347"
2012,Prince Edward Island,Pelagics,Mackerel,"1,464,564","1,356,072"
2012,Prince Edward Island,Pelagics,Other pelagic/finfish,"8,478","18,234"
2012,Prince Edward Island,Pelagics,Salmon,0,0
2012,Prince Edward Island,Pelagics,Shark,0,0
2012,Prince Edward Island,Pelagics,Silversides,x,x
2012,Prince Edward Island,Pelagics,Swordfish,0,0
2012,Prince Edward Island,Pelagics,Total pelagics,"11,092,862","10,820,848"
2012,Prince Edward Island,Pelagics,Tuna,"154,955","2,535,035"
2012,Prince Edward Island,Other,Marine plants,"2,008,545","546,233"
2012,Prince Edward Island,Other,Miscellaneous,0,0
2012,Prince Edward Island,Other,Total other,"2,008,545","546,233"
2012,Prince Edward Island,Groundfish,Cod,"33,520","82,751"
2012,Prince Edward Island,Groundfish,Flatfishes,x,x
2012,Prince Edward Island,Groundfish,Greenland turbot,0,0
2012,Prince Edward Island,Groundfish,Haddock,0,0
2012,Prince Edward Island,Groundfish,Hake,x,x
2012,Prince Edward Island,Groundfish,Halibut,"24,278","244,929"
2012,Prince Edward Island,Groundfish,Other groundfish,x,x
2012,Prince Edward Island,Groundfish,Pollock,0,0
2012,Prince Edward Island,Groundfish,Redfish spp.,0,0
2012,Prince Edward Island,Groundfish,Skate,0,0
2012,Prince Edward Island,Groundfish,Total groundfish,"131,085","474,577"
2012,Prince Edward Island,Grand total,Grand total,"32,330,258","143,231,891"
2012,Quebec,Shellfish,Clams / quahaug,"1,025,743","942,675"
2012,Quebec,Shellfish,"Crab, Other","1,722,188","1,661,408"
2012,Quebec,Shellfish,"Crab, Queen","13,527,629","61,160,248"
2012,Quebec,Shellfish,Lobster,"3,986,883","41,602,479"
2012,Quebec,Shellfish,Other shellfish,"1,431,780","1,776,295"
2012,Quebec,Shellfish,Scallop,x,x
2012,Quebec,Shellfish,Sea cucumber,x,x
2012,Quebec,Shellfish,Sea urchin,"686,641","1,636,158"
2012,Quebec,Shellfish,Shrimp,"18,741,510","33,922,759"
2012,Quebec,Shellfish,Total shellfish,"43,244,250","145,187,762"
2012,Quebec,Pelagics,Alewife,0,0
2012,Quebec,Pelagics,Capelin,x,x
2012,Quebec,Pelagics,Eel,x,x
2012,Quebec,Pelagics,Elvers,0,0
2012,Quebec,Pelagics,Herring,"7,952,321","3,196,644"
2012,Quebec,Pelagics,Mackerel,"1,177,244","819,766"
2012,Quebec,Pelagics,Other pelagic/finfish,x,x
2012,Quebec,Pelagics,Salmon,0,0
2012,Quebec,Pelagics,Shark,x,x
2012,Quebec,Pelagics,Silversides,0,0
2012,Quebec,Pelagics,Swordfish,0,0
2012,Quebec,Pelagics,Total pelagics,"9,614,671","4,183,953"
2012,Quebec,Pelagics,Tuna,"6,085","91,782"
2012,Quebec,Other,Marine plants,x,x
2012,Quebec,Other,Miscellaneous,0,0
2012,Quebec,Other,Total other,1,0
2012,Quebec,Groundfish,Cod,"474,233","618,919"
2012,Quebec,Groundfish,Flatfishes,"503,529","887,721"
2012,Quebec,Groundfish,Greenland turbot,x,x
2012,Quebec,Groundfish,Haddock,0,0
2012,Quebec,Groundfish,Hake,"13,707","8,000"
2012,Quebec,Groundfish,Halibut,"376,811","3,076,303"
2012,Quebec,Groundfish,Other groundfish,x,x
2012,Quebec,Groundfish,Pollock,x,x
2012,Quebec,Groundfish,Redfish spp.,x,x
2012,Quebec,Groundfish,Skate,"2,521","1,209"
2012,Quebec,Groundfish,Total groundfish,"4,677,575","12,742,800"
2012,Quebec,Grand total,Grand total,"57,536,497","162,114,514"
2013,Atlantic,Shellfish,Clams / quahaug,"28,154,156","46,323,980"
2013,Atlantic,Shellfish,"Crab, Other","5,672,424","6,161,120"
2013,Atlantic,Shellfish,"Crab, Queen","98,065,111","434,169,689"
2013,Atlantic,Shellfish,Lobster,"74,686,286","680,476,403"
2013,Atlantic,Shellfish,Other shellfish,"9,051,344","16,973,033"
2013,Atlantic,Shellfish,Scallop,"64,683,899","171,076,967"
2013,Atlantic,Shellfish,Sea cucumber,"4,870,881","2,861,026"
2013,Atlantic,Shellfish,Sea urchin,"2,539,915","7,412,087"
2013,Atlantic,Shellfish,Shrimp,"148,283,125","342,261,041"
2013,Atlantic,Shellfish,Total shellfish,"436,007,141","1,707,715,349"
2013,Atlantic,Pelagics,Alewife,"1,316,761","984,607"
2013,Atlantic,Pelagics,Capelin,"30,309,897","6,069,050"
2013,Atlantic,Pelagics,Eel,"352,175","1,998,192"
2013,Atlantic,Pelagics,Elvers,"5,413","26,269,163"
2013,Atlantic,Pelagics,Herring,"126,101,878","46,167,100"
2013,Atlantic,Pelagics,Mackerel,"8,565,823","5,482,158"
2013,Atlantic,Pelagics,Other pelagic/finfish,"475,997","960,326"
2013,Atlantic,Pelagics,Salmon,0,0
2013,Atlantic,Pelagics,Shark,"61,476","122,181"
2013,Atlantic,Pelagics,Silversides,"457,970","755,913"
2013,Atlantic,Pelagics,Swordfish,"1,505,411","12,302,107"
2013,Atlantic,Pelagics,Total pelagics,"169,938,270","111,112,397"
2013,Atlantic,Pelagics,Tuna,"785,469","10,001,600"
2013,Atlantic,Other,Marine plants,"14,842,137","1,490,655"
2013,Atlantic,Other,Miscellaneous,"427,554","2,897,424"
2013,Atlantic,Other,Total other,"15,269,691","4,388,079"
2013,Atlantic,Groundfish,Cod,"10,517,556","11,996,593"
2013,Atlantic,Groundfish,Flatfishes,"12,826,650","19,386,100"
2013,Atlantic,Groundfish,Greenland turbot,"12,763,183","56,292,972"
2013,Atlantic,Groundfish,Haddock,"8,285,952","12,015,473"
2013,Atlantic,Groundfish,Hake,"9,270,106","7,066,200"
2013,Atlantic,Groundfish,Halibut,"3,269,485","38,254,074"
2013,Atlantic,Groundfish,Other groundfish,"6,349,997","12,367,126"
2013,Atlantic,Groundfish,Pollock,"3,865,741","3,832,325"
2013,Atlantic,Groundfish,Redfish spp.,"9,408,988","11,004,914"
2013,Atlantic,Groundfish,Skate,"300,777","160,349"
2013,Atlantic,Groundfish,Total groundfish,"76,858,435","172,376,126"
2013,Atlantic,Grand total,Grand total,"698,073,537","1,995,591,951"
2013,British Columbia,Shellfish,Clams / quahaug,"1,771,000","34,469,000"
2013,British Columbia,Shellfish,"Crab, Other","3,031,000","31,478,000"
2013,British Columbia,Shellfish,"Crab, Queen",0,0
2013,British Columbia,Shellfish,Lobster,0,0
2013,British Columbia,Shellfish,Other shellfish,"1,112,000","18,906,000"
2013,British Columbia,Shellfish,Scallop,"1,000","4,000"
2013,British Columbia,Shellfish,Sea cucumber,0,0
2013,British Columbia,Shellfish,Sea urchin,"1,858,000","2,631,000"
2013,British Columbia,Shellfish,Shrimp,"533,000","2,165,000"
2013,British Columbia,Shellfish,Total shellfish,"8,306,000","89,653,000"
2013,British Columbia,Pelagics,Alewife,0,0
2013,British Columbia,Pelagics,Capelin,0,0
2013,British Columbia,Pelagics,Eel,0,0
2013,British Columbia,Pelagics,Elvers,0,0
2013,British Columbia,Pelagics,Herring,"14,032,000","7,725,000"
2013,British Columbia,Pelagics,Mackerel,"8,000","3,000"
2013,British Columbia,Pelagics,Other pelagic/finfish,"60,000","121,000"
2013,British Columbia,Pelagics,Salmon,"17,706,000","23,967,000"
2013,British Columbia,Pelagics,Shark,0,0
2013,British Columbia,Pelagics,Silversides,0,0
2013,British Columbia,Pelagics,Swordfish,0,0
2013,British Columbia,Pelagics,Total pelagics,"34,774,000","45,433,000"
2013,British Columbia,Pelagics,Tuna,"2,968,000","13,617,000"
2013,British Columbia,Other,Marine plants,0,0
2013,British Columbia,Other,Miscellaneous,"14,000","84,000"
2013,British Columbia,Other,Total other,"14,000","84,000"
2013,British Columbia,Groundfish,Cod,"1,262,000","1,757,000"
2013,British Columbia,Groundfish,Flatfishes,"12,850,000","9,085,000"
2013,British Columbia,Groundfish,Greenland turbot,0,0
2013,British Columbia,Groundfish,Haddock,0,0
2013,British Columbia,Groundfish,Hake,"53,887,000","16,659,000"
2013,British Columbia,Groundfish,Halibut,"3,740,000","44,491,000"
2013,British Columbia,Groundfish,Other groundfish,"3,960,000","22,672,000"
2013,British Columbia,Groundfish,Pollock,"3,439,000","2,351,000"
2013,British Columbia,Groundfish,Redfish spp.,"17,253,000","23,091,000"
2013,British Columbia,Groundfish,Skate,"930,000","872,000"
2013,British Columbia,Groundfish,Total groundfish,"97,321,000","120,978,000"
2013,British Columbia,Grand total,Grand total,"140,415,000","256,148,000"
2013,Canada,Shellfish,Clams / quahaug,"29,925,156","80,792,980"
2013,Canada,Shellfish,"Crab, Other","8,703,424","37,639,120"
2013,Canada,Shellfish,"Crab, Queen","98,065,111","434,169,689"
2013,Canada,Shellfish,Lobster,"74,686,286","680,476,403"
2013,Canada,Shellfish,Other shellfish,"10,163,344","35,879,033"
2013,Canada,Shellfish,Scallop,"64,684,899","171,080,967"
2013,Canada,Shellfish,Sea cucumber,"4,870,881","2,861,026"
2013,Canada,Shellfish,Sea urchin,"4,397,915","10,043,087"
2013,Canada,Shellfish,Shrimp,"148,816,125","344,426,041"
2013,Canada,Shellfish,Total shellfish,"444,313,141","1,797,368,349"
2013,Canada,Pelagics,Alewife,"1,316,761","984,607"
2013,Canada,Pelagics,Capelin,"30,309,897","6,069,050"
2013,Canada,Pelagics,Eel,"352,175","1,998,192"
2013,Canada,Pelagics,Elvers,"5,413","26,269,163"
2013,Canada,Pelagics,Herring,"140,133,878","53,892,100"
2013,Canada,Pelagics,Mackerel,"8,573,823","5,485,158"
2013,Canada,Pelagics,Other pelagic/finfish,"535,997","1,081,326"
2013,Canada,Pelagics,Salmon,"17,706,000","23,967,000"
2013,Canada,Pelagics,Shark,"61,476","122,181"
2013,Canada,Pelagics,Silversides,"457,970","755,913"
2013,Canada,Pelagics,Swordfish,"1,505,411","12,302,107"
2013,Canada,Pelagics,Total pelagics,"204,712,270","156,545,397"
2013,Canada,Pelagics,Tuna,"3,753,469","23,618,600"
2013,Canada,Other,Marine plants,"14,842,137","1,490,655"
2013,Canada,Other,Miscellaneous,"441,554","2,981,424"
2013,Canada,Other,Total other,"15,283,691","4,472,079"
2013,Canada,Groundfish,Cod,"11,779,556","13,753,593"
2013,Canada,Groundfish,Flatfishes,"25,676,650","28,471,100"
2013,Canada,Groundfish,Greenland turbot,"12,763,183","56,292,972"
2013,Canada,Groundfish,Haddock,"8,285,952","12,015,473"
2013,Canada,Groundfish,Hake,"63,157,106","23,725,200"
2013,Canada,Groundfish,Halibut,"7,009,485","82,745,074"
2013,Canada,Groundfish,Other groundfish,"10,309,997","35,039,126"
2013,Canada,Groundfish,Pollock,"7,304,741","6,183,325"
2013,Canada,Groundfish,Redfish spp.,"26,661,988","34,095,914"
2013,Canada,Groundfish,Skate,"1,230,777","1,032,349"
2013,Canada,Groundfish,Total groundfish,"174,179,435","293,354,126"
2013,Canada,Grand total,Grand total,"838,488,537","2,251,739,951"
2013,New Brunswick,Shellfish,Clams / quahaug,x,x
2013,New Brunswick,Shellfish,"Crab, Other","1,501,275","1,652,685"
2013,New Brunswick,Shellfish,"Crab, Queen","11,112,979","55,228,375"
2013,New Brunswick,Shellfish,Lobster,"15,521,348","123,673,580"
2013,New Brunswick,Shellfish,Other shellfish,x,x
2013,New Brunswick,Shellfish,Scallop,"3,013,664","7,606,730"
2013,New Brunswick,Shellfish,Sea cucumber,x,x
2013,New Brunswick,Shellfish,Sea urchin,"1,041,255","3,568,924"
2013,New Brunswick,Shellfish,Shrimp,"5,675,944","7,204,791"
2013,New Brunswick,Shellfish,Total shellfish,"40,059,362","202,035,760"
2013,New Brunswick,Pelagics,Alewife,"790,585","666,446"
2013,New Brunswick,Pelagics,Capelin,0,0
2013,New Brunswick,Pelagics,Eel,"168,062","942,627"
2013,New Brunswick,Pelagics,Elvers,x,x
2013,New Brunswick,Pelagics,Herring,"33,907,725","14,211,391"
2013,New Brunswick,Pelagics,Mackerel,"765,675","625,635"
2013,New Brunswick,Pelagics,Other pelagic/finfish,"320,666","389,097"
2013,New Brunswick,Pelagics,Salmon,0,0
2013,New Brunswick,Pelagics,Shark,0,0
2013,New Brunswick,Pelagics,Silversides,0,0
2013,New Brunswick,Pelagics,Swordfish,0,0
2013,New Brunswick,Pelagics,Total pelagics,"35,963,653","23,693,452"
2013,New Brunswick,Pelagics,Tuna,x,x
2013,New Brunswick,Other,Marine plants,x,x
2013,New Brunswick,Other,Miscellaneous,0,0
2013,New Brunswick,Other,Total other,"12,232,429","638,366"
2013,New Brunswick,Groundfish,Cod,"7,103","15,431"
2013,New Brunswick,Groundfish,Flatfishes,x,x
2013,New Brunswick,Groundfish,Greenland turbot,x,x
2013,New Brunswick,Groundfish,Haddock,x,x
2013,New Brunswick,Groundfish,Hake,x,x
2013,New Brunswick,Groundfish,Halibut,"63,024","713,605"
2013,New Brunswick,Groundfish,Other groundfish,"30,626","13,168"
2013,New Brunswick,Groundfish,Pollock,x,x
2013,New Brunswick,Groundfish,Redfish spp.,x,x
2013,New Brunswick,Groundfish,Skate,0,0
2013,New Brunswick,Groundfish,Total groundfish,"116,307","752,393"
2013,New Brunswick,Grand total,Grand total,"88,371,751","227,119,971"
2013,Newfoundland and Labrador,Shellfish,Clams / quahaug,x,x
2013,Newfoundland and Labrador,Shellfish,"Crab, Other",x,x
2013,Newfoundland and Labrador,Shellfish,"Crab, Queen","50,633,660","219,457,796"
2013,Newfoundland and Labrador,Shellfish,Lobster,"2,200,375","17,525,704"
2013,Newfoundland and Labrador,Shellfish,Other shellfish,"5,452,295","7,564,936"
2013,Newfoundland and Labrador,Shellfish,Scallop,"1,474,346","3,281,443"
2013,Newfoundland and Labrador,Shellfish,Sea cucumber,"694,083","532,205"
2013,Newfoundland and Labrador,Shellfish,Sea urchin,"658,121","1,158,998"
2013,Newfoundland and Labrador,Shellfish,Shrimp,"97,200,984","237,262,769"
2013,Newfoundland and Labrador,Shellfish,Total shellfish,"182,469,352","526,893,370"
2013,Newfoundland and Labrador,Pelagics,Alewife,0,0
2013,Newfoundland and Labrador,Pelagics,Capelin,"30,019,008","6,021,313"
2013,Newfoundland and Labrador,Pelagics,Eel,"37,458","196,070"
2013,Newfoundland and Labrador,Pelagics,Elvers,0,0
2013,Newfoundland and Labrador,Pelagics,Herring,"29,569,048","8,149,279"
2013,Newfoundland and Labrador,Pelagics,Mackerel,"5,169,486","2,836,462"
2013,Newfoundland and Labrador,Pelagics,Other pelagic/finfish,x,x
2013,Newfoundland and Labrador,Pelagics,Salmon,0,0
2013,Newfoundland and Labrador,Pelagics,Shark,x,x
2013,Newfoundland and Labrador,Pelagics,Silversides,0,0
2013,Newfoundland and Labrador,Pelagics,Swordfish,0,0
2013,Newfoundland and Labrador,Pelagics,Total pelagics,"64,844,228","17,420,708"
2013,Newfoundland and Labrador,Pelagics,Tuna,"26,868","174,775"
2013,Newfoundland and Labrador,Other,Marine plants,0,0
2013,Newfoundland and Labrador,Other,Miscellaneous,"427,516","2,897,291"
2013,Newfoundland and Labrador,Other,Total other,"427,516","2,897,291"
2013,Newfoundland and Labrador,Groundfish,Cod,"8,225,055","8,214,519"
2013,Newfoundland and Labrador,Groundfish,Flatfishes,"9,901,645","14,697,331"
2013,Newfoundland and Labrador,Groundfish,Greenland turbot,"10,777,113","50,256,583"
2013,Newfoundland and Labrador,Groundfish,Haddock,"81,751","77,647"
2013,Newfoundland and Labrador,Groundfish,Hake,"280,788","232,506"
2013,Newfoundland and Labrador,Groundfish,Halibut,"646,282","5,576,098"
2013,Newfoundland and Labrador,Groundfish,Other groundfish,"1,908,800","7,539,801"
2013,Newfoundland and Labrador,Groundfish,Pollock,"148,647","92,552"
2013,Newfoundland and Labrador,Groundfish,Redfish spp.,"2,992,590","5,906,618"
2013,Newfoundland and Labrador,Groundfish,Skate,"153,428","41,931"
2013,Newfoundland and Labrador,Groundfish,Total groundfish,"35,116,099","92,635,586"
2013,Newfoundland and Labrador,Grand total,Grand total,"282,857,195","639,846,956"
2013,Nova Scotia,Shellfish,Clams / quahaug,"1,094,183","2,168,777"
2013,Nova Scotia,Shellfish,"Crab, Other",x,x
2013,Nova Scotia,Shellfish,"Crab, Queen","18,466,576","75,707,029"
2013,Nova Scotia,Shellfish,Lobster,"39,720,687","414,183,973"
2013,Nova Scotia,Shellfish,Other shellfish,x,x
2013,Nova Scotia,Shellfish,Scallop,"59,176,256","157,547,347"
2013,Nova Scotia,Shellfish,Sea cucumber,x,x
2013,Nova Scotia,Shellfish,Sea urchin,"266,133","903,885"
2013,Nova Scotia,Shellfish,Shrimp,"24,745,141","66,440,779"
2013,Nova Scotia,Shellfish,Total shellfish,"146,502,566","719,447,899"
2013,Nova Scotia,Pelagics,Alewife,"486,552","267,348"
2013,Nova Scotia,Pelagics,Capelin,0,0
2013,Nova Scotia,Pelagics,Eel,x,x
2013,Nova Scotia,Pelagics,Elvers,x,x
2013,Nova Scotia,Pelagics,Herring,"46,296,058","17,239,866"
2013,Nova Scotia,Pelagics,Mackerel,"449,810","319,479"
2013,Nova Scotia,Pelagics,Other pelagic/finfish,"46,125","196,757"
2013,Nova Scotia,Pelagics,Salmon,0,0
2013,Nova Scotia,Pelagics,Shark,"61,263","121,746"
2013,Nova Scotia,Pelagics,Silversides,x,x
2013,Nova Scotia,Pelagics,Swordfish,"1,505,411","12,302,107"
2013,Nova Scotia,Pelagics,Total pelagics,"49,546,685","57,540,575"
2013,Nova Scotia,Pelagics,Tuna,"589,251","7,262,829"
2013,Nova Scotia,Other,Marine plants,x,x
2013,Nova Scotia,Other,Miscellaneous,x,x
2013,Nova Scotia,Other,Total other,"332,054","107,694"
2013,Nova Scotia,Groundfish,Cod,"1,846,184","3,153,907"
2013,Nova Scotia,Groundfish,Flatfishes,"2,475,299","3,610,390"
2013,Nova Scotia,Groundfish,Greenland turbot,"40,007","64,688"
2013,Nova Scotia,Groundfish,Haddock,"8,204,043","11,937,612"
2013,Nova Scotia,Groundfish,Hake,"8,977,393","6,826,696"
2013,Nova Scotia,Groundfish,Halibut,"2,121,039","28,410,768"
2013,Nova Scotia,Groundfish,Other groundfish,"4,380,877","4,807,849"
2013,Nova Scotia,Groundfish,Pollock,"3,716,274","3,739,320"
2013,Nova Scotia,Groundfish,Redfish spp.,"6,188,885","4,911,766"
2013,Nova Scotia,Groundfish,Skate,"145,505","117,715"
2013,Nova Scotia,Groundfish,Total groundfish,"38,095,506","67,580,712"
2013,Nova Scotia,Grand total,Grand total,"234,476,811","844,676,881"
2013,Prince Edward Island,Shellfish,Clams / quahaug,"897,339","1,405,338"
2013,Prince Edward Island,Shellfish,"Crab, Other","1,852,786","1,989,127"
2013,Prince Edward Island,Shellfish,"Crab, Queen","1,960,470","9,743,496"
2013,Prince Edward Island,Shellfish,Lobster,"12,956,834","85,787,229"
2013,Prince Edward Island,Shellfish,Other shellfish,"1,640,547","5,923,095"
2013,Prince Edward Island,Shellfish,Scallop,"423,575","1,007,543"
2013,Prince Edward Island,Shellfish,Sea cucumber,0,0
2013,Prince Edward Island,Shellfish,Sea urchin,0,0
2013,Prince Edward Island,Shellfish,Shrimp,0,0
2013,Prince Edward Island,Shellfish,Total shellfish,"19,731,551","105,855,828"
2013,Prince Edward Island,Pelagics,Alewife,"39,624","50,814"
2013,Prince Edward Island,Pelagics,Capelin,x,x
2013,Prince Edward Island,Pelagics,Eel,"114,932","659,091"
2013,Prince Edward Island,Pelagics,Elvers,0,0
2013,Prince Edward Island,Pelagics,Herring,"7,902,074","3,639,206"
2013,Prince Edward Island,Pelagics,Mackerel,"825,309","621,957"
2013,Prince Edward Island,Pelagics,Other pelagic/finfish,x,x
2013,Prince Edward Island,Pelagics,Salmon,0,0
2013,Prince Edward Island,Pelagics,Shark,0,0
2013,Prince Edward Island,Pelagics,Silversides,x,x
2013,Prince Edward Island,Pelagics,Swordfish,0,0
2013,Prince Edward Island,Pelagics,Total pelagics,"9,422,242","7,917,989"
2013,Prince Edward Island,Pelagics,Tuna,"152,728","2,305,422"
2013,Prince Edward Island,Other,Marine plants,"2,277,692","744,727"
2013,Prince Edward Island,Other,Miscellaneous,0,0
2013,Prince Edward Island,Other,Total other,"2,277,692","744,727"
2013,Prince Edward Island,Groundfish,Cod,"10,123","22,158"
2013,Prince Edward Island,Groundfish,Flatfishes,x,x
2013,Prince Edward Island,Groundfish,Greenland turbot,0,0
2013,Prince Edward Island,Groundfish,Haddock,0,0
2013,Prince Edward Island,Groundfish,Hake,x,x
2013,Prince Edward Island,Groundfish,Halibut,"36,977","382,426"
2013,Prince Edward Island,Groundfish,Other groundfish,0,0
2013,Prince Edward Island,Groundfish,Pollock,0,0
2013,Prince Edward Island,Groundfish,Redfish spp.,0,0
2013,Prince Edward Island,Groundfish,Skate,0,0
2013,Prince Edward Island,Groundfish,Total groundfish,"93,127","502,750"
2013,Prince Edward Island,Grand total,Grand total,"31,524,612","115,021,294"
2013,Quebec,Shellfish,Clams / quahaug,"1,235,273","1,224,980"
2013,Quebec,Shellfish,"Crab, Other","1,401,587","1,479,267"
2013,Quebec,Shellfish,"Crab, Queen","15,891,426","74,032,994"
2013,Quebec,Shellfish,Lobster,"4,287,042","39,305,917"
2013,Quebec,Shellfish,Other shellfish,"1,444,788","1,804,743"
2013,Quebec,Shellfish,Scallop,"596,058","1,633,905"
2013,Quebec,Shellfish,Sea cucumber,"1,152,674","867,704"
2013,Quebec,Shellfish,Sea urchin,"574,406","1,780,281"
2013,Quebec,Shellfish,Shrimp,"20,661,056","31,352,701"
2013,Quebec,Shellfish,Total shellfish,"47,244,310","153,482,492"
2013,Quebec,Pelagics,Alewife,0,0
2013,Quebec,Pelagics,Capelin,x,x
2013,Quebec,Pelagics,Eel,x,x
2013,Quebec,Pelagics,Elvers,0,0
2013,Quebec,Pelagics,Herring,"8,426,973","2,927,359"
2013,Quebec,Pelagics,Mackerel,"1,355,543","1,078,625"
2013,Quebec,Pelagics,Other pelagic/finfish,x,x
2013,Quebec,Pelagics,Salmon,0,0
2013,Quebec,Pelagics,Shark,x,x
2013,Quebec,Pelagics,Silversides,0,0
2013,Quebec,Pelagics,Swordfish,0,0
2013,Quebec,Pelagics,Total pelagics,"10,161,462","4,539,673"
2013,Quebec,Pelagics,Tuna,x,x
2013,Quebec,Other,Marine plants,0,0
2013,Quebec,Other,Miscellaneous,0,0
2013,Quebec,Other,Total other,0,0
2013,Quebec,Groundfish,Cod,"429,091","590,578"
2013,Quebec,Groundfish,Flatfishes,"401,678","977,300"
2013,Quebec,Groundfish,Greenland turbot,x,x
2013,Quebec,Groundfish,Haddock,x,x
2013,Quebec,Groundfish,Hake,"10,775","6,236"
2013,Quebec,Groundfish,Halibut,"402,163","3,171,177"
2013,Quebec,Groundfish,Other groundfish,"29,694","6,307"
2013,Quebec,Groundfish,Pollock,x,x
2013,Quebec,Groundfish,Redfish spp.,x,x
2013,Quebec,Groundfish,Skate,"1,844",703
2013,Quebec,Groundfish,Total groundfish,"3,437,396","10,904,684"
2013,Quebec,Grand total,Grand total,"60,843,168","168,926,849"
2014,Atlantic,Shellfish,Clams / quahaug,"27,968,002","53,464,809"
2014,Atlantic,Shellfish,"Crab, Other","5,276,508","6,308,434"
2014,Atlantic,Shellfish,"Crab, Queen","96,103,327","533,698,467"
2014,Atlantic,Shellfish,Lobster,"92,779,032","942,356,083"
2014,Atlantic,Shellfish,Other shellfish,"5,031,087","9,902,720"
2014,Atlantic,Shellfish,Scallop,"69,744,957","177,814,070"
2014,Atlantic,Shellfish,Sea cucumber,"5,379,332","5,073,189"
2014,Atlantic,Shellfish,Sea urchin,"2,377,018","7,750,560"
2014,Atlantic,Shellfish,Shrimp,"129,657,832","369,112,689"
2014,Atlantic,Shellfish,Total shellfish,"434,317,095","2,105,481,021"
2014,Atlantic,Pelagics,Alewife,"1,561,796","1,326,654"
2014,Atlantic,Pelagics,Capelin,"28,867,481","9,162,183"
2014,Atlantic,Pelagics,Eel,"311,247","1,570,394"
2014,Atlantic,Pelagics,Elvers,"4,284","9,570,912"
2014,Atlantic,Pelagics,Herring,"114,610,380","39,354,550"
2014,Atlantic,Pelagics,Mackerel,"6,540,019","4,961,748"
2014,Atlantic,Pelagics,Other pelagic/finfish,"182,870","256,846"
2014,Atlantic,Pelagics,Salmon,0,0
2014,Atlantic,Pelagics,Shark,"64,098","167,540"
2014,Atlantic,Pelagics,Silversides,"448,940","688,522"
2014,Atlantic,Pelagics,Swordfish,"1,609,450","12,637,130"
2014,Atlantic,Pelagics,Total pelagics,"154,963,730","88,527,445"
2014,Atlantic,Pelagics,Tuna,"763,165","8,830,967"
2014,Atlantic,Other,Marine plants,"14,359,881","1,281,947"
2014,Atlantic,Other,Miscellaneous,"271,909","1,885,169"
2014,Atlantic,Other,Total other,"14,631,790","3,167,116"
2014,Atlantic,Groundfish,Cod,"13,001,416","17,480,969"
2014,Atlantic,Groundfish,Flatfishes,"10,750,825","14,637,286"
2014,Atlantic,Groundfish,Greenland turbot,"14,312,164","64,244,200"
2014,Atlantic,Groundfish,Haddock,"16,036,601","20,942,420"
2014,Atlantic,Groundfish,Hake,"8,451,478","7,049,018"
2014,Atlantic,Groundfish,Halibut,"3,616,862","43,178,120"
2014,Atlantic,Groundfish,Other groundfish,"4,087,860","10,381,929"
2014,Atlantic,Groundfish,Pollock,"3,203,768","3,365,428"
2014,Atlantic,Groundfish,Redfish spp.,"8,948,459","8,867,946"
2014,Atlantic,Groundfish,Skate,"313,779","119,127"
2014,Atlantic,Groundfish,Total groundfish,"82,723,212","190,266,444"
2014,Atlantic,Grand total,Grand total,"686,635,827","2,387,442,026"
2014,British Columbia,Shellfish,Clams / quahaug,"1,866,246","41,590,519"
2014,British Columbia,Shellfish,"Crab, Other","3,861,519","46,669,572"
2014,British Columbia,Shellfish,"Crab, Queen",0,0
2014,British Columbia,Shellfish,Lobster,0,0
2014,British Columbia,Shellfish,Other shellfish,"75,000","216,193"
2014,British Columbia,Shellfish,Scallop,0,0
2014,British Columbia,Shellfish,Sea cucumber,"1,688,399","6,817,296"
2014,British Columbia,Shellfish,Sea urchin,"3,849,941","5,396,428"
2014,British Columbia,Shellfish,Shrimp,"2,142,803","34,904,733"
2014,British Columbia,Shellfish,Total shellfish,"13,483,908","135,594,741"
2014,British Columbia,Pelagics,Alewife,0,0
2014,British Columbia,Pelagics,Capelin,0,0
2014,British Columbia,Pelagics,Eel,0,0
2014,British Columbia,Pelagics,Elvers,0,0
2014,British Columbia,Pelagics,Herring,"23,176,948","11,579,000"
2014,British Columbia,Pelagics,Mackerel,0,0
2014,British Columbia,Pelagics,Other pelagic/finfish,0,0
2014,British Columbia,Pelagics,Salmon,"35,473,348","109,168,954"
2014,British Columbia,Pelagics,Shark,0,0
2014,British Columbia,Pelagics,Silversides,0,0
2014,British Columbia,Pelagics,Swordfish,0,0
2014,British Columbia,Pelagics,Total pelagics,"63,430,296","135,662,051"
2014,British Columbia,Pelagics,Tuna,"4,780,000","14,914,097"
2014,British Columbia,Other,Marine plants,0,0
2014,British Columbia,Other,Miscellaneous,0,0
2014,British Columbia,Other,Total other,0,0
2014,British Columbia,Groundfish,Cod,"1,260,270","1,607,771"
2014,British Columbia,Groundfish,Flatfishes,"15,561,072","6,769,851"
2014,British Columbia,Groundfish,Greenland turbot,0,0
2014,British Columbia,Groundfish,Haddock,0,0
2014,British Columbia,Groundfish,Hake,"37,436,930","9,053,872"
2014,British Columbia,Groundfish,Halibut,"3,618,888","51,050,850"
2014,British Columbia,Groundfish,Other groundfish,"3,550,956","23,965,422"
2014,British Columbia,Groundfish,Pollock,"7,600,782","2,492,459"
2014,British Columbia,Groundfish,Redfish spp.,"16,178,902","23,584,638"
2014,British Columbia,Groundfish,Skate,"846,641","760,401"
2014,British Columbia,Groundfish,Total groundfish,"86,054,442","119,285,264"
2014,British Columbia,Grand total,Grand total,"162,968,646","390,542,056"
2014,Canada,Shellfish,Clams / quahaug,"29,834,248","95,055,328"
2014,Canada,Shellfish,"Crab, Other","9,138,027","52,978,005"
2014,Canada,Shellfish,"Crab, Queen","96,103,327","533,698,467"
2014,Canada,Shellfish,Lobster,"92,779,032","942,356,083"
2014,Canada,Shellfish,Other shellfish,"5,106,087","10,118,914"
2014,Canada,Shellfish,Scallop,"69,744,957","177,814,070"
2014,Canada,Shellfish,Sea cucumber,"7,067,731","11,890,485"
2014,Canada,Shellfish,Sea urchin,"6,226,959","13,146,988"
2014,Canada,Shellfish,Shrimp,"131,800,635","404,017,422"
2014,Canada,Shellfish,Total shellfish,"447,801,003","2,241,075,763"
2014,Canada,Pelagics,Alewife,"1,561,796","1,326,654"
2014,Canada,Pelagics,Capelin,"28,867,481","9,162,183"
2014,Canada,Pelagics,Eel,"311,247","1,570,394"
2014,Canada,Pelagics,Elvers,"4,284","9,570,912"
2014,Canada,Pelagics,Herring,"137,787,328","50,933,550"
2014,Canada,Pelagics,Mackerel,"6,540,019","4,961,748"
2014,Canada,Pelagics,Other pelagic/finfish,"182,870","256,846"
2014,Canada,Pelagics,Salmon,"35,473,348","109,168,954"
2014,Canada,Pelagics,Shark,"64,098","167,540"
2014,Canada,Pelagics,Silversides,"448,940","688,522"
2014,Canada,Pelagics,Swordfish,"1,609,450","12,637,130"
2014,Canada,Pelagics,Total pelagics,"218,394,026","224,189,496"
2014,Canada,Pelagics,Tuna,"5,543,165","23,745,064"
2014,Canada,Other,Marine plants,"14,359,881","1,281,947"
2014,Canada,Other,Miscellaneous,"271,909","1,885,169"
2014,Canada,Other,Total other,"14,631,790","3,167,116"
2014,Canada,Groundfish,Cod,"14,261,686","19,088,740"
2014,Canada,Groundfish,Flatfishes,"26,311,897","21,407,137"
2014,Canada,Groundfish,Greenland turbot,"14,312,164","64,244,200"
2014,Canada,Groundfish,Haddock,"16,036,601","20,942,420"
2014,Canada,Groundfish,Hake,"45,888,408","16,102,891"
2014,Canada,Groundfish,Halibut,"7,235,750","94,228,971"
2014,Canada,Groundfish,Other groundfish,"7,638,816","34,347,351"
2014,Canada,Groundfish,Pollock,"10,804,550","5,857,887"
2014,Canada,Groundfish,Redfish spp.,"25,127,361","32,452,584"
2014,Canada,Groundfish,Skate,"1,160,420","879,528"
2014,Canada,Groundfish,Total groundfish,"168,777,654","309,551,708"
2014,Canada,Grand total,Grand total,"849,604,473","2,777,984,082"
2014,New Brunswick,Shellfish,Clams / quahaug,x,x
2014,New Brunswick,Shellfish,"Crab, Other","1,165,752","1,425,998"
2014,New Brunswick,Shellfish,"Crab, Queen","9,655,158","63,455,331"
2014,New Brunswick,Shellfish,Lobster,"20,235,552","189,713,746"
2014,New Brunswick,Shellfish,Other shellfish,x,x
2014,New Brunswick,Shellfish,Scallop,"3,556,680","9,206,540"
2014,New Brunswick,Shellfish,Sea cucumber,x,x
2014,New Brunswick,Shellfish,Sea urchin,"1,073,017","3,654,470"
2014,New Brunswick,Shellfish,Shrimp,"5,635,057","9,923,964"
2014,New Brunswick,Shellfish,Total shellfish,"42,872,047","280,225,437"
2014,New Brunswick,Pelagics,Alewife,"810,692","673,894"
2014,New Brunswick,Pelagics,Capelin,0,0
2014,New Brunswick,Pelagics,Eel,"131,515","704,107"
2014,New Brunswick,Pelagics,Elvers,x,x
2014,New Brunswick,Pelagics,Herring,"31,532,435","13,209,871"
2014,New Brunswick,Pelagics,Mackerel,"448,556","372,053"
2014,New Brunswick,Pelagics,Other pelagic/finfish,"125,891","108,553"
2014,New Brunswick,Pelagics,Salmon,0,0
2014,New Brunswick,Pelagics,Shark,x,x
2014,New Brunswick,Pelagics,Silversides,0,0
2014,New Brunswick,Pelagics,Swordfish,0,0
2014,New Brunswick,Pelagics,Total pelagics,"33,055,291","16,337,288"
2014,New Brunswick,Pelagics,Tuna,"5,552","84,389"
2014,New Brunswick,Other,Marine plants,x,x
2014,New Brunswick,Other,Miscellaneous,0,0
2014,New Brunswick,Other,Total other,"11,923,142","596,158"
2014,New Brunswick,Groundfish,Cod,"4,490","11,214"
2014,New Brunswick,Groundfish,Flatfishes,x,x
2014,New Brunswick,Groundfish,Greenland turbot,x,x
2014,New Brunswick,Groundfish,Haddock,0,0
2014,New Brunswick,Groundfish,Hake,x,x
2014,New Brunswick,Groundfish,Halibut,"105,560","1,136,363"
2014,New Brunswick,Groundfish,Other groundfish,x,x
2014,New Brunswick,Groundfish,Pollock,0,0
2014,New Brunswick,Groundfish,Redfish spp.,x,x
2014,New Brunswick,Groundfish,Skate,0,0
2014,New Brunswick,Groundfish,Total groundfish,"126,590","1,156,829"
2014,New Brunswick,Grand total,Grand total,"87,977,070","298,315,712"
2014,Newfoundland and Labrador,Shellfish,Clams / quahaug,x,x
2014,Newfoundland and Labrador,Shellfish,"Crab, Other",x,x
2014,Newfoundland and Labrador,Shellfish,"Crab, Queen","49,761,431","256,710,116"
2014,Newfoundland and Labrador,Shellfish,Lobster,"2,137,950","18,463,998"
2014,Newfoundland and Labrador,Shellfish,Other shellfish,"2,675,517","4,493,243"
2014,Newfoundland and Labrador,Shellfish,Scallop,"1,492,010","3,529,657"
2014,Newfoundland and Labrador,Shellfish,Sea cucumber,x,x
2014,Newfoundland and Labrador,Shellfish,Sea urchin,"538,590","905,424"
2014,Newfoundland and Labrador,Shellfish,Shrimp,"80,852,627","252,636,569"
2014,Newfoundland and Labrador,Shellfish,Total shellfish,"162,168,555","584,550,593"
2014,Newfoundland and Labrador,Pelagics,Alewife,0,0
2014,Newfoundland and Labrador,Pelagics,Capelin,"28,847,486","9,157,229"
2014,Newfoundland and Labrador,Pelagics,Eel,"42,190","215,897"
2014,Newfoundland and Labrador,Pelagics,Elvers,0,0
2014,Newfoundland and Labrador,Pelagics,Herring,"25,730,991","5,672,718"
2014,Newfoundland and Labrador,Pelagics,Mackerel,"3,432,055","1,868,896"
2014,Newfoundland and Labrador,Pelagics,Other pelagic/finfish,x,x
2014,Newfoundland and Labrador,Pelagics,Salmon,0,0
2014,Newfoundland and Labrador,Pelagics,Shark,x,x
2014,Newfoundland and Labrador,Pelagics,Silversides,0,0
2014,Newfoundland and Labrador,Pelagics,Swordfish,0,0
2014,Newfoundland and Labrador,Pelagics,Total pelagics,"58,097,882","17,110,650"
2014,Newfoundland and Labrador,Pelagics,Tuna,"23,365","158,475"
2014,Newfoundland and Labrador,Other,Marine plants,0,0
2014,Newfoundland and Labrador,Other,Miscellaneous,"271,707","1,882,290"
2014,Newfoundland and Labrador,Other,Total other,"271,707","1,882,290"
2014,Newfoundland and Labrador,Groundfish,Cod,"10,181,121","12,426,479"
2014,Newfoundland and Labrador,Groundfish,Flatfishes,"8,246,069","10,815,608"
2014,Newfoundland and Labrador,Groundfish,Greenland turbot,"11,290,155","54,811,290"
2014,Newfoundland and Labrador,Groundfish,Haddock,"304,101","450,402"
2014,Newfoundland and Labrador,Groundfish,Hake,"405,079","370,979"
2014,Newfoundland and Labrador,Groundfish,Halibut,"834,548","7,578,178"
2014,Newfoundland and Labrador,Groundfish,Other groundfish,"1,539,145","7,285,814"
2014,Newfoundland and Labrador,Groundfish,Pollock,"328,287","230,925"
2014,Newfoundland and Labrador,Groundfish,Redfish spp.,"2,085,676","3,235,212"
2014,Newfoundland and Labrador,Groundfish,Skate,"208,166","56,050"
2014,Newfoundland and Labrador,Groundfish,Total groundfish,"35,422,347","97,260,938"
2014,Newfoundland and Labrador,Grand total,Grand total,"255,960,491","700,804,470"
2014,Nova Scotia,Shellfish,Clams / quahaug,"2,150,730","3,346,152"
2014,Nova Scotia,Shellfish,"Crab, Other",x,x
2014,Nova Scotia,Shellfish,"Crab, Queen","19,187,119","111,798,375"
2014,Nova Scotia,Shellfish,Lobster,"51,534,487","569,782,340"
2014,Nova Scotia,Shellfish,Other shellfish,x,x
2014,Nova Scotia,Shellfish,Scallop,"63,771,993","162,412,998"
2014,Nova Scotia,Shellfish,Sea cucumber,"1,718,645","1,635,793"
2014,Nova Scotia,Shellfish,Sea urchin,"270,157","922,664"
2014,Nova Scotia,Shellfish,Shrimp,"24,871,791","72,828,056"
2014,Nova Scotia,Shellfish,Total shellfish,"164,722,962","924,465,334"
2014,Nova Scotia,Pelagics,Alewife,"697,012","571,225"
2014,Nova Scotia,Pelagics,Capelin,0,0
2014,Nova Scotia,Pelagics,Eel,x,x
2014,Nova Scotia,Pelagics,Elvers,x,x
2014,Nova Scotia,Pelagics,Herring,"44,890,960","16,098,202"
2014,Nova Scotia,Pelagics,Mackerel,"770,169","880,967"
2014,Nova Scotia,Pelagics,Other pelagic/finfish,"30,435","105,292"
2014,Nova Scotia,Pelagics,Salmon,0,0
2014,Nova Scotia,Pelagics,Shark,"63,848","166,734"
2014,Nova Scotia,Pelagics,Silversides,x,x
2014,Nova Scotia,Pelagics,Swordfish,"1,609,450","12,637,130"
2014,Nova Scotia,Pelagics,Total pelagics,"48,822,009","45,449,124"
2014,Nova Scotia,Pelagics,Tuna,"571,283","6,255,936"
2014,Nova Scotia,Other,Marine plants,x,x
2014,Nova Scotia,Other,Miscellaneous,x,x
2014,Nova Scotia,Other,Total other,"218,064","49,330"
2014,Nova Scotia,Groundfish,Cod,"2,371,312","4,408,567"
2014,Nova Scotia,Groundfish,Flatfishes,"2,115,106","2,858,634"
2014,Nova Scotia,Groundfish,Greenland turbot,x,x
2014,Nova Scotia,Groundfish,Haddock,"15,732,380","20,490,663"
2014,Nova Scotia,Groundfish,Hake,"8,040,389","6,674,532"
2014,Nova Scotia,Groundfish,Halibut,"2,199,816","30,436,738"
2014,Nova Scotia,Groundfish,Other groundfish,"2,490,800","3,031,759"
2014,Nova Scotia,Groundfish,Pollock,"2,875,481","3,134,503"
2014,Nova Scotia,Groundfish,Redfish spp.,"6,805,082","5,579,802"
2014,Nova Scotia,Groundfish,Skate,x,x
2014,Nova Scotia,Groundfish,Total groundfish,"42,779,116","76,741,694"
2014,Nova Scotia,Grand total,Grand total,"256,542,151","1,046,705,482"
2014,Prince Edward Island,Shellfish,Clams / quahaug,"521,417","755,997"
2014,Prince Edward Island,Shellfish,"Crab, Other","1,774,439","2,102,247"
2014,Prince Edward Island,Shellfish,"Crab, Queen","1,543,798","9,880,273"
2014,Prince Edward Island,Shellfish,Lobster,"13,517,760","113,285,898"
2014,Prince Edward Island,Shellfish,Other shellfish,"1,037,776","3,081,607"
2014,Prince Edward Island,Shellfish,Scallop,"364,748","959,663"
2014,Prince Edward Island,Shellfish,Sea cucumber,0,0
2014,Prince Edward Island,Shellfish,Sea urchin,0,0
2014,Prince Edward Island,Shellfish,Shrimp,0,0
2014,Prince Edward Island,Shellfish,Total shellfish,"18,759,938","130,065,686"
2014,Prince Edward Island,Pelagics,Alewife,"54,092","81,535"
2014,Prince Edward Island,Pelagics,Capelin,0,0
2014,Prince Edward Island,Pelagics,Eel,"106,869","512,431"
2014,Prince Edward Island,Pelagics,Elvers,0,0
2014,Prince Edward Island,Pelagics,Herring,"6,127,249","2,246,452"
2014,Prince Edward Island,Pelagics,Mackerel,"521,829","585,779"
2014,Prince Edward Island,Pelagics,Other pelagic/finfish,"4,275","3,023"
2014,Prince Edward Island,Pelagics,Salmon,0,0
2014,Prince Edward Island,Pelagics,Shark,0,0
2014,Prince Edward Island,Pelagics,Silversides,x,x
2014,Prince Edward Island,Pelagics,Swordfish,0,0
2014,Prince Edward Island,Pelagics,Total pelagics,"7,262,132","6,137,266"
2014,Prince Edward Island,Pelagics,Tuna,"153,359","2,228,604"
2014,Prince Edward Island,Other,Marine plants,"2,218,877","639,337"
2014,Prince Edward Island,Other,Miscellaneous,0,0
2014,Prince Edward Island,Other,Total other,"2,218,877","639,337"
2014,Prince Edward Island,Groundfish,Cod,"6,676","14,215"
2014,Prince Edward Island,Groundfish,Flatfishes,x,x
2014,Prince Edward Island,Groundfish,Greenland turbot,0,0
2014,Prince Edward Island,Groundfish,Haddock,x,x
2014,Prince Edward Island,Groundfish,Hake,x,x
2014,Prince Edward Island,Groundfish,Halibut,"23,724","308,845"
2014,Prince Edward Island,Groundfish,Other groundfish,"32,411","45,632"
2014,Prince Edward Island,Groundfish,Pollock,0,0
2014,Prince Edward Island,Groundfish,Redfish spp.,0,0
2014,Prince Edward Island,Groundfish,Skate,0,0
2014,Prince Edward Island,Groundfish,Total groundfish,"69,477","383,801"
2014,Prince Edward Island,Grand total,Grand total,"28,310,424","137,226,089"
2014,Quebec,Shellfish,Clams / quahaug,"1,120,391","1,169,211"
2014,Quebec,Shellfish,"Crab, Other","1,243,814","1,365,231"
2014,Quebec,Shellfish,"Crab, Queen","15,955,821","91,854,371"
2014,Quebec,Shellfish,Lobster,"5,353,283","51,110,101"
2014,Quebec,Shellfish,Other shellfish,"952,001","1,277,959"
2014,Quebec,Shellfish,Scallop,"559,526","1,705,212"
2014,Quebec,Shellfish,Sea cucumber,"1,815,146","1,699,786"
2014,Quebec,Shellfish,Sea urchin,"495,254","2,268,002"
2014,Quebec,Shellfish,Shrimp,"18,298,357","33,724,099"
2014,Quebec,Shellfish,Total shellfish,"45,793,593","186,173,971"
2014,Quebec,Pelagics,Alewife,0,0
2014,Quebec,Pelagics,Capelin,"19,995","4,954"
2014,Quebec,Pelagics,Eel,x,x
2014,Quebec,Pelagics,Elvers,0,0
2014,Quebec,Pelagics,Herring,"6,328,745","2,127,307"
2014,Quebec,Pelagics,Mackerel,"1,367,410","1,254,053"
2014,Quebec,Pelagics,Other pelagic/finfish,x,x
2014,Quebec,Pelagics,Salmon,0,0
2014,Quebec,Pelagics,Shark,x,x
2014,Quebec,Pelagics,Silversides,0,0
2014,Quebec,Pelagics,Swordfish,0,0
2014,Quebec,Pelagics,Total pelagics,"7,726,416","3,493,118"
2014,Quebec,Pelagics,Tuna,"9,606","103,564"
2014,Quebec,Other,Marine plants,0,0
2014,Quebec,Other,Miscellaneous,0,0
2014,Quebec,Other,Total other,0,0
2014,Quebec,Groundfish,Cod,"437,817","620,492"
2014,Quebec,Groundfish,Flatfishes,"382,719","948,777"
2014,Quebec,Groundfish,Greenland turbot,"2,977,029","9,367,213"
2014,Quebec,Groundfish,Haddock,x,x
2014,Quebec,Groundfish,Hake,"5,310","3,056"
2014,Quebec,Groundfish,Halibut,"453,214","3,717,996"
2014,Quebec,Groundfish,Other groundfish,x,x
2014,Quebec,Groundfish,Pollock,0,0
2014,Quebec,Groundfish,Redfish spp.,x,x
2014,Quebec,Groundfish,Skate,x,x
2014,Quebec,Groundfish,Total groundfish,"4,325,682","14,723,182"
2014,Quebec,Grand total,Grand total,"57,845,691","204,390,272"
2015,Atlantic,Shellfish,Clams / quahaug,"32,588,586","70,738,656"
2015,Atlantic,Shellfish,"Crab, Other","5,167,038","6,472,580"
2015,Atlantic,Shellfish,"Crab, Queen","93,519,242","500,879,709"
2015,Atlantic,Shellfish,Lobster,"90,874,846","1,179,059,604"
2015,Atlantic,Shellfish,Other shellfish,"5,115,246","10,929,036"
2015,Atlantic,Shellfish,Scallop,"61,060,632","184,074,055"
2015,Atlantic,Shellfish,Sea cucumber,"6,504,251","4,660,903"
2015,Atlantic,Shellfish,Sea urchin,"2,318,789","7,984,371"
2015,Atlantic,Shellfish,Shrimp,"134,603,466","546,760,785"
2015,Atlantic,Shellfish,Total shellfish,"431,752,096","2,511,559,698"
2015,Atlantic,Pelagics,Alewife,"2,201,624","2,238,411"
2015,Atlantic,Pelagics,Capelin,"36,942,127","10,325,918"
2015,Atlantic,Pelagics,Eel,"240,588","1,169,550"
2015,Atlantic,Pelagics,Elvers,"3,576","16,754,287"
2015,Atlantic,Pelagics,Herring,"114,199,656","38,771,996"
2015,Atlantic,Pelagics,Mackerel,"4,143,199","8,943,823"
2015,Atlantic,Pelagics,Other pelagic/finfish,"177,007","259,765"
2015,Atlantic,Pelagics,Salmon,0,0
2015,Atlantic,Pelagics,Shark,"89,441","286,402"
2015,Atlantic,Pelagics,Silversides,"253,857","423,807"
2015,Atlantic,Pelagics,Swordfish,"1,579,359","12,940,080"
2015,Atlantic,Pelagics,Total pelagics,"160,709,247","101,670,490"
2015,Atlantic,Pelagics,Tuna,"878,813","9,556,452"
2015,Atlantic,Other,Marine plants,"11,578,852","581,253"
2015,Atlantic,Other,Miscellaneous,"146,655","1,174,065"
2015,Atlantic,Other,Total other,"11,725,507","1,755,318"
2015,Atlantic,Groundfish,Cod,"12,234,497","17,980,237"
2015,Atlantic,Groundfish,Flatfishes,"9,123,755","13,705,980"
2015,Atlantic,Groundfish,Greenland turbot,"14,059,250","76,580,325"
2015,Atlantic,Groundfish,Haddock,"17,689,245","26,497,270"
2015,Atlantic,Groundfish,Hake,"8,088,508","6,981,343"
2015,Atlantic,Groundfish,Halibut,"3,942,142","50,795,222"
2015,Atlantic,Groundfish,Other groundfish,"3,960,393","12,368,703"
2015,Atlantic,Groundfish,Pollock,"4,045,797","5,034,462"
2015,Atlantic,Groundfish,Redfish spp.,"10,405,992","15,227,091"
2015,Atlantic,Groundfish,Skate,"240,858","106,121"
2015,Atlantic,Groundfish,Total groundfish,"83,790,437","225,276,753"
2015,Atlantic,Grand total,Grand total,"687,977,287","2,840,262,259"
2015,British Columbia,Shellfish,Clams / quahaug,"1,831,931","33,426,503"
2015,British Columbia,Shellfish,"Crab, Other","4,261,417","54,743,231"
2015,British Columbia,Shellfish,"Crab, Queen",0,0
2015,British Columbia,Shellfish,Lobster,0,0
2015,British Columbia,Shellfish,Other shellfish,"217,439","477,253"
2015,British Columbia,Shellfish,Scallop,0,0
2015,British Columbia,Shellfish,Sea cucumber,"1,692,313","3,610,062"
2015,British Columbia,Shellfish,Sea urchin,"4,068,604","6,380,164"
2015,British Columbia,Shellfish,Shrimp,"6,167,879","42,182,758"
2015,British Columbia,Shellfish,Total shellfish,"18,239,584","140,819,971"
2015,British Columbia,Pelagics,Alewife,0,0
2015,British Columbia,Pelagics,Capelin,0,0
2015,British Columbia,Pelagics,Eel,0,0
2015,British Columbia,Pelagics,Elvers,0,0
2015,British Columbia,Pelagics,Herring,"20,129,276","9,808,714"
2015,British Columbia,Pelagics,Mackerel,0,0
2015,British Columbia,Pelagics,Other pelagic/finfish,0,0
2015,British Columbia,Pelagics,Salmon,"20,063,784","45,071,783"
2015,British Columbia,Pelagics,Shark,0,0
2015,British Columbia,Pelagics,Silversides,0,0
2015,British Columbia,Pelagics,Swordfish,0,0
2015,British Columbia,Pelagics,Total pelagics,"44,491,060","68,634,096"
2015,British Columbia,Pelagics,Tuna,"4,298,000","13,753,600"
2015,British Columbia,Other,Marine plants,0,0
2015,British Columbia,Other,Miscellaneous,0,0
2015,British Columbia,Other,Total other,0,0
2015,British Columbia,Groundfish,Cod,"1,460,220","2,932,732"
2015,British Columbia,Groundfish,Flatfishes,"13,492,167","6,621,872"
2015,British Columbia,Groundfish,Greenland turbot,0,0
2015,British Columbia,Groundfish,Haddock,0,0
2015,British Columbia,Groundfish,Hake,"41,603,588","8,008,358"
2015,British Columbia,Groundfish,Halibut,"3,710,287","59,690,064"
2015,British Columbia,Groundfish,Other groundfish,"4,463,050","40,419,855"
2015,British Columbia,Groundfish,Pollock,"4,530,996","1,886,558"
2015,British Columbia,Groundfish,Redfish spp.,"17,252,567","26,235,223"
2015,British Columbia,Groundfish,Skate,"535,638","583,846"
2015,British Columbia,Groundfish,Total groundfish,"87,048,513","146,378,509"
2015,British Columbia,Grand total,Grand total,"149,779,157","355,832,576"
2015,Canada,Shellfish,Clams / quahaug,"34,420,517","104,165,160"
2015,Canada,Shellfish,"Crab, Other","9,428,455","61,215,811"
2015,Canada,Shellfish,"Crab, Queen","93,519,242","500,879,709"
2015,Canada,Shellfish,Lobster,"90,874,846","1,179,059,604"
2015,Canada,Shellfish,Other shellfish,"5,332,685","11,406,289"
2015,Canada,Shellfish,Scallop,"61,060,632","184,074,055"
2015,Canada,Shellfish,Sea cucumber,"8,196,564","8,270,965"
2015,Canada,Shellfish,Sea urchin,"6,387,393","14,364,534"
2015,Canada,Shellfish,Shrimp,"140,771,345","588,943,543"
2015,Canada,Shellfish,Total shellfish,"449,991,680","2,652,379,669"
2015,Canada,Pelagics,Alewife,"2,201,624","2,238,411"
2015,Canada,Pelagics,Capelin,"36,942,127","10,325,918"
2015,Canada,Pelagics,Eel,"240,588","1,169,550"
2015,Canada,Pelagics,Elvers,"3,576","16,754,287"
2015,Canada,Pelagics,Herring,"134,328,932","48,580,710"
2015,Canada,Pelagics,Mackerel,"4,143,199","8,943,823"
2015,Canada,Pelagics,Other pelagic/finfish,"177,007","259,765"
2015,Canada,Pelagics,Salmon,"20,063,784","45,071,783"
2015,Canada,Pelagics,Shark,"89,441","286,402"
2015,Canada,Pelagics,Silversides,"253,857","423,807"
2015,Canada,Pelagics,Swordfish,"1,579,359","12,940,080"
2015,Canada,Pelagics,Total pelagics,"205,200,307","170,304,586"
2015,Canada,Pelagics,Tuna,"5,176,813","23,310,052"
2015,Canada,Other,Marine plants,"11,578,852","581,253"
2015,Canada,Other,Miscellaneous,"146,655","1,174,065"
2015,Canada,Other,Total other,"11,725,507","1,755,318"
2015,Canada,Groundfish,Cod,"13,694,717","20,912,969"
2015,Canada,Groundfish,Flatfishes,"22,615,922","20,327,852"
2015,Canada,Groundfish,Greenland turbot,"14,059,250","76,580,325"
2015,Canada,Groundfish,Haddock,"17,689,245","26,497,270"
2015,Canada,Groundfish,Hake,"49,692,096","14,989,701"
2015,Canada,Groundfish,Halibut,"7,652,429","110,485,286"
2015,Canada,Groundfish,Other groundfish,"8,423,443","52,788,558"
2015,Canada,Groundfish,Pollock,"8,576,793","6,921,020"
2015,Canada,Groundfish,Redfish spp.,"27,658,559","41,462,314"
2015,Canada,Groundfish,Skate,"776,496","689,967"
2015,Canada,Groundfish,Total groundfish,"170,838,950","371,655,262"
2015,Canada,Grand total,Grand total,"837,756,444","3,196,094,836"
2015,New Brunswick,Shellfish,Clams / quahaug,x,x
2015,New Brunswick,Shellfish,"Crab, Other","1,451,354","1,822,010"
2015,New Brunswick,Shellfish,"Crab, Queen","11,600,474","70,297,122"
2015,New Brunswick,Shellfish,Lobster,"18,353,884","227,633,683"
2015,New Brunswick,Shellfish,Other shellfish,x,x
2015,New Brunswick,Shellfish,Scallop,"3,502,714","10,586,454"
2015,New Brunswick,Shellfish,Sea cucumber,x,x
2015,New Brunswick,Shellfish,Sea urchin,"996,057","3,547,139"
2015,New Brunswick,Shellfish,Shrimp,"5,556,220","16,713,168"
2015,New Brunswick,Shellfish,Total shellfish,"43,077,076","333,198,671"
2015,New Brunswick,Pelagics,Alewife,"1,712,264","1,724,457"
2015,New Brunswick,Pelagics,Capelin,x,x
2015,New Brunswick,Pelagics,Eel,"93,379","499,174"
2015,New Brunswick,Pelagics,Elvers,x,x
2015,New Brunswick,Pelagics,Herring,"27,999,001","11,373,656"
2015,New Brunswick,Pelagics,Mackerel,"571,065","2,136,933"
2015,New Brunswick,Pelagics,Other pelagic/finfish,"124,854","134,733"
2015,New Brunswick,Pelagics,Salmon,0,0
2015,New Brunswick,Pelagics,Shark,0,0
2015,New Brunswick,Pelagics,Silversides,0,0
2015,New Brunswick,Pelagics,Swordfish,0,0
2015,New Brunswick,Pelagics,Total pelagics,"30,860,896","16,912,740"
2015,New Brunswick,Pelagics,Tuna,"3,480","37,223"
2015,New Brunswick,Other,Marine plants,x,x
2015,New Brunswick,Other,Miscellaneous,0,0
2015,New Brunswick,Other,Total other,"11,428,948","571,492"
2015,New Brunswick,Groundfish,Cod,"1,487","1,994"
2015,New Brunswick,Groundfish,Flatfishes,x,x
2015,New Brunswick,Groundfish,Greenland turbot,x,x
2015,New Brunswick,Groundfish,Haddock,x,x
2015,New Brunswick,Groundfish,Hake,x,x
2015,New Brunswick,Groundfish,Halibut,"62,994","720,625"
2015,New Brunswick,Groundfish,Other groundfish,x,x
2015,New Brunswick,Groundfish,Pollock,0,0
2015,New Brunswick,Groundfish,Redfish spp.,x,x
2015,New Brunswick,Groundfish,Skate,0,0
2015,New Brunswick,Groundfish,Total groundfish,"78,332","733,974"
2015,New Brunswick,Grand total,Grand total,"85,445,252","351,416,877"
2015,Newfoundland and Labrador,Shellfish,Clams / quahaug,x,x
2015,Newfoundland and Labrador,Shellfish,"Crab, Other",x,x
2015,Newfoundland and Labrador,Shellfish,"Crab, Queen","47,098,902","256,469,362"
2015,Newfoundland and Labrador,Shellfish,Lobster,"2,750,822","32,797,435"
2015,Newfoundland and Labrador,Shellfish,Other shellfish,"2,599,839","5,099,873"
2015,Newfoundland and Labrador,Shellfish,Scallop,"1,382,267","3,434,319"
2015,Newfoundland and Labrador,Shellfish,Sea cucumber,"2,297,206","2,213,193"
2015,Newfoundland and Labrador,Shellfish,Sea urchin,x,x
2015,Newfoundland and Labrador,Shellfish,Shrimp,"84,964,705","387,718,203"
2015,Newfoundland and Labrador,Shellfish,Total shellfish,"155,145,185","725,488,956"
2015,Newfoundland and Labrador,Pelagics,Alewife,0,0
2015,Newfoundland and Labrador,Pelagics,Capelin,"36,500,150","10,219,606"
2015,Newfoundland and Labrador,Pelagics,Eel,"30,280","148,119"
2015,Newfoundland and Labrador,Pelagics,Elvers,0,0
2015,Newfoundland and Labrador,Pelagics,Herring,"26,813,475","6,679,813"
2015,Newfoundland and Labrador,Pelagics,Mackerel,"700,564","330,516"
2015,Newfoundland and Labrador,Pelagics,Other pelagic/finfish,"25,025","43,251"
2015,Newfoundland and Labrador,Pelagics,Salmon,0,0
2015,Newfoundland and Labrador,Pelagics,Shark,820,421
2015,Newfoundland and Labrador,Pelagics,Silversides,0,0
2015,Newfoundland and Labrador,Pelagics,Swordfish,0,0
2015,Newfoundland and Labrador,Pelagics,Total pelagics,"64,097,725","17,632,013"
2015,Newfoundland and Labrador,Pelagics,Tuna,"27,411","210,287"
2015,Newfoundland and Labrador,Other,Marine plants,0,0
2015,Newfoundland and Labrador,Other,Miscellaneous,"145,165","1,167,364"
2015,Newfoundland and Labrador,Other,Total other,"145,165","1,167,364"
2015,Newfoundland and Labrador,Groundfish,Cod,"10,270,699","13,812,240"
2015,Newfoundland and Labrador,Groundfish,Flatfishes,"6,976,969","9,892,678"
2015,Newfoundland and Labrador,Groundfish,Greenland turbot,"11,051,695","67,020,043"
2015,Newfoundland and Labrador,Groundfish,Haddock,"228,756","443,566"
2015,Newfoundland and Labrador,Groundfish,Hake,"230,397","228,410"
2015,Newfoundland and Labrador,Groundfish,Halibut,"645,220","6,983,190"
2015,Newfoundland and Labrador,Groundfish,Other groundfish,"1,508,208","9,200,336"
2015,Newfoundland and Labrador,Groundfish,Pollock,"190,967","179,639"
2015,Newfoundland and Labrador,Groundfish,Redfish spp.,"4,252,756","8,591,035"
2015,Newfoundland and Labrador,Groundfish,Skate,"179,474","44,542"
2015,Newfoundland and Labrador,Groundfish,Total groundfish,"35,535,141","116,395,679"
2015,Newfoundland and Labrador,Grand total,Grand total,"254,923,216","860,684,012"
2015,Nova Scotia,Shellfish,Clams / quahaug,"17,076,802","30,220,041"
2015,Nova Scotia,Shellfish,"Crab, Other",x,x
2015,Nova Scotia,Shellfish,"Crab, Queen","17,622,597","73,268,468"
2015,Nova Scotia,Shellfish,Lobster,"49,254,751","695,758,601"
2015,Nova Scotia,Shellfish,Other shellfish,x,x
2015,Nova Scotia,Shellfish,Scallop,"55,297,362","167,495,751"
2015,Nova Scotia,Shellfish,Sea cucumber,x,x
2015,Nova Scotia,Shellfish,Sea urchin,x,x
2015,Nova Scotia,Shellfish,Shrimp,"25,711,225","92,845,573"
2015,Nova Scotia,Shellfish,Total shellfish,"168,756,463","1,063,048,037"
2015,Nova Scotia,Pelagics,Alewife,"433,840","428,032"
2015,Nova Scotia,Pelagics,Capelin,0,0
2015,Nova Scotia,Pelagics,Eel,"20,911","102,399"
2015,Nova Scotia,Pelagics,Elvers,x,x
2015,Nova Scotia,Pelagics,Herring,"46,576,152","16,221,274"
2015,Nova Scotia,Pelagics,Mackerel,"1,183,490","4,867,837"
2015,Nova Scotia,Pelagics,Other pelagic/finfish,x,x
2015,Nova Scotia,Pelagics,Salmon,0,0
2015,Nova Scotia,Pelagics,Shark,"88,621","285,981"
2015,Nova Scotia,Pelagics,Silversides,0,0
2015,Nova Scotia,Pelagics,Swordfish,"1,579,359","12,940,080"
2015,Nova Scotia,Pelagics,Total pelagics,"50,559,624","57,021,909"
2015,Nova Scotia,Pelagics,Tuna,"650,335","6,260,733"
2015,Nova Scotia,Other,Marine plants,x,x
2015,Nova Scotia,Other,Miscellaneous,x,x
2015,Nova Scotia,Other,Total other,"150,510","15,977"
2015,Nova Scotia,Groundfish,Cod,"1,479,582","3,470,484"
2015,Nova Scotia,Groundfish,Flatfishes,"1,742,010","2,649,386"
2015,Nova Scotia,Groundfish,Greenland turbot,x,x
2015,Nova Scotia,Groundfish,Haddock,"17,460,340","26,053,489"
2015,Nova Scotia,Groundfish,Hake,"7,847,766","6,746,609"
2015,Nova Scotia,Groundfish,Halibut,"2,718,454","37,967,153"
2015,Nova Scotia,Groundfish,Other groundfish,"2,439,902","3,159,459"
2015,Nova Scotia,Groundfish,Pollock,"3,854,830","4,854,823"
2015,Nova Scotia,Groundfish,Redfish spp.,"5,971,746","6,440,806"
2015,Nova Scotia,Groundfish,Skate,x,x
2015,Nova Scotia,Groundfish,Total groundfish,"43,611,397","91,461,097"
2015,Nova Scotia,Grand total,Grand total,"263,077,994","1,211,547,019"
2015,Prince Edward Island,Shellfish,Clams / quahaug,"469,900","789,903"
2015,Prince Edward Island,Shellfish,"Crab, Other","1,699,320","2,006,257"
2015,Prince Edward Island,Shellfish,"Crab, Queen","2,430,544","14,479,100"
2015,Prince Edward Island,Shellfish,Lobster,"14,614,928","148,918,875"
2015,Prince Edward Island,Shellfish,Other shellfish,"1,235,067","3,685,443"
2015,Prince Edward Island,Shellfish,Scallop,"289,947","891,535"
2015,Prince Edward Island,Shellfish,Sea cucumber,0,0
2015,Prince Edward Island,Shellfish,Sea urchin,0,0
2015,Prince Edward Island,Shellfish,Shrimp,0,0
2015,Prince Edward Island,Shellfish,Total shellfish,"20,739,706","170,771,113"
2015,Prince Edward Island,Pelagics,Alewife,"55,520","85,922"
2015,Prince Edward Island,Pelagics,Capelin,0,0
2015,Prince Edward Island,Pelagics,Eel,"96,018","419,858"
2015,Prince Edward Island,Pelagics,Elvers,0,0
2015,Prince Edward Island,Pelagics,Herring,"5,295,334","2,145,000"
2015,Prince Edward Island,Pelagics,Mackerel,"642,810","675,013"
2015,Prince Edward Island,Pelagics,Other pelagic/finfish,"3,371","5,160"
2015,Prince Edward Island,Pelagics,Salmon,0,0
2015,Prince Edward Island,Pelagics,Shark,0,0
2015,Prince Edward Island,Pelagics,Silversides,"253,857","423,807"
2015,Prince Edward Island,Pelagics,Swordfish,0,0
2015,Prince Edward Island,Pelagics,Total pelagics,"6,533,569","6,662,230"
2015,Prince Edward Island,Pelagics,Tuna,"186,659","2,907,471"
2015,Prince Edward Island,Other,Marine plants,0,0
2015,Prince Edward Island,Other,Miscellaneous,0,0
2015,Prince Edward Island,Other,Total other,0,0
2015,Prince Edward Island,Groundfish,Cod,"6,222","8,074"
2015,Prince Edward Island,Groundfish,Flatfishes,x,x
2015,Prince Edward Island,Groundfish,Greenland turbot,0,0
2015,Prince Edward Island,Groundfish,Haddock,0,0
2015,Prince Edward Island,Groundfish,Hake,x,x
2015,Prince Edward Island,Groundfish,Halibut,"40,547","554,591"
2015,Prince Edward Island,Groundfish,Other groundfish,x,x
2015,Prince Edward Island,Groundfish,Pollock,0,0
2015,Prince Edward Island,Groundfish,Redfish spp.,0,0
2015,Prince Edward Island,Groundfish,Skate,0,0
2015,Prince Edward Island,Groundfish,Total groundfish,"76,505","631,324"
2015,Prince Edward Island,Grand total,Grand total,"27,349,780","178,064,667"
2015,Quebec,Shellfish,Clams / quahaug,"1,050,873","1,240,541"
2015,Quebec,Shellfish,"Crab, Other","1,105,749","1,357,445"
2015,Quebec,Shellfish,"Crab, Queen","14,766,725","86,365,656"
2015,Quebec,Shellfish,Lobster,"5,900,461","73,951,010"
2015,Quebec,Shellfish,Other shellfish,"936,853","1,465,072"
2015,Quebec,Shellfish,Scallop,"588,342","1,665,996"
2015,Quebec,Shellfish,Sea cucumber,"723,693","829,692"
2015,Quebec,Shellfish,Sea urchin,"589,654","2,693,669"
2015,Quebec,Shellfish,Shrimp,"18,371,316","49,483,840"
2015,Quebec,Shellfish,Total shellfish,"44,033,666","219,052,921"
2015,Quebec,Pelagics,Alewife,0,0
2015,Quebec,Pelagics,Capelin,x,x
2015,Quebec,Pelagics,Eel,0,0
2015,Quebec,Pelagics,Elvers,0,0
2015,Quebec,Pelagics,Herring,"7,515,694","2,352,254"
2015,Quebec,Pelagics,Mackerel,"1,045,270","933,525"
2015,Quebec,Pelagics,Other pelagic/finfish,x,x
2015,Quebec,Pelagics,Salmon,0,0
2015,Quebec,Pelagics,Shark,0,0
2015,Quebec,Pelagics,Silversides,0,0
2015,Quebec,Pelagics,Swordfish,0,0
2015,Quebec,Pelagics,Total pelagics,"8,657,433","3,441,598"
2015,Quebec,Pelagics,Tuna,"10,928","140,739"
2015,Quebec,Other,Marine plants,0,0
2015,Quebec,Other,Miscellaneous,884,486
2015,Quebec,Other,Total other,884,486
2015,Quebec,Groundfish,Cod,"476,507","687,444"
2015,Quebec,Groundfish,Flatfishes,"373,992","1,093,773"
2015,Quebec,Groundfish,Greenland turbot,"2,968,756","9,498,882"
2015,Quebec,Groundfish,Haddock,x,x
2015,Quebec,Groundfish,Hake,"6,837","4,067"
2015,Quebec,Groundfish,Halibut,"474,927","4,569,664"
2015,Quebec,Groundfish,Other groundfish,"12,122","8,792"
2015,Quebec,Groundfish,Pollock,0,0
2015,Quebec,Groundfish,Redfish spp.,x,x
2015,Quebec,Groundfish,Skate,x,x
2015,Quebec,Groundfish,Total groundfish,"4,489,062","16,054,679"
2015,Quebec,Grand total,Grand total,"57,181,045","238,549,684"
2016,Atlantic,Shellfish,Clams / quahaug,"44,759,687","95,637,139"
2016,Atlantic,Shellfish,"Crab, Other","6,035,327","7,202,042"
2016,Atlantic,Shellfish,"Crab, Queen","82,518,757","592,796,241"
2016,Atlantic,Shellfish,Lobster,"90,624,230","1,296,335,580"
2016,Atlantic,Shellfish,Other shellfish,"5,089,983","10,262,515"
2016,Atlantic,Shellfish,Scallop,"53,781,877","159,579,340"
2016,Atlantic,Shellfish,Sea cucumber,"6,686,825","4,145,572"
2016,Atlantic,Shellfish,Sea urchin,"2,397,688","14,491,202"
2016,Atlantic,Shellfish,Shrimp,"104,874,959","422,391,169"
2016,Atlantic,Shellfish,Total shellfish,"396,769,333","2,602,840,801"
2016,Atlantic,Pelagics,Alewife,"1,325,626","1,052,028"
2016,Atlantic,Pelagics,Capelin,"37,133,043","13,563,423"
2016,Atlantic,Pelagics,Eel,"252,467","1,625,205"
2016,Atlantic,Pelagics,Elvers,"5,202","15,188,279"
2016,Atlantic,Pelagics,Herring,"118,491,773","48,459,241"
2016,Atlantic,Pelagics,Mackerel,"7,745,537","6,767,501"
2016,Atlantic,Pelagics,Other pelagic/finfish,"295,470","367,996"
2016,Atlantic,Pelagics,Salmon,0,0
2016,Atlantic,Pelagics,Shark,"84,955","273,387"
2016,Atlantic,Pelagics,Silversides,"198,577","390,890"
2016,Atlantic,Pelagics,Swordfish,"1,547,898","17,949,907"
2016,Atlantic,Pelagics,Total pelagics,"167,751,064","114,010,335"
2016,Atlantic,Pelagics,Tuna,"670,516","8,372,478"
2016,Atlantic,Other,Marine plants,"12,730,073","681,862"
2016,Atlantic,Other,Miscellaneous,43,"1,609,040"
2016,Atlantic,Other,Total other,"12,730,116","2,290,902"
2016,Atlantic,Groundfish,Cod,"18,212,733","27,786,003"
2016,Atlantic,Groundfish,Flatfishes,"10,426,606","16,441,878"
2016,Atlantic,Groundfish,Greenland turbot,"13,087,830","67,048,692"
2016,Atlantic,Groundfish,Haddock,"15,871,430","24,914,384"
2016,Atlantic,Groundfish,Hake,"8,940,445","8,711,849"
2016,Atlantic,Groundfish,Halibut,"4,075,960","56,652,691"
2016,Atlantic,Groundfish,Other groundfish,"3,165,402","10,889,822"
2016,Atlantic,Groundfish,Pollock,"3,670,261","4,677,338"
2016,Atlantic,Groundfish,Redfish spp.,"10,042,904","13,329,338"
2016,Atlantic,Groundfish,Skate,"456,384","163,435"
2016,Atlantic,Groundfish,Total groundfish,"87,949,955","230,615,430"
2016,Atlantic,Grand total,Grand total,"665,200,468","2,949,757,469"
2016,British Columbia,Shellfish,Clams / quahaug,"1,558,400","32,768,839"
2016,British Columbia,Shellfish,"Crab, Other","3,369,135","44,898,320"
2016,British Columbia,Shellfish,"Crab, Queen",0,0
2016,British Columbia,Shellfish,Lobster,0,0
2016,British Columbia,Shellfish,Other shellfish,"139,015","261,087"
2016,British Columbia,Shellfish,Scallop,0,0
2016,British Columbia,Shellfish,Sea cucumber,"1,624,465","3,573,822"
2016,British Columbia,Shellfish,Sea urchin,"3,510,715","8,040,553"
2016,British Columbia,Shellfish,Shrimp,"4,046,993","22,514,413"
2016,British Columbia,Shellfish,Total shellfish,"14,248,723","112,057,034"
2016,British Columbia,Pelagics,Alewife,0,0
2016,British Columbia,Pelagics,Capelin,0,0
2016,British Columbia,Pelagics,Eel,0,0
2016,British Columbia,Pelagics,Elvers,0,0
2016,British Columbia,Pelagics,Herring,"22,070,966","15,593,645"
2016,British Columbia,Pelagics,Mackerel,0,0
2016,British Columbia,Pelagics,Other pelagic/finfish,0,0
2016,British Columbia,Pelagics,Salmon,"24,057,914","62,930,469"
2016,British Columbia,Pelagics,Shark,0,0
2016,British Columbia,Pelagics,Silversides,0,0
2016,British Columbia,Pelagics,Swordfish,0,0
2016,British Columbia,Pelagics,Total pelagics,"48,966,880","87,605,714"
2016,British Columbia,Pelagics,Tuna,"2,838,000","9,081,600"
2016,British Columbia,Other,Marine plants,0,0
2016,British Columbia,Other,Miscellaneous,0,0
2016,British Columbia,Other,Total other,0,0
2016,British Columbia,Groundfish,Cod,"894,680","1,723,233"
2016,British Columbia,Groundfish,Flatfishes,"13,993,633","6,946,093"
2016,British Columbia,Groundfish,Greenland turbot,0,0
2016,British Columbia,Groundfish,Haddock,0,0
2016,British Columbia,Groundfish,Hake,"78,288,962","18,279,542"
2016,British Columbia,Groundfish,Halibut,"3,746,796","63,989,638"
2016,British Columbia,Groundfish,Other groundfish,"3,478,328","33,495,957"
2016,British Columbia,Groundfish,Pollock,"2,195,638","1,071,197"
2016,British Columbia,Groundfish,Redfish spp.,"16,688,954","25,536,155"
2016,British Columbia,Groundfish,Skate,"480,026","965,106"
2016,British Columbia,Groundfish,Total groundfish,"119,767,016","152,006,923"
2016,British Columbia,Grand total,Grand total,"182,982,618","351,669,671"
2016,Canada,Shellfish,Clams / quahaug,"46,318,087","128,405,978"
2016,Canada,Shellfish,"Crab, Other","9,404,462","52,100,362"
2016,Canada,Shellfish,"Crab, Queen","82,518,757","592,796,241"
2016,Canada,Shellfish,Lobster,"90,624,230","1,296,335,580"
2016,Canada,Shellfish,Other shellfish,"5,228,998","10,523,602"
2016,Canada,Shellfish,Scallop,"53,781,877","159,579,340"
2016,Canada,Shellfish,Sea cucumber,"8,311,290","7,719,394"
2016,Canada,Shellfish,Sea urchin,"5,908,403","22,531,755"
2016,Canada,Shellfish,Shrimp,"108,921,952","444,905,582"
2016,Canada,Shellfish,Total shellfish,"411,018,056","2,714,897,835"
2016,Canada,Pelagics,Alewife,"1,325,626","1,052,028"
2016,Canada,Pelagics,Capelin,"37,133,043","13,563,423"
2016,Canada,Pelagics,Eel,"252,467","1,625,205"
2016,Canada,Pelagics,Elvers,"5,202","15,188,279"
2016,Canada,Pelagics,Herring,"140,562,739","64,052,886"
2016,Canada,Pelagics,Mackerel,"7,745,537","6,767,501"
2016,Canada,Pelagics,Other pelagic/finfish,"295,470","367,996"
2016,Canada,Pelagics,Salmon,"24,057,914","62,930,469"
2016,Canada,Pelagics,Shark,"84,955","273,387"
2016,Canada,Pelagics,Silversides,"198,577","390,890"
2016,Canada,Pelagics,Swordfish,"1,547,898","17,949,907"
2016,Canada,Pelagics,Total pelagics,"216,717,944","201,616,049"
2016,Canada,Pelagics,Tuna,"3,508,516","17,454,078"
2016,Canada,Other,Marine plants,"12,730,073","681,862"
2016,Canada,Other,Miscellaneous,43,"1,609,040"
2016,Canada,Other,Total other,"12,730,116","2,290,902"
2016,Canada,Groundfish,Cod,"19,107,413","29,509,236"
2016,Canada,Groundfish,Flatfishes,"24,420,239","23,387,971"
2016,Canada,Groundfish,Greenland turbot,"13,087,830","67,048,692"
2016,Canada,Groundfish,Haddock,"15,871,430","24,914,384"
2016,Canada,Groundfish,Hake,"87,229,407","26,991,391"
2016,Canada,Groundfish,Halibut,"7,822,756","120,642,330"
2016,Canada,Groundfish,Other groundfish,"6,643,730","44,385,779"
2016,Canada,Groundfish,Pollock,"5,865,899","5,748,535"
2016,Canada,Groundfish,Redfish spp.,"26,731,858","38,865,494"
2016,Canada,Groundfish,Skate,"936,410","1,128,541"
2016,Canada,Groundfish,Total groundfish,"207,716,971","382,622,353"
2016,Canada,Grand total,Grand total,"848,183,086","3,301,427,139"
2016,New Brunswick,Shellfish,Clams / quahaug,"729,524","2,191,176"
2016,New Brunswick,Shellfish,"Crab, Other","1,601,667","1,596,235"
2016,New Brunswick,Shellfish,"Crab, Queen","9,786,032","80,720,820"
2016,New Brunswick,Shellfish,Lobster,"19,541,132","270,681,712"
2016,New Brunswick,Shellfish,Other shellfish,x,x
2016,New Brunswick,Shellfish,Scallop,"4,118,534","12,287,849"
2016,New Brunswick,Shellfish,Sea cucumber,x,x
2016,New Brunswick,Shellfish,Sea urchin,"935,309","8,249,381"
2016,New Brunswick,Shellfish,Shrimp,"5,848,087","16,307,010"
2016,New Brunswick,Shellfish,Total shellfish,"43,630,759","392,219,482"
2016,New Brunswick,Pelagics,Alewife,"492,321","371,326"
2016,New Brunswick,Pelagics,Capelin,x,x
2016,New Brunswick,Pelagics,Eel,"105,505","720,034"
2016,New Brunswick,Pelagics,Elvers,x,x
2016,New Brunswick,Pelagics,Herring,"31,754,740","14,211,268"
2016,New Brunswick,Pelagics,Mackerel,"198,821","234,648"
2016,New Brunswick,Pelagics,Other pelagic/finfish,"248,795","283,431"
2016,New Brunswick,Pelagics,Salmon,0,0
2016,New Brunswick,Pelagics,Shark,0,0
2016,New Brunswick,Pelagics,Silversides,0,0
2016,New Brunswick,Pelagics,Swordfish,0,0
2016,New Brunswick,Pelagics,Total pelagics,"33,252,990","16,903,648"
2016,New Brunswick,Pelagics,Tuna,x,x
2016,New Brunswick,Other,Marine plants,x,x
2016,New Brunswick,Other,Miscellaneous,0,0
2016,New Brunswick,Other,Total other,"12,239,985","611,999"
2016,New Brunswick,Groundfish,Cod,"5,761","7,559"
2016,New Brunswick,Groundfish,Flatfishes,"1,368","3,066"
2016,New Brunswick,Groundfish,Greenland turbot,x,x
2016,New Brunswick,Groundfish,Haddock,x,x
2016,New Brunswick,Groundfish,Hake,x,x
2016,New Brunswick,Groundfish,Halibut,"70,830","1,029,231"
2016,New Brunswick,Groundfish,Other groundfish,x,x
2016,New Brunswick,Groundfish,Pollock,x,x
2016,New Brunswick,Groundfish,Redfish spp.,x,x
2016,New Brunswick,Groundfish,Skate,0,0
2016,New Brunswick,Groundfish,Total groundfish,"107,730","1,067,736"
2016,New Brunswick,Grand total,Grand total,"89,231,464","410,802,865"
2016,Newfoundland and Labrador,Shellfish,Clams / quahaug,x,x
2016,Newfoundland and Labrador,Shellfish,"Crab, Other",x,x
2016,Newfoundland and Labrador,Shellfish,"Crab, Queen","41,744,918","274,010,760"
2016,Newfoundland and Labrador,Shellfish,Lobster,"2,880,359","36,592,885"
2016,Newfoundland and Labrador,Shellfish,Other shellfish,"2,633,847","5,457,300"
2016,Newfoundland and Labrador,Shellfish,Scallop,"1,464,904","3,527,594"
2016,Newfoundland and Labrador,Shellfish,Sea cucumber,"2,260,784","2,471,541"
2016,Newfoundland and Labrador,Shellfish,Sea urchin,x,x
2016,Newfoundland and Labrador,Shellfish,Shrimp,"61,915,636","276,064,261"
2016,Newfoundland and Labrador,Shellfish,Total shellfish,"128,747,098","643,141,681"
2016,Newfoundland and Labrador,Pelagics,Alewife,0,0
2016,Newfoundland and Labrador,Pelagics,Capelin,"36,682,148","13,504,304"
2016,Newfoundland and Labrador,Pelagics,Eel,"36,201","197,766"
2016,Newfoundland and Labrador,Pelagics,Elvers,0,0
2016,Newfoundland and Labrador,Pelagics,Herring,"27,342,227","8,197,863"
2016,Newfoundland and Labrador,Pelagics,Mackerel,"4,632,601","2,727,036"
2016,Newfoundland and Labrador,Pelagics,Other pelagic/finfish,"28,417","58,449"
2016,Newfoundland and Labrador,Pelagics,Salmon,0,0
2016,Newfoundland and Labrador,Pelagics,Shark,x,x
2016,Newfoundland and Labrador,Pelagics,Silversides,0,0
2016,Newfoundland and Labrador,Pelagics,Swordfish,x,x
2016,Newfoundland and Labrador,Pelagics,Total pelagics,"68,787,008","25,122,932"
2016,Newfoundland and Labrador,Pelagics,Tuna,"20,213","142,896"
2016,Newfoundland and Labrador,Other,Marine plants,0,0
2016,Newfoundland and Labrador,Other,Miscellaneous,17,"1,608,662"
2016,Newfoundland and Labrador,Other,Total other,17,"1,608,662"
2016,Newfoundland and Labrador,Groundfish,Cod,"16,217,209","23,375,925"
2016,Newfoundland and Labrador,Groundfish,Flatfishes,"8,758,329","12,661,466"
2016,Newfoundland and Labrador,Groundfish,Greenland turbot,"10,277,203","57,085,824"
2016,Newfoundland and Labrador,Groundfish,Haddock,"436,590","938,212"
2016,Newfoundland and Labrador,Groundfish,Hake,"531,765","513,556"
2016,Newfoundland and Labrador,Groundfish,Halibut,"809,930","8,422,971"
2016,Newfoundland and Labrador,Groundfish,Other groundfish,"1,570,237","9,377,608"
2016,Newfoundland and Labrador,Groundfish,Pollock,"380,847","345,908"
2016,Newfoundland and Labrador,Groundfish,Redfish spp.,"3,454,295","6,795,751"
2016,Newfoundland and Labrador,Groundfish,Skate,"411,958","131,058"
2016,Newfoundland and Labrador,Groundfish,Total groundfish,"42,848,363","119,648,280"
2016,Newfoundland and Labrador,Grand total,Grand total,"240,382,486","789,521,555"
2016,Nova Scotia,Shellfish,Clams / quahaug,"27,243,622","47,379,104"
2016,Nova Scotia,Shellfish,"Crab, Other",x,x
2016,Nova Scotia,Shellfish,"Crab, Queen","14,550,713","111,135,028"
2016,Nova Scotia,Shellfish,Lobster,"49,608,660","729,982,217"
2016,Nova Scotia,Shellfish,Other shellfish,"493,914","585,515"
2016,Nova Scotia,Shellfish,Scallop,"47,357,598","140,980,710"
2016,Nova Scotia,Shellfish,Sea cucumber,x,x
2016,Nova Scotia,Shellfish,Sea urchin,x,x
2016,Nova Scotia,Shellfish,Shrimp,"20,581,907","81,130,994"
2016,Nova Scotia,Shellfish,Total shellfish,"163,551,920","1,114,653,294"
2016,Nova Scotia,Pelagics,Alewife,"787,189","611,167"
2016,Nova Scotia,Pelagics,Capelin,0,0
2016,Nova Scotia,Pelagics,Eel,x,x
2016,Nova Scotia,Pelagics,Elvers,x,x
2016,Nova Scotia,Pelagics,Herring,"48,125,769","20,570,845"
2016,Nova Scotia,Pelagics,Mackerel,"1,279,721","1,585,331"
2016,Nova Scotia,Pelagics,Other pelagic/finfish,"14,695","19,244"
2016,Nova Scotia,Pelagics,Salmon,0,0
2016,Nova Scotia,Pelagics,Shark,"82,896","272,089"
2016,Nova Scotia,Pelagics,Silversides,x,x
2016,Nova Scotia,Pelagics,Swordfish,x,x
2016,Nova Scotia,Pelagics,Total pelagics,"52,364,974","60,539,090"
2016,Nova Scotia,Pelagics,Tuna,"483,257","5,374,262"
2016,Nova Scotia,Other,Marine plants,x,x
2016,Nova Scotia,Other,Miscellaneous,x,x
2016,Nova Scotia,Other,Total other,"132,728","7,244"
2016,Nova Scotia,Groundfish,Cod,"1,507,526","3,624,538"
2016,Nova Scotia,Groundfish,Flatfishes,"1,254,733","2,588,403"
2016,Nova Scotia,Groundfish,Greenland turbot,"27,848","42,118"
2016,Nova Scotia,Groundfish,Haddock,"15,434,771","23,976,117"
2016,Nova Scotia,Groundfish,Hake,"8,397,141","8,189,329"
2016,Nova Scotia,Groundfish,Halibut,"2,601,039","40,434,364"
2016,Nova Scotia,Groundfish,Other groundfish,"1,574,672","1,497,463"
2016,Nova Scotia,Groundfish,Pollock,"3,288,957","4,331,098"
2016,Nova Scotia,Groundfish,Redfish spp.,"6,422,792","6,347,894"
2016,Nova Scotia,Groundfish,Skate,"44,261","32,302"
2016,Nova Scotia,Groundfish,Total groundfish,"40,553,740","91,063,626"
2016,Nova Scotia,Grand total,Grand total,"256,603,362","1,266,263,254"
2016,Prince Edward Island,Shellfish,Clams / quahaug,x,x
2016,Prince Edward Island,Shellfish,"Crab, Other","1,861,139","2,027,299"
2016,Prince Edward Island,Shellfish,"Crab, Queen","1,899,419","15,708,118"
2016,Prince Edward Island,Shellfish,Lobster,"13,411,509","182,775,399"
2016,Prince Edward Island,Shellfish,Other shellfish,x,x
2016,Prince Edward Island,Shellfish,Scallop,"228,607","789,461"
2016,Prince Edward Island,Shellfish,Sea cucumber,0,0
2016,Prince Edward Island,Shellfish,Sea urchin,0,0
2016,Prince Edward Island,Shellfish,Shrimp,0,0
2016,Prince Edward Island,Shellfish,Total shellfish,"18,483,161","203,770,426"
2016,Prince Edward Island,Pelagics,Alewife,"46,116","69,534"
2016,Prince Edward Island,Pelagics,Capelin,0,0
2016,Prince Edward Island,Pelagics,Eel,"88,102","570,850"
2016,Prince Edward Island,Pelagics,Elvers,0,0
2016,Prince Edward Island,Pelagics,Herring,"4,406,081","3,157,914"
2016,Prince Edward Island,Pelagics,Mackerel,"820,767","1,386,023"
2016,Prince Edward Island,Pelagics,Other pelagic/finfish,x,x
2016,Prince Edward Island,Pelagics,Salmon,0,0
2016,Prince Edward Island,Pelagics,Shark,0,0
2016,Prince Edward Island,Pelagics,Silversides,x,x
2016,Prince Edward Island,Pelagics,Swordfish,0,0
2016,Prince Edward Island,Pelagics,Total pelagics,"5,658,543","8,148,101"
2016,Prince Edward Island,Pelagics,Tuna,"154,986","2,684,895"
2016,Prince Edward Island,Other,Marine plants,"357,386","62,997"
2016,Prince Edward Island,Other,Miscellaneous,0,0
2016,Prince Edward Island,Other,Total other,"357,386","62,997"
2016,Prince Edward Island,Groundfish,Cod,"9,235","11,516"
2016,Prince Edward Island,Groundfish,Flatfishes,"29,172","49,999"
2016,Prince Edward Island,Groundfish,Greenland turbot,0,0
2016,Prince Edward Island,Groundfish,Haddock,0,0
2016,Prince Edward Island,Groundfish,Hake,173,147
2016,Prince Edward Island,Groundfish,Halibut,"51,292","735,224"
2016,Prince Edward Island,Groundfish,Other groundfish,0,0
2016,Prince Edward Island,Groundfish,Pollock,0,0
2016,Prince Edward Island,Groundfish,Redfish spp.,0,0
2016,Prince Edward Island,Groundfish,Skate,0,0
2016,Prince Edward Island,Groundfish,Total groundfish,"89,872","796,885"
2016,Prince Edward Island,Grand total,Grand total,"24,588,962","212,778,409"
2016,Quebec,Shellfish,Clams / quahaug,"1,056,720","1,337,042"
2016,Quebec,Shellfish,"Crab, Other","1,196,279","1,571,135"
2016,Quebec,Shellfish,"Crab, Queen","14,537,675","111,221,515"
2016,Quebec,Shellfish,Lobster,"5,182,570","76,303,367"
2016,Quebec,Shellfish,Other shellfish,"1,417,928","2,507,563"
2016,Quebec,Shellfish,Scallop,"612,234","1,993,726"
2016,Quebec,Shellfish,Sea cucumber,"1,037,654","1,674,031"
2016,Quebec,Shellfish,Sea urchin,"786,006","3,558,634"
2016,Quebec,Shellfish,Shrimp,"16,529,329","48,888,905"
2016,Quebec,Shellfish,Total shellfish,"42,356,395","249,055,918"
2016,Quebec,Pelagics,Alewife,0,0
2016,Quebec,Pelagics,Capelin,x,x
2016,Quebec,Pelagics,Eel,x,x
2016,Quebec,Pelagics,Elvers,0,0
2016,Quebec,Pelagics,Herring,"6,862,956","2,321,350"
2016,Quebec,Pelagics,Mackerel,"813,627","834,463"
2016,Quebec,Pelagics,Other pelagic/finfish,x,x
2016,Quebec,Pelagics,Salmon,0,0
2016,Quebec,Pelagics,Shark,x,x
2016,Quebec,Pelagics,Silversides,0,0
2016,Quebec,Pelagics,Swordfish,0,0
2016,Quebec,Pelagics,Total pelagics,"7,687,549","3,296,564"
2016,Quebec,Pelagics,Tuna,x,x
2016,Quebec,Other,Marine plants,0,0
2016,Quebec,Other,Miscellaneous,0,0
2016,Quebec,Other,Total other,0,0
2016,Quebec,Groundfish,Cod,"473,002","766,464"
2016,Quebec,Groundfish,Flatfishes,"383,004","1,138,944"
2016,Quebec,Groundfish,Greenland turbot,x,x
2016,Quebec,Groundfish,Haddock,x,x
2016,Quebec,Groundfish,Hake,x,x
2016,Quebec,Groundfish,Halibut,"542,869","6,030,901"
2016,Quebec,Groundfish,Other groundfish,x,x
2016,Quebec,Groundfish,Pollock,x,x
2016,Quebec,Groundfish,Redfish spp.,x,x
2016,Quebec,Groundfish,Skate,165,75
2016,Quebec,Groundfish,Total groundfish,"4,350,250","18,038,903"
2016,Quebec,Grand total,Grand total,"54,394,194","270,391,386"
2017,Atlantic,Shellfish,Clams / quahaug,"46,844,585","90,188,156"
2017,Atlantic,Shellfish,"Crab, Other","5,947,185","8,187,394"
2017,Atlantic,Shellfish,"Crab, Queen","92,458,274","967,953,357"
2017,Atlantic,Shellfish,Lobster,"97,452,047","1,461,660,830"
2017,Atlantic,Shellfish,Other shellfish,"5,566,572","12,113,304"
2017,Atlantic,Shellfish,Scallop,"55,943,218","175,732,960"
2017,Atlantic,Shellfish,Sea cucumber,"8,185,795","9,662,643"
2017,Atlantic,Shellfish,Sea urchin,"2,265,384","8,018,703"
2017,Atlantic,Shellfish,Shrimp,"81,445,572","315,678,596"
2017,Atlantic,Shellfish,Total shellfish,"396,108,632","3,049,195,943"
2017,Atlantic,Pelagics,Alewife,"1,676,163","1,642,426"
2017,Atlantic,Pelagics,Capelin,"21,892,291","6,959,171"
2017,Atlantic,Pelagics,Eel,"184,586","1,355,345"
2017,Atlantic,Pelagics,Elvers,"5,197","15,133,670"
2017,Atlantic,Pelagics,Herring,"100,822,256","49,561,875"
2017,Atlantic,Pelagics,Mackerel,"9,478,993","10,820,375"
2017,Atlantic,Pelagics,Other pelagic/finfish,"128,655","352,176"
2017,Atlantic,Pelagics,Salmon,0,0
2017,Atlantic,Pelagics,Shark,"98,352","339,284"
2017,Atlantic,Pelagics,Silversides,"178,455","382,236"
2017,Atlantic,Pelagics,Swordfish,"1,188,183","13,002,883"
2017,Atlantic,Pelagics,Total pelagics,"136,545,208","110,391,929"
2017,Atlantic,Pelagics,Tuna,"892,077","10,842,488"
2017,Atlantic,Other,Marine plants,"12,865,254","643,869"
2017,Atlantic,Other,Miscellaneous,"421,497","2,333,825"
2017,Atlantic,Other,Total other,"13,286,751","2,977,694"
2017,Atlantic,Groundfish,Cod,"22,742,745","34,609,061"
2017,Atlantic,Groundfish,Flatfishes,"9,636,593","15,203,648"
2017,Atlantic,Groundfish,Greenland turbot,"11,336,412","61,256,096"
2017,Atlantic,Groundfish,Haddock,"19,015,456","26,837,728"
2017,Atlantic,Groundfish,Hake,"9,168,690","7,773,636"
2017,Atlantic,Groundfish,Halibut,"4,502,149","59,822,140"
2017,Atlantic,Groundfish,Other groundfish,"2,745,309","11,168,446"
2017,Atlantic,Groundfish,Pollock,"3,351,627","3,565,942"
2017,Atlantic,Groundfish,Redfish spp.,"12,522,460","16,200,898"
2017,Atlantic,Groundfish,Skate,"429,825","103,945"
2017,Atlantic,Groundfish,Total groundfish,"95,451,266","236,541,539"
2017,Atlantic,Grand total,Grand total,"641,391,857","3,399,107,106"
2017,British Columbia,Shellfish,Clams / quahaug,"1,986,369","52,170,946"
2017,British Columbia,Shellfish,"Crab, Other","3,801,859","51,058,966"
2017,British Columbia,Shellfish,"Crab, Queen",0,0
2017,British Columbia,Shellfish,Lobster,0,0
2017,British Columbia,Shellfish,Other shellfish,"58,454","161,607"
2017,British Columbia,Shellfish,Scallop,0,0
2017,British Columbia,Shellfish,Sea cucumber,"1,735,761","8,609,376"
2017,British Columbia,Shellfish,Sea urchin,"3,125,930","7,398,446"
2017,British Columbia,Shellfish,Shrimp,"1,411,137","23,865,589"
2017,British Columbia,Shellfish,Total shellfish,"12,119,510","143,264,931"
2017,British Columbia,Pelagics,Alewife,0,0
2017,British Columbia,Pelagics,Capelin,0,0
2017,British Columbia,Pelagics,Eel,0,0
2017,British Columbia,Pelagics,Elvers,0,0
2017,British Columbia,Pelagics,Herring,"24,471,430","17,286,415"
2017,British Columbia,Pelagics,Mackerel,0,0
2017,British Columbia,Pelagics,Other pelagic/finfish,0,0
2017,British Columbia,Pelagics,Salmon,"12,892,767","46,255,312"
2017,British Columbia,Pelagics,Shark,0,0
2017,British Columbia,Pelagics,Silversides,0,0
2017,British Columbia,Pelagics,Swordfish,0,0
2017,British Columbia,Pelagics,Total pelagics,"39,192,824","79,816,507"
2017,British Columbia,Pelagics,Tuna,"1,828,627","16,274,780"
2017,British Columbia,Other,Marine plants,0,0
2017,British Columbia,Other,Miscellaneous,0,0
2017,British Columbia,Other,Total other,0,0
2017,British Columbia,Groundfish,Cod,"576,695","980,381"
2017,British Columbia,Groundfish,Flatfishes,"13,197,775","14,398,297"
2017,British Columbia,Groundfish,Greenland turbot,0,0
2017,British Columbia,Groundfish,Haddock,0,0
2017,British Columbia,Groundfish,Hake,"88,112,077","33,482,589"
2017,British Columbia,Groundfish,Halibut,"3,811,619","61,748,236"
2017,British Columbia,Groundfish,Other groundfish,"3,304,528","38,510,467"
2017,British Columbia,Groundfish,Pollock,"3,383,861","1,488,899"
2017,British Columbia,Groundfish,Redfish spp.,"16,820,265","24,090,782"
2017,British Columbia,Groundfish,Skate,"438,104","569,536"
2017,British Columbia,Groundfish,Total groundfish,"129,644,925","175,269,188"
2017,British Columbia,Grand total,Grand total,"180,957,259","398,350,626"
2017,Canada,Shellfish,Clams / quahaug,"48,830,954","142,359,102"
2017,Canada,Shellfish,"Crab, Other","9,749,044","59,246,361"
2017,Canada,Shellfish,"Crab, Queen","92,458,274","967,953,357"
2017,Canada,Shellfish,Lobster,"97,452,047","1,461,660,830"
2017,Canada,Shellfish,Other shellfish,"5,625,026","12,274,912"
2017,Canada,Shellfish,Scallop,"55,943,218","175,732,960"
2017,Canada,Shellfish,Sea cucumber,"9,921,556","18,272,019"
2017,Canada,Shellfish,Sea urchin,"5,391,314","15,417,149"
2017,Canada,Shellfish,Shrimp,"82,856,709","339,544,185"
2017,Canada,Shellfish,Total shellfish,"408,228,142","3,192,460,874"
2017,Canada,Pelagics,Alewife,"1,676,163","1,642,426"
2017,Canada,Pelagics,Capelin,"21,892,291","6,959,171"
2017,Canada,Pelagics,Eel,"184,586","1,355,345"
2017,Canada,Pelagics,Elvers,"5,197","15,133,670"
2017,Canada,Pelagics,Herring,"125,293,686","66,848,290"
2017,Canada,Pelagics,Mackerel,"9,478,993","10,820,375"
2017,Canada,Pelagics,Other pelagic/finfish,"128,655","352,176"
2017,Canada,Pelagics,Salmon,"12,892,767","46,255,312"
2017,Canada,Pelagics,Shark,"98,352","339,284"
2017,Canada,Pelagics,Silversides,"178,455","382,236"
2017,Canada,Pelagics,Swordfish,"1,188,183","13,002,883"
2017,Canada,Pelagics,Total pelagics,"175,738,032","190,208,437"
2017,Canada,Pelagics,Tuna,"2,720,704","27,117,268"
2017,Canada,Other,Marine plants,"12,865,254","643,869"
2017,Canada,Other,Miscellaneous,"421,497","2,333,825"
2017,Canada,Other,Total other,"13,286,751","2,977,694"
2017,Canada,Groundfish,Cod,"23,319,440","35,589,442"
2017,Canada,Groundfish,Flatfishes,"22,834,368","29,601,945"
2017,Canada,Groundfish,Greenland turbot,"11,336,412","61,256,096"
2017,Canada,Groundfish,Haddock,"19,015,456","26,837,728"
2017,Canada,Groundfish,Hake,"97,280,767","41,256,225"
2017,Canada,Groundfish,Halibut,"8,313,768","121,570,375"
2017,Canada,Groundfish,Other groundfish,"6,049,837","49,678,913"
2017,Canada,Groundfish,Pollock,"6,735,488","5,054,841"
2017,Canada,Groundfish,Redfish spp.,"29,342,725","40,291,680"
2017,Canada,Groundfish,Skate,"867,929","673,481"
2017,Canada,Groundfish,Total groundfish,"225,096,191","411,810,727"
2017,Canada,Grand total,Grand total,"822,349,116","3,797,457,732"
2017,New Brunswick,Shellfish,Clams / quahaug,x,x
2017,New Brunswick,Shellfish,"Crab, Other","1,537,888","2,383,933"
2017,New Brunswick,Shellfish,"Crab, Queen","19,016,983","209,560,909"
2017,New Brunswick,Shellfish,Lobster,"21,055,906","286,825,918"
2017,New Brunswick,Shellfish,Other shellfish,x,x
2017,New Brunswick,Shellfish,Scallop,"3,758,526","12,143,153"
2017,New Brunswick,Shellfish,Sea cucumber,x,x
2017,New Brunswick,Shellfish,Sea urchin,"832,276","2,588,360"
2017,New Brunswick,Shellfish,Shrimp,"4,659,918","9,735,445"
2017,New Brunswick,Shellfish,Total shellfish,"52,484,436","526,302,005"
2017,New Brunswick,Pelagics,Alewife,"762,440","580,838"
2017,New Brunswick,Pelagics,Capelin,0,0
2017,New Brunswick,Pelagics,Eel,"64,033","469,434"
2017,New Brunswick,Pelagics,Elvers,x,x
2017,New Brunswick,Pelagics,Herring,"29,634,661","15,453,158"
2017,New Brunswick,Pelagics,Mackerel,"409,315","435,712"
2017,New Brunswick,Pelagics,Other pelagic/finfish,"70,694","81,316"
2017,New Brunswick,Pelagics,Salmon,0,0
2017,New Brunswick,Pelagics,Shark,x,x
2017,New Brunswick,Pelagics,Silversides,0,0
2017,New Brunswick,Pelagics,Swordfish,0,0
2017,New Brunswick,Pelagics,Total pelagics,"30,942,582","17,625,609"
2017,New Brunswick,Pelagics,Tuna,x,x
2017,New Brunswick,Other,Marine plants,x,x
2017,New Brunswick,Other,Miscellaneous,0,0
2017,New Brunswick,Other,Total other,"12,740,323","637,016"
2017,New Brunswick,Groundfish,Cod,"8,342","13,415"
2017,New Brunswick,Groundfish,Flatfishes,x,x
2017,New Brunswick,Groundfish,Greenland turbot,0,0
2017,New Brunswick,Groundfish,Haddock,x,x
2017,New Brunswick,Groundfish,Hake,x,x
2017,New Brunswick,Groundfish,Halibut,"134,753","1,639,685"
2017,New Brunswick,Groundfish,Other groundfish,x,x
2017,New Brunswick,Groundfish,Pollock,x,x
2017,New Brunswick,Groundfish,Redfish spp.,0,0
2017,New Brunswick,Groundfish,Skate,0,0
2017,New Brunswick,Groundfish,Total groundfish,"148,242","1,660,186"
2017,New Brunswick,Grand total,Grand total,"96,315,583","546,224,817"
2017,Newfoundland and Labrador,Shellfish,Clams / quahaug,x,x
2017,Newfoundland and Labrador,Shellfish,"Crab, Other",x,x
2017,Newfoundland and Labrador,Shellfish,"Crab, Queen","33,604,911","325,261,402"
2017,Newfoundland and Labrador,Shellfish,Lobster,"2,912,941","44,598,879"
2017,Newfoundland and Labrador,Shellfish,Other shellfish,"2,019,668","4,145,830"
2017,Newfoundland and Labrador,Shellfish,Scallop,"1,502,570","3,446,935"
2017,Newfoundland and Labrador,Shellfish,Sea cucumber,"3,706,607","4,069,491"
2017,Newfoundland and Labrador,Shellfish,Sea urchin,"569,485","1,079,464"
2017,Newfoundland and Labrador,Shellfish,Shrimp,"47,727,590","214,206,100"
2017,Newfoundland and Labrador,Shellfish,Total shellfish,"105,196,409","634,478,879"
2017,Newfoundland and Labrador,Pelagics,Alewife,0,0
2017,Newfoundland and Labrador,Pelagics,Capelin,"21,861,330","6,939,339"
2017,Newfoundland and Labrador,Pelagics,Eel,"36,137","261,327"
2017,Newfoundland and Labrador,Pelagics,Elvers,0,0
2017,Newfoundland and Labrador,Pelagics,Herring,"21,303,136","7,608,662"
2017,Newfoundland and Labrador,Pelagics,Mackerel,"2,653,286","1,748,615"
2017,Newfoundland and Labrador,Pelagics,Other pelagic/finfish,"15,860","40,950"
2017,Newfoundland and Labrador,Pelagics,Salmon,0,0
2017,Newfoundland and Labrador,Pelagics,Shark,"8,245","8,862"
2017,Newfoundland and Labrador,Pelagics,Silversides,0,0
2017,Newfoundland and Labrador,Pelagics,Swordfish,"23,161","157,112"
2017,Newfoundland and Labrador,Pelagics,Total pelagics,"45,930,761","17,009,984"
2017,Newfoundland and Labrador,Pelagics,Tuna,"29,606","245,117"
2017,Newfoundland and Labrador,Other,Marine plants,0,0
2017,Newfoundland and Labrador,Other,Miscellaneous,"421,399","2,333,728"
2017,Newfoundland and Labrador,Other,Total other,"421,399","2,333,728"
2017,Newfoundland and Labrador,Groundfish,Cod,"20,744,886","30,731,377"
2017,Newfoundland and Labrador,Groundfish,Flatfishes,"8,122,417","11,523,252"
2017,Newfoundland and Labrador,Groundfish,Greenland turbot,"9,790,874","55,470,770"
2017,Newfoundland and Labrador,Groundfish,Haddock,"554,257","1,184,093"
2017,Newfoundland and Labrador,Groundfish,Hake,"314,025","290,782"
2017,Newfoundland and Labrador,Groundfish,Halibut,"821,757","8,485,512"
2017,Newfoundland and Labrador,Groundfish,Other groundfish,x,x
2017,Newfoundland and Labrador,Groundfish,Pollock,"542,464","446,214"
2017,Newfoundland and Labrador,Groundfish,Redfish spp.,"5,286,193","9,618,618"
2017,Newfoundland and Labrador,Groundfish,Skate,x,x
2017,Newfoundland and Labrador,Groundfish,Total groundfish,"48,229,509","127,175,688"
2017,Newfoundland and Labrador,Grand total,Grand total,"199,778,078","780,998,278"
2017,Nova Scotia,Shellfish,Clams / quahaug,"31,918,336","48,569,932"
2017,Nova Scotia,Shellfish,"Crab, Other","1,495,909","2,181,730"
2017,Nova Scotia,Shellfish,"Crab, Queen","16,190,919","177,508,039"
2017,Nova Scotia,Shellfish,Lobster,"49,930,995","802,026,449"
2017,Nova Scotia,Shellfish,Other shellfish,x,x
2017,Nova Scotia,Shellfish,Scallop,"49,997,690","157,676,049"
2017,Nova Scotia,Shellfish,Sea cucumber,x,x
2017,Nova Scotia,Shellfish,Sea urchin,x,x
2017,Nova Scotia,Shellfish,Shrimp,"17,359,804","64,142,100"
2017,Nova Scotia,Shellfish,Total shellfish,"170,059,955","1,255,514,247"
2017,Nova Scotia,Pelagics,Alewife,"851,708","935,182"
2017,Nova Scotia,Pelagics,Capelin,x,x
2017,Nova Scotia,Pelagics,Eel,"16,550","108,741"
2017,Nova Scotia,Pelagics,Elvers,x,x
2017,Nova Scotia,Pelagics,Herring,"41,058,653","22,328,280"
2017,Nova Scotia,Pelagics,Mackerel,"2,502,720","3,112,345"
2017,Nova Scotia,Pelagics,Other pelagic/finfish,x,x
2017,Nova Scotia,Pelagics,Salmon,0,0
2017,Nova Scotia,Pelagics,Shark,"89,856","330,132"
2017,Nova Scotia,Pelagics,Silversides,0,0
2017,Nova Scotia,Pelagics,Swordfish,"1,165,022","12,845,771"
2017,Nova Scotia,Pelagics,Total pelagics,"46,436,919","62,744,467"
2017,Nova Scotia,Pelagics,Tuna,"697,019","8,305,561"
2017,Nova Scotia,Other,Marine plants,x,x
2017,Nova Scotia,Other,Miscellaneous,x,x
2017,Nova Scotia,Other,Total other,"125,029","6,950"
2017,Nova Scotia,Groundfish,Cod,"1,485,262","3,020,894"
2017,Nova Scotia,Groundfish,Flatfishes,"991,804","1,850,580"
2017,Nova Scotia,Groundfish,Greenland turbot,"31,703","62,487"
2017,Nova Scotia,Groundfish,Haddock,"18,460,092","25,652,087"
2017,Nova Scotia,Groundfish,Hake,"8,849,501","7,479,064"
2017,Nova Scotia,Groundfish,Halibut,"2,840,387","41,530,487"
2017,Nova Scotia,Groundfish,Other groundfish,"1,098,887","1,832,788"
2017,Nova Scotia,Groundfish,Pollock,"2,807,579","3,117,983"
2017,Nova Scotia,Groundfish,Redfish spp.,"7,184,123","6,538,737"
2017,Nova Scotia,Groundfish,Skate,"8,381","3,602"
2017,Nova Scotia,Groundfish,Total groundfish,"43,757,719","91,088,710"
2017,Nova Scotia,Grand total,Grand total,"260,379,622","1,409,354,374"
2017,Prince Edward Island,Shellfish,Clams / quahaug,"726,994","1,484,101"
2017,Prince Edward Island,Shellfish,"Crab, Other","1,517,829","1,858,086"
2017,Prince Edward Island,Shellfish,"Crab, Queen","4,143,672","45,662,943"
2017,Prince Edward Island,Shellfish,Lobster,"15,884,464","211,140,882"
2017,Prince Edward Island,Shellfish,Other shellfish,"1,432,400","4,401,918"
2017,Prince Edward Island,Shellfish,Scallop,0,0
2017,Prince Edward Island,Shellfish,Sea cucumber,0,0
2017,Prince Edward Island,Shellfish,Sea urchin,0,0
2017,Prince Edward Island,Shellfish,Shrimp,0,0
2017,Prince Edward Island,Shellfish,Total shellfish,"23,705,359","264,547,930"
2017,Prince Edward Island,Pelagics,Alewife,"62,015","126,405"
2017,Prince Edward Island,Pelagics,Capelin,0,0
2017,Prince Edward Island,Pelagics,Eel,"67,866","515,844"
2017,Prince Edward Island,Pelagics,Elvers,0,0
2017,Prince Edward Island,Pelagics,Herring,"3,239,547","1,984,464"
2017,Prince Edward Island,Pelagics,Mackerel,"2,702,644","4,242,388"
2017,Prince Edward Island,Pelagics,Other pelagic/finfish,"2,804","4,585"
2017,Prince Edward Island,Pelagics,Salmon,0,0
2017,Prince Edward Island,Pelagics,Shark,0,0
2017,Prince Edward Island,Pelagics,Silversides,"178,455","382,236"
2017,Prince Edward Island,Pelagics,Swordfish,0,0
2017,Prince Edward Island,Pelagics,Total pelagics,"6,405,234","9,335,648"
2017,Prince Edward Island,Pelagics,Tuna,"151,903","2,079,727"
2017,Prince Edward Island,Other,Marine plants,0,0
2017,Prince Edward Island,Other,Miscellaneous,0,0
2017,Prince Edward Island,Other,Total other,0,0
2017,Prince Edward Island,Groundfish,Cod,"6,345","11,926"
2017,Prince Edward Island,Groundfish,Flatfishes,x,x
2017,Prince Edward Island,Groundfish,Greenland turbot,0,0
2017,Prince Edward Island,Groundfish,Haddock,0,0
2017,Prince Edward Island,Groundfish,Hake,x,x
2017,Prince Edward Island,Groundfish,Halibut,"56,508","669,819"
2017,Prince Edward Island,Groundfish,Other groundfish,0,0
2017,Prince Edward Island,Groundfish,Pollock,x,x
2017,Prince Edward Island,Groundfish,Redfish spp.,0,0
2017,Prince Edward Island,Groundfish,Skate,0,0
2017,Prince Edward Island,Groundfish,Total groundfish,"70,548","694,808"
2017,Prince Edward Island,Grand total,Grand total,"30,181,141","274,578,386"
2017,Quebec,Shellfish,Clams / quahaug,"880,182","1,047,498"
2017,Quebec,Shellfish,"Crab, Other",x,x
2017,Quebec,Shellfish,"Crab, Queen","19,501,789","209,960,064"
2017,Quebec,Shellfish,Lobster,"7,667,741","117,068,702"
2017,Quebec,Shellfish,Other shellfish,"1,332,092","2,405,307"
2017,Quebec,Shellfish,Scallop,"684,432","2,466,823"
2017,Quebec,Shellfish,Sea cucumber,"1,241,768","2,744,074"
2017,Quebec,Shellfish,Sea urchin,x,x
2017,Quebec,Shellfish,Shrimp,"11,698,260","27,594,952"
2017,Quebec,Shellfish,Total shellfish,"44,662,473","368,352,881"
2017,Quebec,Pelagics,Alewife,0,0
2017,Quebec,Pelagics,Capelin,x,x
2017,Quebec,Pelagics,Eel,0,0
2017,Quebec,Pelagics,Elvers,0,0
2017,Quebec,Pelagics,Herring,"5,586,259","2,187,311"
2017,Quebec,Pelagics,Mackerel,"1,211,028","1,281,315"
2017,Quebec,Pelagics,Other pelagic/finfish,x,x
2017,Quebec,Pelagics,Salmon,0,0
2017,Quebec,Pelagics,Shark,x,x
2017,Quebec,Pelagics,Silversides,0,0
2017,Quebec,Pelagics,Swordfish,0,0
2017,Quebec,Pelagics,Total pelagics,"6,829,712","3,676,222"
2017,Quebec,Pelagics,Tuna,x,x
2017,Quebec,Other,Marine plants,0,0
2017,Quebec,Other,Miscellaneous,0,0
2017,Quebec,Other,Total other,0,0
2017,Quebec,Groundfish,Cod,"497,910","831,450"
2017,Quebec,Groundfish,Flatfishes,"513,615","1,814,219"
2017,Quebec,Groundfish,Greenland turbot,"1,513,835","5,722,838"
2017,Quebec,Groundfish,Haddock,x,x
2017,Quebec,Groundfish,Hake,"4,676","3,261"
2017,Quebec,Groundfish,Halibut,"648,744","7,496,637"
2017,Quebec,Groundfish,Other groundfish,"14,166","10,074"
2017,Quebec,Groundfish,Pollock,x,x
2017,Quebec,Groundfish,Redfish spp.,"52,144","43,543"
2017,Quebec,Groundfish,Skate,x,x
2017,Quebec,Groundfish,Total groundfish,"3,245,248","15,922,147"
2017,Quebec,Grand total,Grand total,"54,737,433","387,951,250"
2018,Atlantic,Shellfish,Clams / quahaug,"40,716,888","80,928,726"
2018,Atlantic,Shellfish,"Crab, Other","5,032,215","7,686,491"
2018,Atlantic,Shellfish,"Crab, Queen","67,415,680","772,189,967"
2018,Atlantic,Shellfish,Lobster,"99,552,950","1,457,844,209"
2018,Atlantic,Shellfish,Other shellfish,"8,734,858","24,355,258"
2018,Atlantic,Shellfish,Scallop,"55,239,842","142,402,414"
2018,Atlantic,Shellfish,Sea cucumber,"9,947,713","13,922,025"
2018,Atlantic,Shellfish,Sea urchin,"1,586,166","6,687,274"
2018,Atlantic,Shellfish,Shrimp,"83,068,247","373,170,809"
2018,Atlantic,Shellfish,Total shellfish,"371,294,559","2,879,187,172"
2018,Atlantic,Pelagics,Alewife,"2,112,502","2,202,672"
2018,Atlantic,Pelagics,Capelin,"28,405,691","10,597,743"
2018,Atlantic,Pelagics,Eel,"267,175","1,428,628"
2018,Atlantic,Pelagics,Elvers,"7,267","34,812,267"
2018,Atlantic,Pelagics,Herring,"100,178,962","52,612,185"
2018,Atlantic,Pelagics,Mackerel,"11,060,674","10,995,957"
2018,Atlantic,Pelagics,Other pelagic/finfish,"185,685","251,813"
2018,Atlantic,Pelagics,Salmon,0,0
2018,Atlantic,Pelagics,Shark,"51,476","185,518"
2018,Atlantic,Pelagics,Silversides,"199,483","441,026"
2018,Atlantic,Pelagics,Swordfish,"781,984","8,906,406"
2018,Atlantic,Pelagics,Total pelagics,"144,036,962","133,040,551"
2018,Atlantic,Pelagics,Tuna,"786,063","10,606,335"
2018,Atlantic,Other,Marine plants,"11,489,675","582,550"
2018,Atlantic,Other,Miscellaneous,"488,316","1,750,877"
2018,Atlantic,Other,Total other,"11,977,991","2,333,427"
2018,Atlantic,Groundfish,Cod,"18,247,828","27,745,117"
2018,Atlantic,Groundfish,Flatfishes,"9,725,006","18,825,542"
2018,Atlantic,Groundfish,Greenland turbot,"11,567,943","62,176,690"
2018,Atlantic,Groundfish,Haddock,"17,333,461","18,723,593"
2018,Atlantic,Groundfish,Hake,"6,755,031","5,709,793"
2018,Atlantic,Groundfish,Halibut,"5,616,425","64,713,820"
2018,Atlantic,Groundfish,Other groundfish,"2,528,228","6,116,057"
2018,Atlantic,Groundfish,Pollock,"3,717,283","3,163,045"
2018,Atlantic,Groundfish,Redfish spp.,"12,422,178","15,717,229"
2018,Atlantic,Groundfish,Skate,"969,981","249,824"
2018,Atlantic,Groundfish,Total groundfish,"88,883,364","223,140,710"
2018,Atlantic,Grand total,Grand total,"616,192,876","3,237,701,859"
2018,British Columbia,Shellfish,Clams / quahaug,"1,753,102","51,690,579"
2018,British Columbia,Shellfish,"Crab, Other","4,793,951","60,466,182"
2018,British Columbia,Shellfish,"Crab, Queen",0,0
2018,British Columbia,Shellfish,Lobster,0,0
2018,British Columbia,Shellfish,Other shellfish,0,0
2018,British Columbia,Shellfish,Scallop,0,0
2018,British Columbia,Shellfish,Sea cucumber,"1,688,939","8,748,025"
2018,British Columbia,Shellfish,Sea urchin,"2,908,896","7,564,265"
2018,British Columbia,Shellfish,Shrimp,"2,083,349","51,341,936"
2018,British Columbia,Shellfish,Total shellfish,"13,314,102","180,028,554"
2018,British Columbia,Pelagics,Alewife,0,0
2018,British Columbia,Pelagics,Capelin,0,0
2018,British Columbia,Pelagics,Eel,0,0
2018,British Columbia,Pelagics,Elvers,0,0
2018,British Columbia,Pelagics,Herring,"19,315,450","15,058,010"
2018,British Columbia,Pelagics,Mackerel,0,0
2018,British Columbia,Pelagics,Other pelagic/finfish,0,0
2018,British Columbia,Pelagics,Salmon,"18,008,438","92,014,489"
2018,British Columbia,Pelagics,Shark,0,0
2018,British Columbia,Pelagics,Silversides,0,0
2018,British Columbia,Pelagics,Swordfish,0,0
2018,British Columbia,Pelagics,Total pelagics,"40,039,887","121,637,699"
2018,British Columbia,Pelagics,Tuna,"2,716,000","14,565,199"
2018,British Columbia,Other,Marine plants,0,0
2018,British Columbia,Other,Miscellaneous,0,0
2018,British Columbia,Other,Total other,0,0
2018,British Columbia,Groundfish,Cod,"279,751","501,011"
2018,British Columbia,Groundfish,Flatfishes,"12,508,298","10,345,410"
2018,British Columbia,Groundfish,Greenland turbot,0,0
2018,British Columbia,Groundfish,Haddock,0,0
2018,British Columbia,Groundfish,Hake,"102,240,909","51,331,105"
2018,British Columbia,Groundfish,Halibut,"3,329,828","46,429,227"
2018,British Columbia,Groundfish,Other groundfish,"3,655,974","37,140,418"
2018,British Columbia,Groundfish,Pollock,"3,357,128","1,226,858"
2018,British Columbia,Groundfish,Redfish spp.,"15,817,175","20,570,872"
2018,British Columbia,Groundfish,Skate,"297,886","315,464"
2018,British Columbia,Groundfish,Total groundfish,"141,486,950","167,860,363"
2018,British Columbia,Grand total,Grand total,"194,840,939","469,526,616"
2018,Canada,Shellfish,Clams / quahaug,"42,469,990","132,619,305"
2018,Canada,Shellfish,"Crab, Other","9,826,166","68,152,673"
2018,Canada,Shellfish,"Crab, Queen","67,415,680","772,189,967"
2018,Canada,Shellfish,Lobster,"99,552,950","1,457,844,209"
2018,Canada,Shellfish,Other shellfish,"8,734,858","24,355,258"
2018,Canada,Shellfish,Scallop,"55,239,842","142,402,414"
2018,Canada,Shellfish,Sea cucumber,"11,636,652","22,670,050"
2018,Canada,Shellfish,Sea urchin,"4,495,062","14,251,538"
2018,Canada,Shellfish,Shrimp,"85,151,596","424,512,744"
2018,Canada,Shellfish,Total shellfish,"384,608,661","3,059,215,726"
2018,Canada,Pelagics,Alewife,"2,112,502","2,202,672"
2018,Canada,Pelagics,Capelin,"28,405,691","10,597,743"
2018,Canada,Pelagics,Eel,"267,175","1,428,628"
2018,Canada,Pelagics,Elvers,"7,267","34,812,267"
2018,Canada,Pelagics,Herring,"119,494,412","67,670,195"
2018,Canada,Pelagics,Mackerel,"11,060,674","10,995,957"
2018,Canada,Pelagics,Other pelagic/finfish,"185,685","251,813"
2018,Canada,Pelagics,Salmon,"18,008,438","92,014,489"
2018,Canada,Pelagics,Shark,"51,476","185,518"
2018,Canada,Pelagics,Silversides,"199,483","441,026"
2018,Canada,Pelagics,Swordfish,"781,984","8,906,406"
2018,Canada,Pelagics,Total pelagics,"184,076,849","254,678,249"
2018,Canada,Pelagics,Tuna,"3,502,063","25,171,535"
2018,Canada,Other,Marine plants,"11,489,675","582,550"
2018,Canada,Other,Miscellaneous,"488,316","1,750,877"
2018,Canada,Other,Total other,"11,977,991","2,333,427"
2018,Canada,Groundfish,Cod,"18,527,579","28,246,128"
2018,Canada,Groundfish,Flatfishes,"22,233,304","29,170,952"
2018,Canada,Groundfish,Greenland turbot,"11,567,943","62,176,690"
2018,Canada,Groundfish,Haddock,"17,333,461","18,723,593"
2018,Canada,Groundfish,Hake,"108,995,940","57,040,898"
2018,Canada,Groundfish,Halibut,"8,946,253","111,143,047"
2018,Canada,Groundfish,Other groundfish,"6,184,202","43,256,475"
2018,Canada,Groundfish,Pollock,"7,074,411","4,389,903"
2018,Canada,Groundfish,Redfish spp.,"28,239,353","36,288,101"
2018,Canada,Groundfish,Skate,"1,267,867","565,288"
2018,Canada,Groundfish,Total groundfish,"230,370,314","391,001,073"
2018,Canada,Grand total,Grand total,"811,033,815","3,707,228,475"
2018,New Brunswick,Shellfish,Clams / quahaug,x,x
2018,New Brunswick,Shellfish,"Crab, Other","1,138,291","1,706,254"
2018,New Brunswick,Shellfish,"Crab, Queen","8,172,850","97,924,046"
2018,New Brunswick,Shellfish,Lobster,"22,297,548","300,338,515"
2018,New Brunswick,Shellfish,Other shellfish,x,x
2018,New Brunswick,Shellfish,Scallop,"3,341,206","8,986,210"
2018,New Brunswick,Shellfish,Sea cucumber,x,x
2018,New Brunswick,Shellfish,Sea urchin,"589,084","2,645,102"
2018,New Brunswick,Shellfish,Shrimp,"3,280,906","9,774,424"
2018,New Brunswick,Shellfish,Total shellfish,"40,102,785","423,949,684"
2018,New Brunswick,Pelagics,Alewife,"1,211,558","1,312,354"
2018,New Brunswick,Pelagics,Capelin,0,0
2018,New Brunswick,Pelagics,Eel,"67,280","436,105"
2018,New Brunswick,Pelagics,Elvers,x,x
2018,New Brunswick,Pelagics,Herring,"35,490,461","20,219,202"
2018,New Brunswick,Pelagics,Mackerel,"288,323","487,963"
2018,New Brunswick,Pelagics,Other pelagic/finfish,"86,138","100,743"
2018,New Brunswick,Pelagics,Salmon,0,0
2018,New Brunswick,Pelagics,Shark,0,0
2018,New Brunswick,Pelagics,Silversides,0,0
2018,New Brunswick,Pelagics,Swordfish,0,0
2018,New Brunswick,Pelagics,Total pelagics,"37,145,961","24,956,093"
2018,New Brunswick,Pelagics,Tuna,x,x
2018,New Brunswick,Other,Marine plants,x,x
2018,New Brunswick,Other,Miscellaneous,0,0
2018,New Brunswick,Other,Total other,"11,331,588","566,579"
2018,New Brunswick,Groundfish,Cod,"6,906","15,807"
2018,New Brunswick,Groundfish,Flatfishes,x,x
2018,New Brunswick,Groundfish,Greenland turbot,0,0
2018,New Brunswick,Groundfish,Haddock,648,694
2018,New Brunswick,Groundfish,Hake,"2,495","3,207"
2018,New Brunswick,Groundfish,Halibut,"125,381","1,441,021"
2018,New Brunswick,Groundfish,Other groundfish,"11,085","15,427"
2018,New Brunswick,Groundfish,Pollock,x,x
2018,New Brunswick,Groundfish,Redfish spp.,x,x
2018,New Brunswick,Groundfish,Skate,0,0
2018,New Brunswick,Groundfish,Total groundfish,"151,465","1,483,449"
2018,New Brunswick,Grand total,Grand total,"88,731,799","450,955,806"
2018,Newfoundland and Labrador,Shellfish,Clams / quahaug,x,x
2018,Newfoundland and Labrador,Shellfish,"Crab, Other","504,955","562,859"
2018,Newfoundland and Labrador,Shellfish,"Crab, Queen","28,078,962","298,303,551"
2018,Newfoundland and Labrador,Shellfish,Lobster,"3,339,571","48,212,569"
2018,Newfoundland and Labrador,Shellfish,Other shellfish,"4,340,367","8,794,017"
2018,Newfoundland and Labrador,Shellfish,Scallop,"661,170","1,485,771"
2018,Newfoundland and Labrador,Shellfish,Sea cucumber,"5,549,683","7,430,298"
2018,Newfoundland and Labrador,Shellfish,Sea urchin,x,x
2018,Newfoundland and Labrador,Shellfish,Shrimp,"50,176,878","249,138,206"
2018,Newfoundland and Labrador,Shellfish,Total shellfish,"109,676,802","657,777,503"
2018,Newfoundland and Labrador,Pelagics,Alewife,0,0
2018,Newfoundland and Labrador,Pelagics,Capelin,"27,978,163","10,474,849"
2018,Newfoundland and Labrador,Pelagics,Eel,"53,070","329,549"
2018,Newfoundland and Labrador,Pelagics,Elvers,0,0
2018,Newfoundland and Labrador,Pelagics,Herring,"14,167,064","4,788,026"
2018,Newfoundland and Labrador,Pelagics,Mackerel,"5,625,213","3,672,076"
2018,Newfoundland and Labrador,Pelagics,Other pelagic/finfish,"26,117","63,474"
2018,Newfoundland and Labrador,Pelagics,Salmon,0,0
2018,Newfoundland and Labrador,Pelagics,Shark,x,x
2018,Newfoundland and Labrador,Pelagics,Silversides,0,0
2018,Newfoundland and Labrador,Pelagics,Swordfish,x,x
2018,Newfoundland and Labrador,Pelagics,Total pelagics,"47,872,920","19,528,939"
2018,Newfoundland and Labrador,Pelagics,Tuna,x,x
2018,Newfoundland and Labrador,Other,Marine plants,0,0
2018,Newfoundland and Labrador,Other,Miscellaneous,"488,288","1,750,847"
2018,Newfoundland and Labrador,Other,Total other,"488,288","1,750,847"
2018,Newfoundland and Labrador,Groundfish,Cod,"16,287,280","23,713,421"
2018,Newfoundland and Labrador,Groundfish,Flatfishes,"8,607,294","16,425,508"
2018,Newfoundland and Labrador,Groundfish,Greenland turbot,"10,457,167","57,978,204"
2018,Newfoundland and Labrador,Groundfish,Haddock,"239,488","449,738"
2018,Newfoundland and Labrador,Groundfish,Hake,"366,216","339,195"
2018,Newfoundland and Labrador,Groundfish,Halibut,"820,370","7,490,326"
2018,Newfoundland and Labrador,Groundfish,Other groundfish,"1,512,232","4,198,490"
2018,Newfoundland and Labrador,Groundfish,Pollock,"353,182","234,628"
2018,Newfoundland and Labrador,Groundfish,Redfish spp.,"5,984,748","9,355,647"
2018,Newfoundland and Labrador,Groundfish,Skate,"919,582","219,795"
2018,Newfoundland and Labrador,Groundfish,Total groundfish,"45,547,559","120,404,952"
2018,Newfoundland and Labrador,Grand total,Grand total,"203,585,569","799,462,242"
2018,Nova Scotia,Shellfish,Clams / quahaug,"21,699,518","33,259,246"
2018,Nova Scotia,Shellfish,"Crab, Other","1,097,097","2,342,257"
2018,Nova Scotia,Shellfish,"Crab, Queen","13,269,314","164,655,652"
2018,Nova Scotia,Shellfish,Lobster,"48,381,325","793,038,860"
2018,Nova Scotia,Shellfish,Other shellfish,x,x
2018,Nova Scotia,Shellfish,Scallop,"50,159,540","128,330,326"
2018,Nova Scotia,Shellfish,Sea cucumber,x,x
2018,Nova Scotia,Shellfish,Sea urchin,x,x
2018,Nova Scotia,Shellfish,Shrimp,"21,401,141","86,465,301"
2018,Nova Scotia,Shellfish,Total shellfish,"159,641,038","1,218,128,716"
2018,Nova Scotia,Pelagics,Alewife,"846,937","784,517"
2018,Nova Scotia,Pelagics,Capelin,0,0
2018,Nova Scotia,Pelagics,Eel,x,x
2018,Nova Scotia,Pelagics,Elvers,x,x
2018,Nova Scotia,Pelagics,Herring,"43,796,913","23,990,630"
2018,Nova Scotia,Pelagics,Mackerel,"1,646,896","1,893,635"
2018,Nova Scotia,Pelagics,Other pelagic/finfish,x,x
2018,Nova Scotia,Pelagics,Salmon,0,0
2018,Nova Scotia,Pelagics,Shark,"49,670","182,163"
2018,Nova Scotia,Pelagics,Silversides,0,0
2018,Nova Scotia,Pelagics,Swordfish,x,x
2018,Nova Scotia,Pelagics,Total pelagics,"47,722,932","75,651,004"
2018,Nova Scotia,Pelagics,Tuna,"564,052","7,289,364"
2018,Nova Scotia,Other,Marine plants,x,x
2018,Nova Scotia,Other,Miscellaneous,x,x
2018,Nova Scotia,Other,Total other,"158,115","16,001"
2018,Nova Scotia,Groundfish,Cod,"1,252,626","2,852,467"
2018,Nova Scotia,Groundfish,Flatfishes,"766,889","1,274,886"
2018,Nova Scotia,Groundfish,Greenland turbot,"31,127","134,080"
2018,Nova Scotia,Groundfish,Haddock,"17,092,578","18,272,645"
2018,Nova Scotia,Groundfish,Hake,"6,375,234","5,359,183"
2018,Nova Scotia,Groundfish,Halibut,"3,638,175","44,881,520"
2018,Nova Scotia,Groundfish,Other groundfish,"987,166","1,889,442"
2018,Nova Scotia,Groundfish,Pollock,"3,360,533","2,926,009"
2018,Nova Scotia,Groundfish,Redfish spp.,"6,320,754","6,254,591"
2018,Nova Scotia,Groundfish,Skate,"47,485","29,796"
2018,Nova Scotia,Groundfish,Total groundfish,"39,872,567","83,874,620"
2018,Nova Scotia,Grand total,Grand total,"247,394,652","1,377,670,341"
2018,Prince Edward Island,Shellfish,Clams / quahaug,"834,534","1,830,778"
2018,Prince Edward Island,Shellfish,"Crab, Other","1,251,778","1,494,457"
2018,Prince Edward Island,Shellfish,"Crab, Queen","2,738,864","33,222,167"
2018,Prince Edward Island,Shellfish,Lobster,"17,072,402","195,044,240"
2018,Prince Edward Island,Shellfish,Other shellfish,"2,053,769","6,316,654"
2018,Prince Edward Island,Shellfish,Scallop,"343,119","1,367,056"
2018,Prince Edward Island,Shellfish,Sea cucumber,0,0
2018,Prince Edward Island,Shellfish,Sea urchin,0,0
2018,Prince Edward Island,Shellfish,Shrimp,0,0
2018,Prince Edward Island,Shellfish,Total shellfish,"24,294,466","239,275,352"
2018,Prince Edward Island,Pelagics,Alewife,"54,007","105,801"
2018,Prince Edward Island,Pelagics,Capelin,0,0
2018,Prince Edward Island,Pelagics,Eel,"88,634","542,631"
2018,Prince Edward Island,Pelagics,Elvers,0,0
2018,Prince Edward Island,Pelagics,Herring,"2,170,250","1,358,455"
2018,Prince Edward Island,Pelagics,Mackerel,"2,073,862","3,604,382"
2018,Prince Edward Island,Pelagics,Other pelagic/finfish,"12,652","20,967"
2018,Prince Edward Island,Pelagics,Salmon,0,0
2018,Prince Edward Island,Pelagics,Shark,0,0
2018,Prince Edward Island,Pelagics,Silversides,"199,483","441,026"
2018,Prince Edward Island,Pelagics,Swordfish,0,0
2018,Prince Edward Island,Pelagics,Total pelagics,"4,766,069","8,742,904"
2018,Prince Edward Island,Pelagics,Tuna,"167,181","2,669,642"
2018,Prince Edward Island,Other,Marine plants,0,0
2018,Prince Edward Island,Other,Miscellaneous,0,0
2018,Prince Edward Island,Other,Total other,0,0
2018,Prince Edward Island,Groundfish,Cod,"6,146","10,709"
2018,Prince Edward Island,Groundfish,Flatfishes,x,x
2018,Prince Edward Island,Groundfish,Greenland turbot,0,0
2018,Prince Edward Island,Groundfish,Haddock,0,0
2018,Prince Edward Island,Groundfish,Hake,99,81
2018,Prince Edward Island,Groundfish,Halibut,"63,540","635,534"
2018,Prince Edward Island,Groundfish,Other groundfish,x,x
2018,Prince Edward Island,Groundfish,Pollock,x,x
2018,Prince Edward Island,Groundfish,Redfish spp.,0,0
2018,Prince Edward Island,Groundfish,Skate,0,0
2018,Prince Edward Island,Groundfish,Total groundfish,"69,879","646,444"
2018,Prince Edward Island,Grand total,Grand total,"29,130,414","248,664,700"
2018,Quebec,Shellfish,Clams / quahaug,"1,064,998","1,393,393"
2018,Quebec,Shellfish,"Crab, Other","1,040,094","1,580,664"
2018,Quebec,Shellfish,"Crab, Queen","15,155,690","178,084,551"
2018,Quebec,Shellfish,Lobster,"8,462,104","121,210,026"
2018,Quebec,Shellfish,Other shellfish,"1,135,621","2,163,675"
2018,Quebec,Shellfish,Scallop,"734,807","2,233,050"
2018,Quebec,Shellfish,Sea cucumber,"1,252,068","2,716,831"
2018,Quebec,Shellfish,Sea urchin,"524,764","2,880,849"
2018,Quebec,Shellfish,Shrimp,"8,209,322","27,792,878"
2018,Quebec,Shellfish,Total shellfish,"37,579,468","340,055,917"
2018,Quebec,Pelagics,Alewife,0,0
2018,Quebec,Pelagics,Capelin,"427,528","122,894"
2018,Quebec,Pelagics,Eel,x,x
2018,Quebec,Pelagics,Elvers,0,0
2018,Quebec,Pelagics,Herring,"4,554,274","2,255,873"
2018,Quebec,Pelagics,Mackerel,"1,426,380","1,337,901"
2018,Quebec,Pelagics,Other pelagic/finfish,x,x
2018,Quebec,Pelagics,Salmon,0,0
2018,Quebec,Pelagics,Shark,x,x
2018,Quebec,Pelagics,Silversides,0,0
2018,Quebec,Pelagics,Swordfish,0,0
2018,Quebec,Pelagics,Total pelagics,"6,529,080","4,161,609"
2018,Quebec,Pelagics,Tuna,"30,187","419,954"
2018,Quebec,Other,Marine plants,0,0
2018,Quebec,Other,Miscellaneous,0,0
2018,Quebec,Other,Total other,0,0
2018,Quebec,Groundfish,Cod,"694,870","1,152,713"
2018,Quebec,Groundfish,Flatfishes,"346,659","1,118,496"
2018,Quebec,Groundfish,Greenland turbot,"1,079,649","4,064,405"
2018,Quebec,Groundfish,Haddock,747,515
2018,Quebec,Groundfish,Hake,"10,987","8,126"
2018,Quebec,Groundfish,Halibut,"968,959","10,265,418"
2018,Quebec,Groundfish,Other groundfish,x,x
2018,Quebec,Groundfish,Pollock,"2,848","1,783"
2018,Quebec,Groundfish,Redfish spp.,x,x
2018,Quebec,Groundfish,Skate,"2,914",233
2018,Quebec,Groundfish,Total groundfish,"3,241,894","16,731,244"
2018,Quebec,Grand total,Grand total,"47,350,442","360,948,770"
2019,Atlantic,Shellfish,Clams / quahaug,"50,904,685","60,266,317"
2019,Atlantic,Shellfish,"Crab, Other","4,158,043","7,472,412"
2019,Atlantic,Shellfish,"Crab, Queen","71,906,472","857,069,492"
2019,Atlantic,Shellfish,Lobster,"106,860,834","1,659,910,095"
2019,Atlantic,Shellfish,Other shellfish,"9,627,643","23,674,154"
2019,Atlantic,Shellfish,Scallop,"66,166,319","167,404,606"
2019,Atlantic,Shellfish,Sea cucumber,"10,403,380","17,580,961"
2019,Atlantic,Shellfish,Sea urchin,"1,703,955","8,037,057"
2019,Atlantic,Shellfish,Shrimp,"75,380,581","310,283,027"
2019,Atlantic,Shellfish,Total shellfish,"397,111,912","3,111,698,122"
2019,Atlantic,Pelagics,Alewife,"1,849,856","2,329,383"
2019,Atlantic,Pelagics,Capelin,"28,943,557","16,867,867"
2019,Atlantic,Pelagics,Eel,"148,158","1,027,285"
2019,Atlantic,Pelagics,Elvers,"7,408","38,736,273"
2019,Atlantic,Pelagics,Herring,"93,901,910","72,406,425"
2019,Atlantic,Pelagics,Mackerel,"8,734,077","9,233,075"
2019,Atlantic,Pelagics,Other pelagic/finfish,"287,973","685,881"
2019,Atlantic,Pelagics,Salmon,0,0
2019,Atlantic,Pelagics,Shark,"55,372","200,303"
2019,Atlantic,Pelagics,Silversides,"158,783","364,748"
2019,Atlantic,Pelagics,Swordfish,"996,241","12,618,482"
2019,Atlantic,Pelagics,Total pelagics,"136,081,831","166,650,011"
2019,Atlantic,Pelagics,Tuna,"998,496","12,180,290"
2019,Atlantic,Other,Marine plants,"12,654,767","631,771"
2019,Atlantic,Other,Miscellaneous,"276,719","821,361"
2019,Atlantic,Other,Total other,"12,931,486","1,453,133"
2019,Atlantic,Groundfish,Cod,"15,861,332","27,157,605"
2019,Atlantic,Groundfish,Flatfishes,"13,853,879","26,203,928"
2019,Atlantic,Groundfish,Greenland turbot,"11,754,988","63,096,197"
2019,Atlantic,Groundfish,Haddock,"19,331,171","22,312,827"
2019,Atlantic,Groundfish,Hake,"5,554,916","3,078,478"
2019,Atlantic,Groundfish,Halibut,"5,897,988","68,852,435"
2019,Atlantic,Groundfish,Other groundfish,"2,167,766","4,817,544"
2019,Atlantic,Groundfish,Pollock,"2,977,384","2,687,842"
2019,Atlantic,Groundfish,Redfish spp.,"14,966,188","17,887,683"
2019,Atlantic,Groundfish,Skate,"961,868","250,353"
2019,Atlantic,Groundfish,Total groundfish,"93,327,480","236,344,889"
2019,Atlantic,Grand total,Grand total,"639,452,709","3,516,146,154"
2019,British Columbia,Shellfish,Clams / quahaug,"1,730,000","56,346,000"
2019,British Columbia,Shellfish,"Crab, Other","8,325,000","92,043,000"
2019,British Columbia,Shellfish,"Crab, Queen",0,0
2019,British Columbia,Shellfish,Lobster,0,0
2019,British Columbia,Shellfish,Other shellfish,0,"305,000"
2019,British Columbia,Shellfish,Scallop,0,0
2019,British Columbia,Shellfish,Sea cucumber,"1,691,415","9,873,727"
2019,British Columbia,Shellfish,Sea urchin,"3,169,000","8,517,000"
2019,British Columbia,Shellfish,Shrimp,"2,915,000","41,017,000"
2019,British Columbia,Shellfish,Total shellfish,"17,956,415","208,101,727"
2019,British Columbia,Pelagics,Alewife,0,0
2019,British Columbia,Pelagics,Capelin,0,0
2019,British Columbia,Pelagics,Eel,0,0
2019,British Columbia,Pelagics,Elvers,0,0
2019,British Columbia,Pelagics,Herring,"18,902,964","15,062,800"
2019,British Columbia,Pelagics,Mackerel,0,0
2019,British Columbia,Pelagics,Other pelagic/finfish,0,0
2019,British Columbia,Pelagics,Salmon,"4,764,000","16,328,800"
2019,British Columbia,Pelagics,Shark,0,0
2019,British Columbia,Pelagics,Silversides,0,0
2019,British Columbia,Pelagics,Swordfish,0,0
2019,British Columbia,Pelagics,Total pelagics,"26,068,964","43,010,300"
2019,British Columbia,Pelagics,Tuna,"2,402,000","11,618,700"
2019,British Columbia,Other,Marine plants,0,0
2019,British Columbia,Other,Miscellaneous,0,0
2019,British Columbia,Other,Total other,0,0
2019,British Columbia,Groundfish,Cod,"491,986","833,350"
2019,British Columbia,Groundfish,Flatfishes,"9,554,936","7,631,757"
2019,British Columbia,Groundfish,Greenland turbot,0,0
2019,British Columbia,Groundfish,Haddock,0,0
2019,British Columbia,Groundfish,Hake,"99,685,148","42,231,000"
2019,British Columbia,Groundfish,Halibut,"3,162,854","46,297,000"
2019,British Columbia,Groundfish,Other groundfish,"3,684,429","35,014,309"
2019,British Columbia,Groundfish,Pollock,"6,248,995","2,048,284"
2019,British Columbia,Groundfish,Redfish spp.,"15,572,062","19,417,500"
2019,British Columbia,Groundfish,Skate,"322,729","232,500"
2019,British Columbia,Groundfish,Total groundfish,"138,723,138","153,705,700"
2019,British Columbia,Grand total,Grand total,"182,749,000","404,817,800"
2019,Canada,Shellfish,Clams / quahaug,"52,634,685","116,612,317"
2019,Canada,Shellfish,"Crab, Other","12,483,043","99,515,412"
2019,Canada,Shellfish,"Crab, Queen","71,906,472","857,069,492"
2019,Canada,Shellfish,Lobster,"106,860,834","1,659,910,095"
2019,Canada,Shellfish,Other shellfish,"9,627,643","23,979,154"
2019,Canada,Shellfish,Scallop,"66,166,319","167,404,606"
2019,Canada,Shellfish,Sea cucumber,"12,094,795","27,454,687"
2019,Canada,Shellfish,Sea urchin,"4,872,955","16,554,057"
2019,Canada,Shellfish,Shrimp,"78,295,581","351,300,027"
2019,Canada,Shellfish,Total shellfish,"415,068,327","3,319,799,848"
2019,Canada,Pelagics,Alewife,"1,849,856","2,329,383"
2019,Canada,Pelagics,Capelin,"28,943,557","16,867,867"
2019,Canada,Pelagics,Eel,"148,158","1,027,285"
2019,Canada,Pelagics,Elvers,"7,408","38,736,273"
2019,Canada,Pelagics,Herring,"112,804,874","87,469,225"
2019,Canada,Pelagics,Mackerel,"8,734,077","9,233,075"
2019,Canada,Pelagics,Other pelagic/finfish,"287,973","685,881"
2019,Canada,Pelagics,Salmon,"4,764,000","16,328,800"
2019,Canada,Pelagics,Shark,"55,372","200,303"
2019,Canada,Pelagics,Silversides,"158,783","364,748"
2019,Canada,Pelagics,Swordfish,"996,241","12,618,482"
2019,Canada,Pelagics,Total pelagics,"162,150,795","209,660,311"
2019,Canada,Pelagics,Tuna,"3,400,496","23,798,990"
2019,Canada,Other,Marine plants,"12,654,767","631,771"
2019,Canada,Other,Miscellaneous,"276,719","821,361"
2019,Canada,Other,Total other,"12,931,486","1,453,133"
2019,Canada,Groundfish,Cod,"16,353,318","27,990,954"
2019,Canada,Groundfish,Flatfishes,"23,408,815","33,835,684"
2019,Canada,Groundfish,Greenland turbot,"11,754,988","63,096,197"
2019,Canada,Groundfish,Haddock,"19,331,171","22,312,827"
2019,Canada,Groundfish,Hake,"105,240,064","45,309,478"
2019,Canada,Groundfish,Halibut,"9,060,842","115,149,435"
2019,Canada,Groundfish,Other groundfish,"5,852,195","39,831,853"
2019,Canada,Groundfish,Pollock,"9,226,379","4,736,126"
2019,Canada,Groundfish,Redfish spp.,"30,538,250","37,305,183"
2019,Canada,Groundfish,Skate,"1,284,597","482,853"
2019,Canada,Groundfish,Total groundfish,"232,050,618","390,050,589"
2019,Canada,Grand total,Grand total,"822,201,709","3,920,963,954"
2019,New Brunswick,Shellfish,Clams / quahaug,"428,114","1,393,052"
2019,New Brunswick,Shellfish,"Crab, Other",x,x
2019,New Brunswick,Shellfish,"Crab, Queen","12,577,545","153,755,960"
2019,New Brunswick,Shellfish,Lobster,"21,733,955","316,863,128"
2019,New Brunswick,Shellfish,Other shellfish,x,x
2019,New Brunswick,Shellfish,Scallop,"4,274,890","11,069,663"
2019,New Brunswick,Shellfish,Sea cucumber,x,x
2019,New Brunswick,Shellfish,Sea urchin,"625,964","3,327,413"
2019,New Brunswick,Shellfish,Shrimp,"3,300,866","9,035,698"
2019,New Brunswick,Shellfish,Total shellfish,"44,417,614","498,104,391"
2019,New Brunswick,Pelagics,Alewife,"1,215,577","1,454,046"
2019,New Brunswick,Pelagics,Capelin,x,x
2019,New Brunswick,Pelagics,Eel,"28,318","168,398"
2019,New Brunswick,Pelagics,Elvers,x,x
2019,New Brunswick,Pelagics,Herring,"25,388,351","22,212,804"
2019,New Brunswick,Pelagics,Mackerel,"434,791","458,291"
2019,New Brunswick,Pelagics,Other pelagic/finfish,"195,902","286,387"
2019,New Brunswick,Pelagics,Salmon,0,0
2019,New Brunswick,Pelagics,Shark,x,x
2019,New Brunswick,Pelagics,Silversides,0,0
2019,New Brunswick,Pelagics,Swordfish,0,0
2019,New Brunswick,Pelagics,Total pelagics,"27,748,515","27,804,290"
2019,New Brunswick,Pelagics,Tuna,"4,943","67,186"
2019,New Brunswick,Other,Marine plants,x,x
2019,New Brunswick,Other,Miscellaneous,0,0
2019,New Brunswick,Other,Total other,"12,521,119","625,089"
2019,New Brunswick,Groundfish,Cod,"4,441","10,705"
2019,New Brunswick,Groundfish,Flatfishes,"7,381","11,642"
2019,New Brunswick,Groundfish,Greenland turbot,x,x
2019,New Brunswick,Groundfish,Haddock,x,x
2019,New Brunswick,Groundfish,Hake,816,816
2019,New Brunswick,Groundfish,Halibut,"137,394","1,216,670"
2019,New Brunswick,Groundfish,Other groundfish,"1,007","3,657"
2019,New Brunswick,Groundfish,Pollock,x,x
2019,New Brunswick,Groundfish,Redfish spp.,x,x
2019,New Brunswick,Groundfish,Skate,0,0
2019,New Brunswick,Groundfish,Total groundfish,"271,218","1,336,368"
2019,New Brunswick,Grand total,Grand total,"84,958,466","527,870,138"
2019,Newfoundland and Labrador,Shellfish,Clams / quahaug,x,x
2019,Newfoundland and Labrador,Shellfish,"Crab, Other",x,x
2019,Newfoundland and Labrador,Shellfish,"Crab, Queen","26,894,531","308,672,358"
2019,Newfoundland and Labrador,Shellfish,Lobster,"4,600,740","64,296,893"
2019,Newfoundland and Labrador,Shellfish,Other shellfish,"6,666,994","13,280,734"
2019,Newfoundland and Labrador,Shellfish,Scallop,"1,039,407","2,222,896"
2019,Newfoundland and Labrador,Shellfish,Sea cucumber,"6,618,670","10,287,125"
2019,Newfoundland and Labrador,Shellfish,Sea urchin,x,x
2019,Newfoundland and Labrador,Shellfish,Shrimp,"42,691,032","194,863,979"
2019,Newfoundland and Labrador,Shellfish,Total shellfish,"109,813,265","636,754,627"
2019,Newfoundland and Labrador,Pelagics,Alewife,0,0
2019,Newfoundland and Labrador,Pelagics,Capelin,"28,002,297","16,550,669"
2019,Newfoundland and Labrador,Pelagics,Eel,"22,026","128,192"
2019,Newfoundland and Labrador,Pelagics,Elvers,0,0
2019,Newfoundland and Labrador,Pelagics,Herring,"22,317,384","10,578,290"
2019,Newfoundland and Labrador,Pelagics,Mackerel,"4,813,749","2,536,390"
2019,Newfoundland and Labrador,Pelagics,Other pelagic/finfish,x,x
2019,Newfoundland and Labrador,Pelagics,Salmon,0,0
2019,Newfoundland and Labrador,Pelagics,Shark,x,x
2019,Newfoundland and Labrador,Pelagics,Silversides,0,0
2019,Newfoundland and Labrador,Pelagics,Swordfish,0,0
2019,Newfoundland and Labrador,Pelagics,Total pelagics,"55,198,847","30,088,314"
2019,Newfoundland and Labrador,Pelagics,Tuna,"28,861","223,030"
2019,Newfoundland and Labrador,Other,Marine plants,0,0
2019,Newfoundland and Labrador,Other,Miscellaneous,"276,713","821,361"
2019,Newfoundland and Labrador,Other,Total other,"276,713","821,361"
2019,Newfoundland and Labrador,Groundfish,Cod,"14,460,009","23,858,129"
2019,Newfoundland and Labrador,Groundfish,Flatfishes,"12,701,869","22,302,123"
2019,Newfoundland and Labrador,Groundfish,Greenland turbot,"10,397,486","57,907,250"
2019,Newfoundland and Labrador,Groundfish,Haddock,"242,778","421,078"
2019,Newfoundland and Labrador,Groundfish,Hake,"250,031","250,735"
2019,Newfoundland and Labrador,Groundfish,Halibut,"990,468","9,311,638"
2019,Newfoundland and Labrador,Groundfish,Other groundfish,"1,389,917","3,253,812"
2019,Newfoundland and Labrador,Groundfish,Pollock,"121,541","73,803"
2019,Newfoundland and Labrador,Groundfish,Redfish spp.,"5,874,870","8,100,714"
2019,Newfoundland and Labrador,Groundfish,Skate,"908,939","216,561"
2019,Newfoundland and Labrador,Groundfish,Total groundfish,"47,337,908","125,695,842"
2019,Newfoundland and Labrador,Grand total,Grand total,"212,626,733","793,360,145"
2019,Nova Scotia,Shellfish,Clams / quahaug,"28,354,318","14,550,347"
2019,Nova Scotia,Shellfish,"Crab, Other","850,902","1,833,743"
2019,Nova Scotia,Shellfish,"Crab, Queen","14,270,809","174,477,580"
2019,Nova Scotia,Shellfish,Lobster,"51,555,356","895,373,981"
2019,Nova Scotia,Shellfish,Other shellfish,"1,189,126","5,803,820"
2019,Nova Scotia,Shellfish,Scallop,"59,946,145","151,262,717"
2019,Nova Scotia,Shellfish,Sea cucumber,x,x
2019,Nova Scotia,Shellfish,Sea urchin,x,x
2019,Nova Scotia,Shellfish,Shrimp,"20,942,815","75,126,824"
2019,Nova Scotia,Shellfish,Total shellfish,"179,240,309","1,322,490,876"
2019,Nova Scotia,Pelagics,Alewife,"593,340","782,717"
2019,Nova Scotia,Pelagics,Capelin,0,0
2019,Nova Scotia,Pelagics,Eel,x,x
2019,Nova Scotia,Pelagics,Elvers,x,x
2019,Nova Scotia,Pelagics,Herring,"39,959,766","34,587,420"
2019,Nova Scotia,Pelagics,Mackerel,"1,049,881","1,915,240"
2019,Nova Scotia,Pelagics,Other pelagic/finfish,"23,875","121,153"
2019,Nova Scotia,Pelagics,Salmon,0,0
2019,Nova Scotia,Pelagics,Shark,"53,978","197,020"
2019,Nova Scotia,Pelagics,Silversides,0,0
2019,Nova Scotia,Pelagics,Swordfish,"996,241","12,618,482"
2019,Nova Scotia,Pelagics,Total pelagics,"43,420,798","94,631,385"
2019,Nova Scotia,Pelagics,Tuna,"729,682","8,720,591"
2019,Nova Scotia,Other,Marine plants,x,x
2019,Nova Scotia,Other,Miscellaneous,x,x
2019,Nova Scotia,Other,Total other,"133,654","6,682"
2019,Nova Scotia,Groundfish,Cod,"1,065,571","2,639,229"
2019,Nova Scotia,Groundfish,Flatfishes,"707,699","2,214,711"
2019,Nova Scotia,Groundfish,Greenland turbot,x,x
2019,Nova Scotia,Groundfish,Haddock,"19,088,075","21,891,295"
2019,Nova Scotia,Groundfish,Hake,"5,290,902","2,817,804"
2019,Nova Scotia,Groundfish,Halibut,"3,924,813","49,306,040"
2019,Nova Scotia,Groundfish,Other groundfish,"746,064","1,513,842"
2019,Nova Scotia,Groundfish,Pollock,"2,855,421","2,613,613"
2019,Nova Scotia,Groundfish,Redfish spp.,"8,662,359","9,442,650"
2019,Nova Scotia,Groundfish,Skate,x,x
2019,Nova Scotia,Groundfish,Total groundfish,"42,416,749","92,580,778"
2019,Nova Scotia,Grand total,Grand total,"265,211,510","1,509,709,721"
2019,Prince Edward Island,Shellfish,Clams / quahaug,x,x
2019,Prince Edward Island,Shellfish,"Crab, Other","1,204,514","2,179,457"
2019,Prince Edward Island,Shellfish,"Crab, Queen","3,509,632","42,571,530"
2019,Prince Edward Island,Shellfish,Lobster,"18,980,345","236,828,368"
2019,Prince Edward Island,Shellfish,Other shellfish,x,x
2019,Prince Edward Island,Shellfish,Scallop,"286,578","1,140,242"
2019,Prince Edward Island,Shellfish,Sea cucumber,0,0
2019,Prince Edward Island,Shellfish,Sea urchin,0,0
2019,Prince Edward Island,Shellfish,Shrimp,0,0
2019,Prince Edward Island,Shellfish,Total shellfish,"25,192,611","286,171,320"
2019,Prince Edward Island,Pelagics,Alewife,"40,939","92,621"
2019,Prince Edward Island,Pelagics,Capelin,0,0
2019,Prince Edward Island,Pelagics,Eel,"50,660","244,631"
2019,Prince Edward Island,Pelagics,Elvers,0,0
2019,Prince Edward Island,Pelagics,Herring,"2,407,234","2,463,513"
2019,Prince Edward Island,Pelagics,Mackerel,"1,576,379","3,203,649"
2019,Prince Edward Island,Pelagics,Other pelagic/finfish,"4,322","7,929"
2019,Prince Edward Island,Pelagics,Salmon,0,0
2019,Prince Edward Island,Pelagics,Shark,0,0
2019,Prince Edward Island,Pelagics,Silversides,"158,783","364,748"
2019,Prince Edward Island,Pelagics,Swordfish,0,0
2019,Prince Edward Island,Pelagics,Total pelagics,"4,449,185","9,156,616"
2019,Prince Edward Island,Pelagics,Tuna,"210,868","2,779,525"
2019,Prince Edward Island,Other,Marine plants,0,0
2019,Prince Edward Island,Other,Miscellaneous,0,0
2019,Prince Edward Island,Other,Total other,0,0
2019,Prince Edward Island,Groundfish,Cod,"6,593","6,806"
2019,Prince Edward Island,Groundfish,Flatfishes,x,x
2019,Prince Edward Island,Groundfish,Greenland turbot,0,0
2019,Prince Edward Island,Groundfish,Haddock,0,0
2019,Prince Edward Island,Groundfish,Hake,254,199
2019,Prince Edward Island,Groundfish,Halibut,"66,541","905,352"
2019,Prince Edward Island,Groundfish,Other groundfish,x,x
2019,Prince Edward Island,Groundfish,Pollock,0,0
2019,Prince Edward Island,Groundfish,Redfish spp.,0,0
2019,Prince Edward Island,Groundfish,Skate,0,0
2019,Prince Edward Island,Groundfish,Total groundfish,"73,511","912,951"
2019,Prince Edward Island,Grand total,Grand total,"29,715,307","296,240,887"
2019,Quebec,Shellfish,Clams / quahaug,"1,069,422","1,464,399"
2019,Quebec,Shellfish,"Crab, Other","1,026,426","1,773,138"
2019,Quebec,Shellfish,"Crab, Queen","14,653,955","177,592,064"
2019,Quebec,Shellfish,Lobster,"9,990,438","146,547,726"
2019,Quebec,Shellfish,Other shellfish,"988,873","1,994,336"
2019,Quebec,Shellfish,Scallop,"619,299","1,709,088"
2019,Quebec,Shellfish,Sea cucumber,"1,058,091","2,331,209"
2019,Quebec,Shellfish,Sea urchin,"595,741","3,508,421"
2019,Quebec,Shellfish,Shrimp,"8,445,868","31,256,526"
2019,Quebec,Shellfish,Total shellfish,"38,448,113","368,176,907"
2019,Quebec,Pelagics,Alewife,0,0
2019,Quebec,Pelagics,Capelin,x,x
2019,Quebec,Pelagics,Eel,x,x
2019,Quebec,Pelagics,Elvers,0,0
2019,Quebec,Pelagics,Herring,"3,829,175","2,564,397"
2019,Quebec,Pelagics,Mackerel,"859,277","1,119,504"
2019,Quebec,Pelagics,Other pelagic/finfish,x,x
2019,Quebec,Pelagics,Salmon,0,0
2019,Quebec,Pelagics,Shark,x,x
2019,Quebec,Pelagics,Silversides,0,0
2019,Quebec,Pelagics,Swordfish,0,0
2019,Quebec,Pelagics,Total pelagics,"5,264,486","4,969,407"
2019,Quebec,Pelagics,Tuna,"24,142","389,958"
2019,Quebec,Other,Marine plants,0,0
2019,Quebec,Other,Miscellaneous,0,0
2019,Quebec,Other,Total other,0,0
2019,Quebec,Groundfish,Cod,"324,718","642,735"
2019,Quebec,Groundfish,Flatfishes,x,x
2019,Quebec,Groundfish,Greenland turbot,"1,331,866","5,078,833"
2019,Quebec,Groundfish,Haddock,x,x
2019,Quebec,Groundfish,Hake,"12,913","8,923"
2019,Quebec,Groundfish,Halibut,"778,772","8,112,734"
2019,Quebec,Groundfish,Other groundfish,x,x
2019,Quebec,Groundfish,Pollock,x,x
2019,Quebec,Groundfish,Redfish spp.,x,x
2019,Quebec,Groundfish,Skate,x,x
2019,Quebec,Groundfish,Total groundfish,"3,228,094","15,818,949"
2019,Quebec,Grand total,Grand total,"46,940,693","388,965,263"
2020,Atlantic,Shellfish,Clams / quahaug,"39,324,060","89,353,201"
2020,Atlantic,Shellfish,"Crab, Other","2,724,579","4,057,585"
2020,Atlantic,Shellfish,"Crab, Queen","71,149,630","565,037,636"
2020,Atlantic,Shellfish,Lobster,"95,309,113","1,187,135,830"
2020,Atlantic,Shellfish,Other shellfish,"8,398,504","16,321,066"
2020,Atlantic,Shellfish,Scallop,"63,462,470","122,746,755"
2020,Atlantic,Shellfish,Sea cucumber,"10,433,976","14,539,906"
2020,Atlantic,Shellfish,Sea urchin,"1,488,501","5,977,964"
2020,Atlantic,Shellfish,Shrimp,"66,107,529","223,130,369"
2020,Atlantic,Shellfish,Total shellfish,"358,398,362","2,228,300,313"
2020,Atlantic,Pelagics,Alewife,"3,158,767","2,855,458"
2020,Atlantic,Pelagics,Capelin,"26,467,098","15,837,276"
2020,Atlantic,Pelagics,Eel,"105,713","518,674"
2020,Atlantic,Pelagics,Elvers,"2,943","3,758,752"
2020,Atlantic,Pelagics,Herring,"81,546,053","50,987,638"
2020,Atlantic,Pelagics,Mackerel,"7,957,983","9,040,885"
2020,Atlantic,Pelagics,Other pelagic/finfish,"93,431","202,910"
2020,Atlantic,Pelagics,Salmon,0,0
2020,Atlantic,Pelagics,Shark,"1,993","3,368"
2020,Atlantic,Pelagics,Silversides,"167,229","406,355"
2020,Atlantic,Pelagics,Swordfish,"1,333,671","10,416,525"
2020,Atlantic,Pelagics,Total pelagics,"121,612,816","100,426,173"
2020,Atlantic,Pelagics,Tuna,"777,935","6,398,331"
2020,Atlantic,Other,Marine plants,"9,885,583","494,279"
2020,Atlantic,Other,Miscellaneous,179,"11,701"
2020,Atlantic,Other,Total other,"9,885,762","505,980"
2020,Atlantic,Groundfish,Cod,"14,052,575","20,860,906"
2020,Atlantic,Groundfish,Flatfishes,"15,797,269","26,984,893"
2020,Atlantic,Groundfish,Greenland turbot,"10,715,479","52,086,800"
2020,Atlantic,Groundfish,Haddock,"17,031,822","21,811,650"
2020,Atlantic,Groundfish,Hake,"3,976,399","3,155,847"
2020,Atlantic,Groundfish,Halibut,"6,378,787","70,256,867"
2020,Atlantic,Groundfish,Other groundfish,"2,733,827","4,926,435"
2020,Atlantic,Groundfish,Pollock,"3,170,630","2,412,199"
2020,Atlantic,Groundfish,Redfish spp.,"12,089,728","13,937,503"
2020,Atlantic,Groundfish,Skate,"581,334","223,457"
2020,Atlantic,Groundfish,Total groundfish,"86,527,850","216,656,557"
2020,Atlantic,Grand total,Grand total,"576,424,790","2,545,889,023"
2020,British Columbia,Shellfish,Clams / quahaug,"1,395,743","37,137,268"
2020,British Columbia,Shellfish,"Crab, Other","9,287,984","93,242,546"
2020,British Columbia,Shellfish,"Crab, Queen",0,0
2020,British Columbia,Shellfish,Lobster,0,0
2020,British Columbia,Shellfish,Other shellfish,"50,465","185,720"
2020,British Columbia,Shellfish,Scallop,0,0
2020,British Columbia,Shellfish,Sea cucumber,"1,581,656","7,915,059"
2020,British Columbia,Shellfish,Sea urchin,"3,901,932","10,558,565"
2020,British Columbia,Shellfish,Shrimp,"2,696,985","28,533,765"
2020,British Columbia,Shellfish,Total shellfish,"19,179,360","178,560,571"
2020,British Columbia,Pelagics,Alewife,0,0
2020,British Columbia,Pelagics,Capelin,0,0
2020,British Columbia,Pelagics,Eel,0,0
2020,British Columbia,Pelagics,Elvers,0,0
2020,British Columbia,Pelagics,Herring,"11,339,016","8,312,352"
2020,British Columbia,Pelagics,Mackerel,"9,167","25,473"
2020,British Columbia,Pelagics,Other pelagic/finfish,"80,051","261,798"
2020,British Columbia,Pelagics,Salmon,"8,488,327","22,168,572"
2020,British Columbia,Pelagics,Shark,0,0
2020,British Columbia,Pelagics,Silversides,0,0
2020,British Columbia,Pelagics,Swordfish,0,0
2020,British Columbia,Pelagics,Total pelagics,"22,291,885","40,804,054"
2020,British Columbia,Pelagics,Tuna,"2,375,324","10,035,860"
2020,British Columbia,Other,Marine plants,0,0
2020,British Columbia,Other,Miscellaneous,0,0
2020,British Columbia,Other,Total other,0,0
2020,British Columbia,Groundfish,Cod,"486,002","795,102"
2020,British Columbia,Groundfish,Flatfishes,"5,836,291","4,521,780"
2020,British Columbia,Groundfish,Greenland turbot,0,0
2020,British Columbia,Groundfish,Haddock,0,0
2020,British Columbia,Groundfish,Hake,"99,904,127","33,312,964"
2020,British Columbia,Groundfish,Halibut,"3,118,952","35,122,218"
2020,British Columbia,Groundfish,Other groundfish,"3,433,287","25,236,558"
2020,British Columbia,Groundfish,Pollock,"7,079,677","2,856,072"
2020,British Columbia,Groundfish,Redfish spp.,"14,622,562","16,436,976"
2020,British Columbia,Groundfish,Skate,"271,443","249,345"
2020,British Columbia,Groundfish,Total groundfish,"134,752,341","118,531,013"
2020,British Columbia,Grand total,Grand total,"176,223,586","337,895,638"
2020,Canada,Shellfish,Clams / quahaug,"40,719,803","126,490,470"
2020,Canada,Shellfish,"Crab, Other","12,012,563","97,300,131"
2020,Canada,Shellfish,"Crab, Queen","71,149,630","565,037,636"
2020,Canada,Shellfish,Lobster,"95,309,113","1,187,135,830"
2020,Canada,Shellfish,Other shellfish,"8,448,969","16,506,786"
2020,Canada,Shellfish,Scallop,"63,462,470","122,746,755"
2020,Canada,Shellfish,Sea cucumber,"12,015,632","22,454,964"
2020,Canada,Shellfish,Sea urchin,"5,390,433","16,536,529"
2020,Canada,Shellfish,Shrimp,"68,804,514","251,664,134"
2020,Canada,Shellfish,Total shellfish,"377,577,722","2,406,860,883"
2020,Canada,Pelagics,Alewife,"3,158,767","2,855,458"
2020,Canada,Pelagics,Capelin,"26,467,098","15,837,276"
2020,Canada,Pelagics,Eel,"105,713","518,674"
2020,Canada,Pelagics,Elvers,"2,943","3,758,752"
2020,Canada,Pelagics,Herring,"92,885,069","59,299,990"
2020,Canada,Pelagics,Mackerel,"7,967,150","9,066,357"
2020,Canada,Pelagics,Other pelagic/finfish,"173,482","464,708"
2020,Canada,Pelagics,Salmon,"8,488,327","22,168,572"
2020,Canada,Pelagics,Shark,"1,993","3,368"
2020,Canada,Pelagics,Silversides,"167,229","406,355"
2020,Canada,Pelagics,Swordfish,"1,333,671","10,416,525"
2020,Canada,Pelagics,Total pelagics,"143,904,701","141,230,227"
2020,Canada,Pelagics,Tuna,"3,153,259","16,434,191"
2020,Canada,Other,Marine plants,"9,885,583","494,279"
2020,Canada,Other,Miscellaneous,179,"11,701"
2020,Canada,Other,Total other,"9,885,762","505,980"
2020,Canada,Groundfish,Cod,"14,538,577","21,656,008"
2020,Canada,Groundfish,Flatfishes,"21,633,560","31,506,673"
2020,Canada,Groundfish,Greenland turbot,"10,715,479","52,086,800"
2020,Canada,Groundfish,Haddock,"17,031,822","21,811,650"
2020,Canada,Groundfish,Hake,"103,880,526","36,468,811"
2020,Canada,Groundfish,Halibut,"9,497,739","105,379,085"
2020,Canada,Groundfish,Other groundfish,"6,167,114","30,162,993"
2020,Canada,Groundfish,Pollock,"10,250,307","5,268,271"
2020,Canada,Groundfish,Redfish spp.,"26,712,290","30,374,479"
2020,Canada,Groundfish,Skate,"852,777","472,801"
2020,Canada,Groundfish,Total groundfish,"221,280,191","335,187,570"
2020,Canada,Grand total,Grand total,"752,648,376","2,883,784,661"
2020,New Brunswick,Shellfish,Clams / quahaug,"317,485","1,141,546"
2020,New Brunswick,Shellfish,"Crab, Other",x,x
2020,New Brunswick,Shellfish,"Crab, Queen","11,620,850","88,788,266"
2020,New Brunswick,Shellfish,Lobster,"21,109,519","241,811,557"
2020,New Brunswick,Shellfish,Other shellfish,x,x
2020,New Brunswick,Shellfish,Scallop,"3,941,586","7,932,712"
2020,New Brunswick,Shellfish,Sea cucumber,x,x
2020,New Brunswick,Shellfish,Sea urchin,"720,388","2,854,975"
2020,New Brunswick,Shellfish,Shrimp,"3,122,501","6,400,839"
2020,New Brunswick,Shellfish,Total shellfish,"41,879,179","350,573,260"
2020,New Brunswick,Pelagics,Alewife,"2,319,987","1,929,525"
2020,New Brunswick,Pelagics,Capelin,x,x
2020,New Brunswick,Pelagics,Eel,"20,432","113,373"
2020,New Brunswick,Pelagics,Elvers,x,x
2020,New Brunswick,Pelagics,Herring,"23,573,912","16,361,717"
2020,New Brunswick,Pelagics,Mackerel,"346,307","687,225"
2020,New Brunswick,Pelagics,Other pelagic/finfish,"33,208","59,758"
2020,New Brunswick,Pelagics,Salmon,0,0
2020,New Brunswick,Pelagics,Shark,0,0
2020,New Brunswick,Pelagics,Silversides,0,0
2020,New Brunswick,Pelagics,Swordfish,0,0
2020,New Brunswick,Pelagics,Total pelagics,"26,789,407","19,269,069"
2020,New Brunswick,Pelagics,Tuna,"5,422","43,927"
2020,New Brunswick,Other,Marine plants,x,x
2020,New Brunswick,Other,Miscellaneous,0,0
2020,New Brunswick,Other,Total other,"9,801,344","490,067"
2020,New Brunswick,Groundfish,Cod,"1,874","2,772"
2020,New Brunswick,Groundfish,Flatfishes,"5,409","7,202"
2020,New Brunswick,Groundfish,Greenland turbot,x,x
2020,New Brunswick,Groundfish,Haddock,x,x
2020,New Brunswick,Groundfish,Hake,x,x
2020,New Brunswick,Groundfish,Halibut,"111,614","1,228,887"
2020,New Brunswick,Groundfish,Other groundfish,"1,655","5,967"
2020,New Brunswick,Groundfish,Pollock,x,x
2020,New Brunswick,Groundfish,Redfish spp.,x,x
2020,New Brunswick,Groundfish,Skate,0,0
2020,New Brunswick,Groundfish,Total groundfish,"122,955","1,246,888"
2020,New Brunswick,Grand total,Grand total,"78,592,885","371,579,284"
2020,Newfoundland and Labrador,Shellfish,Clams / quahaug,x,x
2020,Newfoundland and Labrador,Shellfish,"Crab, Other",x,x
2020,Newfoundland and Labrador,Shellfish,"Crab, Queen","29,372,132","223,258,210"
2020,Newfoundland and Labrador,Shellfish,Lobster,"4,451,959","43,682,883"
2020,Newfoundland and Labrador,Shellfish,Other shellfish,"6,147,719","12,355,423"
2020,Newfoundland and Labrador,Shellfish,Scallop,"974,789","1,863,469"
2020,Newfoundland and Labrador,Shellfish,Sea cucumber,"6,711,847","8,138,412"
2020,Newfoundland and Labrador,Shellfish,Sea urchin,x,x
2020,Newfoundland and Labrador,Shellfish,Shrimp,"32,913,221","128,971,165"
2020,Newfoundland and Labrador,Shellfish,Total shellfish,"97,121,842","459,859,031"
2020,Newfoundland and Labrador,Pelagics,Alewife,0,0
2020,Newfoundland and Labrador,Pelagics,Capelin,"23,985,699","14,753,364"
2020,Newfoundland and Labrador,Pelagics,Eel,"31,876","146,151"
2020,Newfoundland and Labrador,Pelagics,Elvers,0,0
2020,Newfoundland and Labrador,Pelagics,Herring,"8,448,790","2,942,955"
2020,Newfoundland and Labrador,Pelagics,Mackerel,"4,014,803","2,487,166"
2020,Newfoundland and Labrador,Pelagics,Other pelagic/finfish,"18,220","45,092"
2020,Newfoundland and Labrador,Pelagics,Salmon,0,0
2020,Newfoundland and Labrador,Pelagics,Shark,254,149
2020,Newfoundland and Labrador,Pelagics,Silversides,0,0
2020,Newfoundland and Labrador,Pelagics,Swordfish,0,0
2020,Newfoundland and Labrador,Pelagics,Total pelagics,"36,527,904","20,604,624"
2020,Newfoundland and Labrador,Pelagics,Tuna,"28,262","229,749"
2020,Newfoundland and Labrador,Other,Marine plants,0,0
2020,Newfoundland and Labrador,Other,Miscellaneous,175,"11,701"
2020,Newfoundland and Labrador,Other,Total other,175,"11,701"
2020,Newfoundland and Labrador,Groundfish,Cod,"12,769,772","18,783,961"
2020,Newfoundland and Labrador,Groundfish,Flatfishes,"14,639,468","23,116,720"
2020,Newfoundland and Labrador,Groundfish,Greenland turbot,"9,527,163","47,068,169"
2020,Newfoundland and Labrador,Groundfish,Haddock,"79,603","141,347"
2020,Newfoundland and Labrador,Groundfish,Hake,"290,228","163,587"
2020,Newfoundland and Labrador,Groundfish,Halibut,"861,749","6,891,308"
2020,Newfoundland and Labrador,Groundfish,Other groundfish,"1,890,713","3,777,478"
2020,Newfoundland and Labrador,Groundfish,Pollock,"87,609","35,093"
2020,Newfoundland and Labrador,Groundfish,Redfish spp.,"4,361,201","5,077,206"
2020,Newfoundland and Labrador,Groundfish,Skate,"499,486","140,093"
2020,Newfoundland and Labrador,Groundfish,Total groundfish,"45,006,992","105,194,963"
2020,Newfoundland and Labrador,Grand total,Grand total,"178,656,913","585,670,320"
2020,Nova Scotia,Shellfish,Clams / quahaug,"21,331,187","44,869,615"
2020,Nova Scotia,Shellfish,"Crab, Other","632,268","942,104"
2020,Nova Scotia,Shellfish,"Crab, Queen","14,289,984","123,163,982"
2020,Nova Scotia,Shellfish,Lobster,"42,439,982","631,329,465"
2020,Nova Scotia,Shellfish,Other shellfish,"1,060,877","1,119,533"
2020,Nova Scotia,Shellfish,Scallop,"57,826,925","110,818,445"
2020,Nova Scotia,Shellfish,Sea cucumber,x,x
2020,Nova Scotia,Shellfish,Sea urchin,x,x
2020,Nova Scotia,Shellfish,Shrimp,"19,209,134","61,868,130"
2020,Nova Scotia,Shellfish,Total shellfish,"158,996,530","977,528,817"
2020,Nova Scotia,Pelagics,Alewife,"789,095","820,171"
2020,Nova Scotia,Pelagics,Capelin,0,0
2020,Nova Scotia,Pelagics,Eel,x,x
2020,Nova Scotia,Pelagics,Elvers,x,x
2020,Nova Scotia,Pelagics,Herring,"44,484,224","28,193,796"
2020,Nova Scotia,Pelagics,Mackerel,"1,339,238","1,952,037"
2020,Nova Scotia,Pelagics,Other pelagic/finfish,x,x
2020,Nova Scotia,Pelagics,Salmon,0,0
2020,Nova Scotia,Pelagics,Shark,632,"1,629"
2020,Nova Scotia,Pelagics,Silversides,0,0
2020,Nova Scotia,Pelagics,Swordfish,"1,333,671","10,416,525"
2020,Nova Scotia,Pelagics,Total pelagics,"48,493,603","49,454,132"
2020,Nova Scotia,Pelagics,Tuna,"521,928","4,240,814"
2020,Nova Scotia,Other,Marine plants,x,x
2020,Nova Scotia,Other,Miscellaneous,x,x
2020,Nova Scotia,Other,Total other,"84,243","4,212"
2020,Nova Scotia,Groundfish,Cod,"1,015,267","1,503,735"
2020,Nova Scotia,Groundfish,Flatfishes,"735,609","2,124,131"
2020,Nova Scotia,Groundfish,Greenland turbot,x,x
2020,Nova Scotia,Groundfish,Haddock,"16,952,178","21,670,250"
2020,Nova Scotia,Groundfish,Hake,"3,671,317","2,981,454"
2020,Nova Scotia,Groundfish,Halibut,"4,557,256","54,738,306"
2020,Nova Scotia,Groundfish,Other groundfish,"811,791","1,121,437"
2020,Nova Scotia,Groundfish,Pollock,"3,082,225","2,376,495"
2020,Nova Scotia,Groundfish,Redfish spp.,"7,677,885","8,821,502"
2020,Nova Scotia,Groundfish,Skate,x,x
2020,Nova Scotia,Groundfish,Total groundfish,"38,608,625","95,476,057"
2020,Nova Scotia,Grand total,Grand total,"246,183,001","1,122,463,218"
2020,Prince Edward Island,Shellfish,Clams / quahaug,x,x
2020,Prince Edward Island,Shellfish,"Crab, Other","888,682","1,047,821"
2020,Prince Edward Island,Shellfish,"Crab, Queen","3,198,684","24,629,413"
2020,Prince Edward Island,Shellfish,Lobster,"16,777,301","153,287,523"
2020,Prince Edward Island,Shellfish,Other shellfish,x,x
2020,Prince Edward Island,Shellfish,Scallop,"269,767","716,646"
2020,Prince Edward Island,Shellfish,Sea cucumber,0,0
2020,Prince Edward Island,Shellfish,Sea urchin,0,0
2020,Prince Edward Island,Shellfish,Shrimp,0,0
2020,Prince Edward Island,Shellfish,Total shellfish,"21,908,729","181,559,178"
2020,Prince Edward Island,Pelagics,Alewife,"49,685","105,763"
2020,Prince Edward Island,Pelagics,Capelin,0,0
2020,Prince Edward Island,Pelagics,Eel,"46,173","225,733"
2020,Prince Edward Island,Pelagics,Elvers,0,0
2020,Prince Edward Island,Pelagics,Herring,"1,878,182","1,948,352"
2020,Prince Edward Island,Pelagics,Mackerel,"1,471,121","2,976,022"
2020,Prince Edward Island,Pelagics,Other pelagic/finfish,"26,424","46,829"
2020,Prince Edward Island,Pelagics,Salmon,0,0
2020,Prince Edward Island,Pelagics,Shark,0,0
2020,Prince Edward Island,Pelagics,Silversides,"167,229","406,355"
2020,Prince Edward Island,Pelagics,Swordfish,0,0
2020,Prince Edward Island,Pelagics,Total pelagics,"3,829,876","7,168,004"
2020,Prince Edward Island,Pelagics,Tuna,"191,062","1,458,950"
2020,Prince Edward Island,Other,Marine plants,0,0
2020,Prince Edward Island,Other,Miscellaneous,0,0
2020,Prince Edward Island,Other,Total other,0,0
2020,Prince Edward Island,Groundfish,Cod,"3,867","3,945"
2020,Prince Edward Island,Groundfish,Flatfishes,0,0
2020,Prince Edward Island,Groundfish,Greenland turbot,0,0
2020,Prince Edward Island,Groundfish,Haddock,0,0
2020,Prince Edward Island,Groundfish,Hake,184,153
2020,Prince Edward Island,Groundfish,Halibut,"73,574","796,754"
2020,Prince Edward Island,Groundfish,Other groundfish,0,0
2020,Prince Edward Island,Groundfish,Pollock,0,0
2020,Prince Edward Island,Groundfish,Redfish spp.,0,0
2020,Prince Edward Island,Groundfish,Skate,0,0
2020,Prince Edward Island,Groundfish,Total groundfish,"77,625","800,852"
2020,Prince Edward Island,Grand total,Grand total,"25,816,230","189,528,034"
2020,Quebec,Shellfish,Clams / quahaug,"930,201","1,379,474"
2020,Quebec,Shellfish,"Crab, Other","680,979","1,353,502"
2020,Quebec,Shellfish,"Crab, Queen","12,667,980","105,197,765"
2020,Quebec,Shellfish,Lobster,"10,530,352","117,024,402"
2020,Quebec,Shellfish,Other shellfish,"916,395","1,889,466"
2020,Quebec,Shellfish,Scallop,"449,403","1,415,483"
2020,Quebec,Shellfish,Sea cucumber,"1,031,558","2,258,112"
2020,Quebec,Shellfish,Sea urchin,"422,541","2,371,587"
2020,Quebec,Shellfish,Shrimp,"10,862,673","25,890,236"
2020,Quebec,Shellfish,Total shellfish,"38,492,082","258,780,028"
2020,Quebec,Pelagics,Alewife,0,0
2020,Quebec,Pelagics,Capelin,x,x
2020,Quebec,Pelagics,Eel,x,x
2020,Quebec,Pelagics,Elvers,0,0
2020,Quebec,Pelagics,Herring,"3,160,945","1,540,819"
2020,Quebec,Pelagics,Mackerel,"786,514","938,435"
2020,Quebec,Pelagics,Other pelagic/finfish,x,x
2020,Quebec,Pelagics,Salmon,0,0
2020,Quebec,Pelagics,Shark,"1,107","1,590"
2020,Quebec,Pelagics,Silversides,0,0
2020,Quebec,Pelagics,Swordfish,0,0
2020,Quebec,Pelagics,Total pelagics,"5,972,026","3,930,344"
2020,Quebec,Pelagics,Tuna,"31,261","424,891"
2020,Quebec,Other,Marine plants,0,0
2020,Quebec,Other,Miscellaneous,0,0
2020,Quebec,Other,Total other,0,0
2020,Quebec,Groundfish,Cod,"261,795","566,492"
2020,Quebec,Groundfish,Flatfishes,"416,783","1,736,840"
2020,Quebec,Groundfish,Greenland turbot,"1,162,343","4,961,036"
2020,Quebec,Groundfish,Haddock,x,x
2020,Quebec,Groundfish,Hake,x,x
2020,Quebec,Groundfish,Halibut,"774,594","6,601,612"
2020,Quebec,Groundfish,Other groundfish,"29,668","21,552"
2020,Quebec,Groundfish,Pollock,x,x
2020,Quebec,Groundfish,Redfish spp.,x,x
2020,Quebec,Groundfish,Skate,x,x
2020,Quebec,Groundfish,Total groundfish,"2,711,653","13,937,796"
2020,Quebec,Grand total,Grand total,"47,175,761","276,648,168"
2021,Atlantic,Shellfish,Clams / quahaug,"48,390,346","94,675,619"
2021,Atlantic,Shellfish,"Crab, Other","3,416,836","10,253,115"
2021,Atlantic,Shellfish,"Crab, Queen","76,828,202","1,297,118,697"
2021,Atlantic,Shellfish,Lobster,"105,709,042","2,047,977,883"
2021,Atlantic,Shellfish,Other shellfish,"16,848,918","27,692,957"
2021,Atlantic,Shellfish,Scallop,"57,572,362","159,597,373"
2021,Atlantic,Shellfish,Sea cucumber,"9,210,336","12,594,477"
2021,Atlantic,Shellfish,Sea urchin,"1,439,450","6,463,261"
2021,Atlantic,Shellfish,Shrimp,"66,035,116","230,749,105"
2021,Atlantic,Shellfish,Total shellfish,"385,450,608","3,887,122,487"
2021,Atlantic,Pelagics,Alewife,"1,786,845","1,715,880"
2021,Atlantic,Pelagics,Capelin,"24,044,768","18,157,762"
2021,Atlantic,Pelagics,Eel,"166,829","1,021,087"
2021,Atlantic,Pelagics,Elvers,"6,321","23,981,552"
2021,Atlantic,Pelagics,Herring,"68,655,924","28,742,599"
2021,Atlantic,Pelagics,Mackerel,"4,516,850","8,587,179"
2021,Atlantic,Pelagics,Other pelagic/finfish,"67,711","178,274"
2021,Atlantic,Pelagics,Salmon,0,0
2021,Atlantic,Pelagics,Shark,"3,253","3,143"
2021,Atlantic,Pelagics,Silversides,"157,536","459,518"
2021,Atlantic,Pelagics,Swordfish,"1,433,836","14,086,666"
2021,Atlantic,Pelagics,Total pelagics,"101,875,270","107,885,283"
2021,Atlantic,Pelagics,Tuna,"1,035,397","10,951,623"
2021,Atlantic,Other,Marine plants,"12,607,084","691,861"
2021,Atlantic,Other,Miscellaneous,"87,489","756,581"
2021,Atlantic,Other,Total other,"12,694,573","1,448,442"
2021,Atlantic,Groundfish,Cod,"13,672,726","20,378,189"
2021,Atlantic,Groundfish,Flatfishes,"16,961,953","30,249,714"
2021,Atlantic,Groundfish,Greenland turbot,"9,557,116","50,463,773"
2021,Atlantic,Groundfish,Haddock,"11,346,167","19,164,679"
2021,Atlantic,Groundfish,Hake,"5,746,906","5,010,688"
2021,Atlantic,Groundfish,Halibut,"7,057,763","81,679,701"
2021,Atlantic,Groundfish,Other groundfish,"3,039,838","5,411,942"
2021,Atlantic,Groundfish,Pollock,"3,169,075","3,360,793"
2021,Atlantic,Groundfish,Redfish spp.,"14,797,952","18,785,224"
2021,Atlantic,Groundfish,Skate,"753,738","317,996"
2021,Atlantic,Groundfish,Total groundfish,"86,103,234","234,822,699"
2021,Atlantic,Grand total,Grand total,"586,123,685","4,231,278,911"
2021,British Columbia,Shellfish,Clams / quahaug,"1,612,569","44,534,367"
2021,British Columbia,Shellfish,"Crab, Other","9,712,193","150,454,196"
2021,British Columbia,Shellfish,"Crab, Queen",0,0
2021,British Columbia,Shellfish,Lobster,0,0
2021,British Columbia,Shellfish,Other shellfish,"40,371","121,523"
2021,British Columbia,Shellfish,Scallop,0,0
2021,British Columbia,Shellfish,Sea cucumber,"1,652,073","9,459,102"
2021,British Columbia,Shellfish,Sea urchin,"3,730,879","9,668,030"
2021,British Columbia,Shellfish,Shrimp,"1,753,156","31,780,043"
2021,British Columbia,Shellfish,Total shellfish,"18,836,502","247,036,613"
2021,British Columbia,Pelagics,Alewife,0,0
2021,British Columbia,Pelagics,Capelin,0,0
2021,British Columbia,Pelagics,Eel,0,0
2021,British Columbia,Pelagics,Elvers,0,0
2021,British Columbia,Pelagics,Herring,"13,603,679","9,669,564"
2021,British Columbia,Pelagics,Mackerel,"9,331","30,628"
2021,British Columbia,Pelagics,Other pelagic/finfish,"32,067","65,005"
2021,British Columbia,Pelagics,Salmon,"4,214,749","19,905,668"
2021,British Columbia,Pelagics,Shark,0,0
2021,British Columbia,Pelagics,Silversides,0,0
2021,British Columbia,Pelagics,Swordfish,0,0
2021,British Columbia,Pelagics,Total pelagics,"20,258,326","47,983,160"
2021,British Columbia,Pelagics,Tuna,"2,398,499","18,312,295"
2021,British Columbia,Other,Marine plants,0,0
2021,British Columbia,Other,Miscellaneous,0,0
2021,British Columbia,Other,Total other,0,0
2021,British Columbia,Groundfish,Cod,"723,000","1,148,127"
2021,British Columbia,Groundfish,Flatfishes,"6,322,602","6,416,994"
2021,British Columbia,Groundfish,Greenland turbot,0,0
2021,British Columbia,Groundfish,Haddock,0,0
2021,British Columbia,Groundfish,Hake,"67,575,824","14,897,766"
2021,British Columbia,Groundfish,Halibut,"3,209,271","43,535,215"
2021,British Columbia,Groundfish,Other groundfish,"4,462,953","30,082,220"
2021,British Columbia,Groundfish,Pollock,"9,477,156","3,969,734"
2021,British Columbia,Groundfish,Redfish spp.,"16,014,326","14,801,913"
2021,British Columbia,Groundfish,Skate,"340,498","438,362"
2021,British Columbia,Groundfish,Total groundfish,"108,125,630","115,290,332"
2021,British Columbia,Grand total,Grand total,"147,220,458","410,310,105"
2021,Canada,Shellfish,Clams / quahaug,"50,002,915","139,209,986"
2021,Canada,Shellfish,"Crab, Other","13,129,029","160,707,311"
2021,Canada,Shellfish,"Crab, Queen","76,828,202","1,297,118,697"
2021,Canada,Shellfish,Lobster,"105,709,042","2,047,977,883"
2021,Canada,Shellfish,Other shellfish,"16,889,289","27,814,479"
2021,Canada,Shellfish,Scallop,"57,572,362","159,597,373"
2021,Canada,Shellfish,Sea cucumber,"10,862,409","22,053,579"
2021,Canada,Shellfish,Sea urchin,"5,170,329","16,131,291"
2021,Canada,Shellfish,Shrimp,"67,788,272","262,529,148"
2021,Canada,Shellfish,Total shellfish,"404,287,110","4,134,159,100"
2021,Canada,Pelagics,Alewife,"1,786,845","1,715,880"
2021,Canada,Pelagics,Capelin,"24,044,768","18,157,762"
2021,Canada,Pelagics,Eel,"166,829","1,021,087"
2021,Canada,Pelagics,Elvers,"6,321","23,981,552"
2021,Canada,Pelagics,Herring,"82,259,603","38,412,163"
2021,Canada,Pelagics,Mackerel,"4,526,181","8,617,807"
2021,Canada,Pelagics,Other pelagic/finfish,"99,778","243,279"
2021,Canada,Pelagics,Salmon,"4,214,749","19,905,668"
2021,Canada,Pelagics,Shark,"3,253","3,143"
2021,Canada,Pelagics,Silversides,"157,536","459,518"
2021,Canada,Pelagics,Swordfish,"1,433,836","14,086,666"
2021,Canada,Pelagics,Total pelagics,"122,133,596","155,868,443"
2021,Canada,Pelagics,Tuna,"3,433,896","29,263,918"
2021,Canada,Other,Marine plants,"12,607,084","691,861"
2021,Canada,Other,Miscellaneous,"87,489","756,581"
2021,Canada,Other,Total other,"12,694,573","1,448,442"
2021,Canada,Groundfish,Cod,"14,395,726","21,526,316"
2021,Canada,Groundfish,Flatfishes,"23,284,555","36,666,708"
2021,Canada,Groundfish,Greenland turbot,"9,557,116","50,463,773"
2021,Canada,Groundfish,Haddock,"11,346,167","19,164,679"
2021,Canada,Groundfish,Hake,"73,322,730","19,908,454"
2021,Canada,Groundfish,Halibut,"10,267,034","125,214,916"
2021,Canada,Groundfish,Other groundfish,"7,502,791","35,494,162"
2021,Canada,Groundfish,Pollock,"12,646,231","7,330,527"
2021,Canada,Groundfish,Redfish spp.,"30,812,278","33,587,137"
2021,Canada,Groundfish,Skate,"1,094,236","756,358"
2021,Canada,Groundfish,Total groundfish,"194,228,864","350,113,031"
2021,Canada,Grand total,Grand total,"733,344,143","4,641,589,016"
2021,New Brunswick,Shellfish,Clams / quahaug,"307,838","1,216,008"
2021,New Brunswick,Shellfish,"Crab, Other",x,x
2021,New Brunswick,Shellfish,"Crab, Queen","10,072,041","176,557,858"
2021,New Brunswick,Shellfish,Lobster,"22,638,683","421,601,849"
2021,New Brunswick,Shellfish,Other shellfish,x,x
2021,New Brunswick,Shellfish,Scallop,"3,140,001","8,782,486"
2021,New Brunswick,Shellfish,Sea cucumber,x,x
2021,New Brunswick,Shellfish,Sea urchin,"546,570","2,137,167"
2021,New Brunswick,Shellfish,Shrimp,"2,776,184","6,731,743"
2021,New Brunswick,Shellfish,Total shellfish,"40,691,280","619,446,454"
2021,New Brunswick,Pelagics,Alewife,"975,897","864,224"
2021,New Brunswick,Pelagics,Capelin,0,0
2021,New Brunswick,Pelagics,Eel,"59,988","375,748"
2021,New Brunswick,Pelagics,Elvers,x,x
2021,New Brunswick,Pelagics,Herring,"19,210,184","8,812,297"
2021,New Brunswick,Pelagics,Mackerel,"396,985","632,402"
2021,New Brunswick,Pelagics,Other pelagic/finfish,"16,275","39,946"
2021,New Brunswick,Pelagics,Salmon,0,0
2021,New Brunswick,Pelagics,Shark,x,x
2021,New Brunswick,Pelagics,Silversides,0,0
2021,New Brunswick,Pelagics,Swordfish,0,0
2021,New Brunswick,Pelagics,Total pelagics,"20,664,412","13,328,902"
2021,New Brunswick,Pelagics,Tuna,x,x
2021,New Brunswick,Other,Marine plants,x,x
2021,New Brunswick,Other,Miscellaneous,0,0
2021,New Brunswick,Other,Total other,"12,460,222","684,494"
2021,New Brunswick,Groundfish,Cod,"3,390","4,972"
2021,New Brunswick,Groundfish,Flatfishes,"5,107","7,799"
2021,New Brunswick,Groundfish,Greenland turbot,x,x
2021,New Brunswick,Groundfish,Haddock,x,x
2021,New Brunswick,Groundfish,Hake,x,x
2021,New Brunswick,Groundfish,Halibut,"140,933","1,853,049"
2021,New Brunswick,Groundfish,Other groundfish,408,"1,142"
2021,New Brunswick,Groundfish,Pollock,x,x
2021,New Brunswick,Groundfish,Redfish spp.,x,x
2021,New Brunswick,Groundfish,Skate,0,0
2021,New Brunswick,Groundfish,Total groundfish,"276,147","2,004,586"
2021,New Brunswick,Grand total,Grand total,"74,092,061","635,464,436"
2021,Newfoundland and Labrador,Shellfish,Clams / quahaug,x,x
2021,Newfoundland and Labrador,Shellfish,"Crab, Other",x,x
2021,Newfoundland and Labrador,Shellfish,"Crab, Queen","38,385,199","623,678,731"
2021,Newfoundland and Labrador,Shellfish,Lobster,"4,983,753","84,548,189"
2021,Newfoundland and Labrador,Shellfish,Other shellfish,"13,883,245","22,521,524"
2021,Newfoundland and Labrador,Shellfish,Scallop,"1,076,722","3,099,345"
2021,Newfoundland and Labrador,Shellfish,Sea cucumber,"6,042,321","8,898,465"
2021,Newfoundland and Labrador,Shellfish,Sea urchin,x,x
2021,Newfoundland and Labrador,Shellfish,Shrimp,"35,997,557","139,455,948"
2021,Newfoundland and Labrador,Shellfish,Total shellfish,"121,899,958","934,283,363"
2021,Newfoundland and Labrador,Pelagics,Alewife,0,0
2021,Newfoundland and Labrador,Pelagics,Capelin,"22,332,439","17,084,416"
2021,Newfoundland and Labrador,Pelagics,Eel,"39,460","210,406"
2021,Newfoundland and Labrador,Pelagics,Elvers,0,0
2021,Newfoundland and Labrador,Pelagics,Herring,"6,727,616","2,610,407"
2021,Newfoundland and Labrador,Pelagics,Mackerel,"601,867","392,760"
2021,Newfoundland and Labrador,Pelagics,Other pelagic/finfish,"16,381","53,053"
2021,Newfoundland and Labrador,Pelagics,Salmon,0,0
2021,Newfoundland and Labrador,Pelagics,Shark,x,x
2021,Newfoundland and Labrador,Pelagics,Silversides,0,0
2021,Newfoundland and Labrador,Pelagics,Swordfish,x,x
2021,Newfoundland and Labrador,Pelagics,Total pelagics,"30,000,983","23,517,194"
2021,Newfoundland and Labrador,Pelagics,Tuna,"37,871","348,241"
2021,Newfoundland and Labrador,Other,Marine plants,0,0
2021,Newfoundland and Labrador,Other,Miscellaneous,"87,487","756,581"
2021,Newfoundland and Labrador,Other,Total other,"87,487","756,581"
2021,Newfoundland and Labrador,Groundfish,Cod,"12,170,138","17,423,145"
2021,Newfoundland and Labrador,Groundfish,Flatfishes,"15,859,948","26,945,233"
2021,Newfoundland and Labrador,Groundfish,Greenland turbot,"8,452,169","46,027,433"
2021,Newfoundland and Labrador,Groundfish,Haddock,"57,351","98,499"
2021,Newfoundland and Labrador,Groundfish,Hake,"557,813","204,451"
2021,Newfoundland and Labrador,Groundfish,Halibut,"921,760","8,522,284"
2021,Newfoundland and Labrador,Groundfish,Other groundfish,"1,815,633","3,226,979"
2021,Newfoundland and Labrador,Groundfish,Pollock,"80,654","56,667"
2021,Newfoundland and Labrador,Groundfish,Redfish spp.,"4,201,827","7,040,683"
2021,Newfoundland and Labrador,Groundfish,Skate,"567,244","123,448"
2021,Newfoundland and Labrador,Groundfish,Total groundfish,"44,684,537","109,668,822"
2021,Newfoundland and Labrador,Grand total,Grand total,"196,672,965","1,068,225,959"
2021,Nova Scotia,Shellfish,Clams / quahaug,"25,394,330","38,800,135"
2021,Nova Scotia,Shellfish,"Crab, Other","964,005","2,575,174"
2021,Nova Scotia,Shellfish,"Crab, Queen","14,395,049","263,180,373"
2021,Nova Scotia,Shellfish,Lobster,"48,113,440","1,008,789,448"
2021,Nova Scotia,Shellfish,Other shellfish,"1,388,231","1,449,719"
2021,Nova Scotia,Shellfish,Scallop,"52,631,158","144,842,157"
2021,Nova Scotia,Shellfish,Sea cucumber,x,x
2021,Nova Scotia,Shellfish,Sea urchin,x,x
2021,Nova Scotia,Shellfish,Shrimp,"17,743,069","59,290,856"
2021,Nova Scotia,Shellfish,Total shellfish,"162,594,554","1,520,917,526"
2021,Nova Scotia,Pelagics,Alewife,"732,223","669,021"
2021,Nova Scotia,Pelagics,Capelin,0,0
2021,Nova Scotia,Pelagics,Eel,x,x
2021,Nova Scotia,Pelagics,Elvers,x,x
2021,Nova Scotia,Pelagics,Herring,"38,430,280","14,513,220"
2021,Nova Scotia,Pelagics,Mackerel,"1,471,736","3,252,679"
2021,Nova Scotia,Pelagics,Other pelagic/finfish,x,x
2021,Nova Scotia,Pelagics,Salmon,0,0
2021,Nova Scotia,Pelagics,Shark,x,x
2021,Nova Scotia,Pelagics,Silversides,x,x
2021,Nova Scotia,Pelagics,Swordfish,x,x
2021,Nova Scotia,Pelagics,Total pelagics,"42,648,805","59,070,799"
2021,Nova Scotia,Pelagics,Tuna,"773,487","7,775,347"
2021,Nova Scotia,Other,Marine plants,x,x
2021,Nova Scotia,Other,Miscellaneous,0,0
2021,Nova Scotia,Other,Total other,"146,837","7,342"
2021,Nova Scotia,Groundfish,Cod,"1,125,211","2,134,608"
2021,Nova Scotia,Groundfish,Flatfishes,"665,919","1,180,101"
2021,Nova Scotia,Groundfish,Greenland turbot,x,x
2021,Nova Scotia,Groundfish,Haddock,"11,288,669","19,066,009"
2021,Nova Scotia,Groundfish,Hake,"5,171,934","4,793,864"
2021,Nova Scotia,Groundfish,Halibut,"5,101,878","60,888,051"
2021,Nova Scotia,Groundfish,Other groundfish,"1,181,770","2,141,351"
2021,Nova Scotia,Groundfish,Pollock,"3,087,961","3,303,563"
2021,Nova Scotia,Groundfish,Redfish spp.,"10,363,493","11,504,951"
2021,Nova Scotia,Groundfish,Skate,x,x
2021,Nova Scotia,Groundfish,Total groundfish,"38,192,477","105,239,342"
2021,Nova Scotia,Grand total,Grand total,"243,582,673","1,685,235,008"
2021,Prince Edward Island,Shellfish,Clams / quahaug,x,x
2021,Prince Edward Island,Shellfish,"Crab, Other","908,964","3,938,397"
2021,Prince Edward Island,Shellfish,"Crab, Queen","2,559,891","45,156,189"
2021,Prince Edward Island,Shellfish,Lobster,"18,597,977","319,326,790"
2021,Prince Edward Island,Shellfish,Other shellfish,x,x
2021,Prince Edward Island,Shellfish,Scallop,"266,293","949,152"
2021,Prince Edward Island,Shellfish,Sea cucumber,0,0
2021,Prince Edward Island,Shellfish,Sea urchin,0,0
2021,Prince Edward Island,Shellfish,Shrimp,0,0
2021,Prince Edward Island,Shellfish,Total shellfish,"23,291,139","372,318,272"
2021,Prince Edward Island,Pelagics,Alewife,"78,725","182,635"
2021,Prince Edward Island,Pelagics,Capelin,0,0
2021,Prince Edward Island,Pelagics,Eel,"54,896","364,677"
2021,Prince Edward Island,Pelagics,Elvers,0,0
2021,Prince Edward Island,Pelagics,Herring,"2,163,447","1,536,008"
2021,Prince Edward Island,Pelagics,Mackerel,"1,187,400","3,240,890"
2021,Prince Edward Island,Pelagics,Other pelagic/finfish,"23,198","55,903"
2021,Prince Edward Island,Pelagics,Salmon,0,0
2021,Prince Edward Island,Pelagics,Shark,0,0
2021,Prince Edward Island,Pelagics,Silversides,x,x
2021,Prince Edward Island,Pelagics,Swordfish,0,0
2021,Prince Edward Island,Pelagics,Total pelagics,"3,830,146","7,918,002"
2021,Prince Edward Island,Pelagics,Tuna,"187,212","2,146,076"
2021,Prince Edward Island,Other,Marine plants,0,0
2021,Prince Edward Island,Other,Miscellaneous,0,0
2021,Prince Edward Island,Other,Total other,0,0
2021,Prince Edward Island,Groundfish,Cod,"4,199","5,483"
2021,Prince Edward Island,Groundfish,Flatfishes,0,0
2021,Prince Edward Island,Groundfish,Greenland turbot,0,0
2021,Prince Edward Island,Groundfish,Haddock,0,0
2021,Prince Edward Island,Groundfish,Hake,243,209
2021,Prince Edward Island,Groundfish,Halibut,"80,327","1,138,762"
2021,Prince Edward Island,Groundfish,Other groundfish,0,0
2021,Prince Edward Island,Groundfish,Pollock,0,0
2021,Prince Edward Island,Groundfish,Redfish spp.,0,0
2021,Prince Edward Island,Groundfish,Skate,0,0
2021,Prince Edward Island,Groundfish,Total groundfish,"84,769","1,144,454"
2021,Prince Edward Island,Grand total,Grand total,"27,206,054","381,380,728"
2021,Quebec,Shellfish,Clams / quahaug,"1,086,070","1,642,939"
2021,Quebec,Shellfish,"Crab, Other","780,916","2,068,573"
2021,Quebec,Shellfish,"Crab, Queen","11,416,022","188,545,546"
2021,Quebec,Shellfish,Lobster,"11,375,189","213,711,607"
2021,Quebec,Shellfish,Other shellfish,"939,973","2,031,327"
2021,Quebec,Shellfish,Scallop,"458,188","1,924,234"
2021,Quebec,Shellfish,Sea cucumber,"812,969","1,341,082"
2021,Quebec,Shellfish,Sea urchin,"586,044","3,621,008"
2021,Quebec,Shellfish,Shrimp,"9,518,306","25,270,558"
2021,Quebec,Shellfish,Total shellfish,"36,973,677","440,156,874"
2021,Quebec,Pelagics,Alewife,0,0
2021,Quebec,Pelagics,Capelin,"1,712,329","1,073,346"
2021,Quebec,Pelagics,Eel,x,x
2021,Quebec,Pelagics,Elvers,0,0
2021,Quebec,Pelagics,Herring,"2,124,397","1,270,666"
2021,Quebec,Pelagics,Mackerel,"858,862","1,068,448"
2021,Quebec,Pelagics,Other pelagic/finfish,x,x
2021,Quebec,Pelagics,Salmon,0,0
2021,Quebec,Pelagics,Shark,"2,475","2,475"
2021,Quebec,Pelagics,Silversides,0,0
2021,Quebec,Pelagics,Swordfish,0,0
2021,Quebec,Pelagics,Total pelagics,"4,730,924","4,050,387"
2021,Quebec,Pelagics,Tuna,x,x
2021,Quebec,Other,Marine plants,x,x
2021,Quebec,Other,Miscellaneous,x,x
2021,Quebec,Other,Total other,27,25
2021,Quebec,Groundfish,Cod,"369,788","809,981"
2021,Quebec,Groundfish,Flatfishes,"430,979","2,116,581"
2021,Quebec,Groundfish,Greenland turbot,"1,084,749","4,402,962"
2021,Quebec,Groundfish,Haddock,x,x
2021,Quebec,Groundfish,Hake,x,x
2021,Quebec,Groundfish,Halibut,"812,865","9,277,556"
2021,Quebec,Groundfish,Other groundfish,"42,027","42,469"
2021,Quebec,Groundfish,Pollock,x,x
2021,Quebec,Groundfish,Redfish spp.,x,x
2021,Quebec,Groundfish,Skate,x,x
2021,Quebec,Groundfish,Total groundfish,"2,865,304","16,765,494"
2021,Quebec,Grand total,Grand total,"44,569,932","460,972,780"
2022,Atlantic,Shellfish,Clams / quahaug,"55,286,413","124,542,049"
2022,Atlantic,Shellfish,"Crab, Other","3,813,932","11,364,452"
2022,Atlantic,Shellfish,"Crab, Queen","94,524,960","1,431,278,443"
2022,Atlantic,Shellfish,Lobster,"98,059,689","1,778,797,595"
2022,Atlantic,Shellfish,Other shellfish,"6,181,559","14,416,566"
2022,Atlantic,Shellfish,Scallop,"58,086,237","236,165,353"
2022,Atlantic,Shellfish,Sea cucumber,"8,927,803","11,565,688"
2022,Atlantic,Shellfish,Sea urchin,"1,289,208","6,388,555"
2022,Atlantic,Shellfish,Shrimp,"65,901,255","272,011,991"
2022,Atlantic,Shellfish,Total shellfish,"392,071,056","3,886,530,691"
2022,Atlantic,Pelagics,Alewife,"3,368,012","4,534,687"
2022,Atlantic,Pelagics,Capelin,"5,118,118","1,886,657"
2022,Atlantic,Pelagics,Eel,"248,064","1,727,452"
2022,Atlantic,Pelagics,Elvers,"7,557","38,526,684"
2022,Atlantic,Pelagics,Herring,"77,538,556","55,877,472"
2022,Atlantic,Pelagics,Mackerel,"141,418","297,189"
2022,Atlantic,Pelagics,Other pelagic/finfish,"151,265","340,635"
2022,Atlantic,Pelagics,Salmon,0,0
2022,Atlantic,Pelagics,Shark,"2,827",750
2022,Atlantic,Pelagics,Silversides,"145,824","485,460"
2022,Atlantic,Pelagics,Swordfish,"1,341,599","15,985,184"
2022,Atlantic,Pelagics,Total pelagics,"89,229,666","130,856,533"
2022,Atlantic,Pelagics,Tuna,"1,166,426","11,194,365"
2022,Atlantic,Other,Marine plants,"12,105,442","604,827"
2022,Atlantic,Other,Miscellaneous,"273,529","938,377"
2022,Atlantic,Other,Total other,"12,378,971","1,543,204"
2022,Atlantic,Groundfish,Cod,"14,735,760","26,879,627"
2022,Atlantic,Groundfish,Flatfishes,"12,696,667","23,713,456"
2022,Atlantic,Groundfish,Greenland turbot,"10,899,299","57,507,103"
2022,Atlantic,Groundfish,Haddock,"9,321,680","14,196,752"
2022,Atlantic,Groundfish,Hake,"3,789,103","3,692,158"
2022,Atlantic,Groundfish,Halibut,"6,494,314","101,730,681"
2022,Atlantic,Groundfish,Other groundfish,"3,991,053","9,191,382"
2022,Atlantic,Groundfish,Pollock,"2,972,242","2,574,667"
2022,Atlantic,Groundfish,Redfish spp.,"13,273,032","30,401,282"
2022,Atlantic,Groundfish,Skate,"365,547","203,499"
2022,Atlantic,Groundfish,Total groundfish,"78,538,697","270,090,607"
2022,Atlantic,Grand total,Grand total,"572,218,390","4,289,021,035"
2022,British Columbia,Shellfish,Clams / quahaug,"1,535,756","52,397,434"
2022,British Columbia,Shellfish,"Crab, Other","8,660,450","97,348,202"
2022,British Columbia,Shellfish,"Crab, Queen",0,0
2022,British Columbia,Shellfish,Lobster,0,0
2022,British Columbia,Shellfish,Other shellfish,"135,611","478,601"
2022,British Columbia,Shellfish,Scallop,"11,970","131,051"
2022,British Columbia,Shellfish,Sea cucumber,"1,651,241","9,264,831"
2022,British Columbia,Shellfish,Sea urchin,"2,330,324","8,128,235"
2022,British Columbia,Shellfish,Shrimp,"1,749,920","55,233,743"
2022,British Columbia,Shellfish,Total shellfish,"16,075,271","222,982,098"
2022,British Columbia,Pelagics,Alewife,0,0
2022,British Columbia,Pelagics,Capelin,0,0
2022,British Columbia,Pelagics,Eel,0,0
2022,British Columbia,Pelagics,Elvers,0,0
2022,British Columbia,Pelagics,Herring,"4,721,613","2,186,183"
2022,British Columbia,Pelagics,Mackerel,"2,380","7,572"
2022,British Columbia,Pelagics,Other pelagic/finfish,"57,393","73,764"
2022,British Columbia,Pelagics,Salmon,"7,177,117","32,758,177"
2022,British Columbia,Pelagics,Shark,0,0
2022,British Columbia,Pelagics,Silversides,0,0
2022,British Columbia,Pelagics,Swordfish,0,0
2022,British Columbia,Pelagics,Total pelagics,"15,597,601","62,363,321"
2022,British Columbia,Pelagics,Tuna,"3,639,098","27,337,625"
2022,British Columbia,Other,Marine plants,0,0
2022,British Columbia,Other,Miscellaneous,0,0
2022,British Columbia,Other,Total other,0,0
2022,British Columbia,Groundfish,Cod,"837,222","1,474,024"
2022,British Columbia,Groundfish,Flatfishes,"7,661,766","6,875,691"
2022,British Columbia,Groundfish,Greenland turbot,0,0
2022,British Columbia,Groundfish,Haddock,0,0
2022,British Columbia,Groundfish,Hake,"38,406,305","16,000,315"
2022,British Columbia,Groundfish,Halibut,"3,440,452","61,452,740"
2022,British Columbia,Groundfish,Other groundfish,"4,763,196","36,382,961"
2022,British Columbia,Groundfish,Pollock,"8,958,810","6,357,091"
2022,British Columbia,Groundfish,Redfish spp.,"18,422,067","26,704,802"
2022,British Columbia,Groundfish,Skate,"348,808","444,751"
2022,British Columbia,Groundfish,Total groundfish,"82,838,626","155,692,375"
2022,British Columbia,Grand total,Grand total,"114,511,498","441,037,794"
2022,Canada,Shellfish,Clams / quahaug,"56,822,169","176,939,483"
2022,Canada,Shellfish,"Crab, Other","12,474,382","108,712,654"
2022,Canada,Shellfish,"Crab, Queen","94,524,960","1,431,278,443"
2022,Canada,Shellfish,Lobster,"98,059,689","1,778,797,595"
2022,Canada,Shellfish,Other shellfish,"6,317,170","14,895,168"
2022,Canada,Shellfish,Scallop,"58,098,207","236,296,404"
2022,Canada,Shellfish,Sea cucumber,"10,579,044","20,830,519"
2022,Canada,Shellfish,Sea urchin,"3,619,532","14,516,790"
2022,Canada,Shellfish,Shrimp,"67,651,175","327,245,734"
2022,Canada,Shellfish,Total shellfish,"408,146,327","4,109,512,790"
2022,Canada,Pelagics,Alewife,"3,368,012","4,534,687"
2022,Canada,Pelagics,Capelin,"5,118,118","1,886,657"
2022,Canada,Pelagics,Eel,"248,064","1,727,452"
2022,Canada,Pelagics,Elvers,"7,557","38,526,684"
2022,Canada,Pelagics,Herring,"82,260,169","58,063,655"
2022,Canada,Pelagics,Mackerel,"143,798","304,761"
2022,Canada,Pelagics,Other pelagic/finfish,"208,658","414,399"
2022,Canada,Pelagics,Salmon,"7,177,117","32,758,177"
2022,Canada,Pelagics,Shark,"2,827",750
2022,Canada,Pelagics,Silversides,"145,824","485,460"
2022,Canada,Pelagics,Swordfish,"1,341,599","15,985,184"
2022,Canada,Pelagics,Total pelagics,"104,827,267","193,219,854"
2022,Canada,Pelagics,Tuna,"4,805,524","38,531,990"
2022,Canada,Other,Marine plants,"12,105,442","604,827"
2022,Canada,Other,Miscellaneous,"273,529","938,377"
2022,Canada,Other,Total other,"12,378,971","1,543,204"
2022,Canada,Groundfish,Cod,"15,572,982","28,353,651"
2022,Canada,Groundfish,Flatfishes,"20,358,433","30,589,146"
2022,Canada,Groundfish,Greenland turbot,"10,899,299","57,507,103"
2022,Canada,Groundfish,Haddock,"9,321,680","14,196,752"
2022,Canada,Groundfish,Hake,"42,195,408","19,692,473"
2022,Canada,Groundfish,Halibut,"9,934,766","163,183,421"
2022,Canada,Groundfish,Other groundfish,"8,754,249","45,574,343"
2022,Canada,Groundfish,Pollock,"11,931,052","8,931,759"
2022,Canada,Groundfish,Redfish spp.,"31,695,099","57,106,084"
2022,Canada,Groundfish,Skate,"714,355","648,250"
2022,Canada,Groundfish,Total groundfish,"161,377,323","425,782,981"
2022,Canada,Grand total,Grand total,"686,729,888","4,730,058,829"
2022,New Brunswick,Shellfish,Clams / quahaug,"349,212","1,504,261"
2022,New Brunswick,Shellfish,"Crab, Other","1,061,216","3,375,391"
2022,New Brunswick,Shellfish,"Crab, Queen","11,717,814","177,723,791"
2022,New Brunswick,Shellfish,Lobster,"17,179,968","280,620,524"
2022,New Brunswick,Shellfish,Other shellfish,x,x
2022,New Brunswick,Shellfish,Scallop,"3,891,332","16,003,409"
2022,New Brunswick,Shellfish,Sea cucumber,x,x
2022,New Brunswick,Shellfish,Sea urchin,"354,603","1,407,792"
2022,New Brunswick,Shellfish,Shrimp,"2,001,491","5,756,686"
2022,New Brunswick,Shellfish,Total shellfish,"36,765,809","486,767,285"
2022,New Brunswick,Pelagics,Alewife,"2,059,208","2,425,429"
2022,New Brunswick,Pelagics,Capelin,0,0
2022,New Brunswick,Pelagics,Eel,"112,808","813,316"
2022,New Brunswick,Pelagics,Elvers,x,x
2022,New Brunswick,Pelagics,Herring,"16,221,697","14,196,979"
2022,New Brunswick,Pelagics,Mackerel,x,x
2022,New Brunswick,Pelagics,Other pelagic/finfish,"75,030","163,128"
2022,New Brunswick,Pelagics,Salmon,0,0
2022,New Brunswick,Pelagics,Shark,0,0
2022,New Brunswick,Pelagics,Silversides,x,x
2022,New Brunswick,Pelagics,Swordfish,0,0
2022,New Brunswick,Pelagics,Total pelagics,"18,479,535","22,517,810"
2022,New Brunswick,Pelagics,Tuna,"6,191","88,196"
2022,New Brunswick,Other,Marine plants,x,x
2022,New Brunswick,Other,Miscellaneous,0,0
2022,New Brunswick,Other,Total other,"12,035,302","601,324"
2022,New Brunswick,Groundfish,Cod,396,564
2022,New Brunswick,Groundfish,Flatfishes,x,x
2022,New Brunswick,Groundfish,Greenland turbot,x,x
2022,New Brunswick,Groundfish,Haddock,x,x
2022,New Brunswick,Groundfish,Hake,x,x
2022,New Brunswick,Groundfish,Halibut,"144,751","1,477,683"
2022,New Brunswick,Groundfish,Other groundfish,"1,351","3,257"
2022,New Brunswick,Groundfish,Pollock,0,0
2022,New Brunswick,Groundfish,Redfish spp.,"164,339","180,774"
2022,New Brunswick,Groundfish,Skate,0,0
2022,New Brunswick,Groundfish,Total groundfish,"318,220","1,673,162"
2022,New Brunswick,Grand total,Grand total,"67,598,866","511,559,581"
2022,Newfoundland and Labrador,Shellfish,Clams / quahaug,x,x
2022,Newfoundland and Labrador,Shellfish,"Crab, Other",x,x
2022,Newfoundland and Labrador,Shellfish,"Crab, Queen","49,973,796","756,782,385"
2022,Newfoundland and Labrador,Shellfish,Lobster,"6,176,580","107,138,511"
2022,Newfoundland and Labrador,Shellfish,Other shellfish,"4,282,079","10,223,683"
2022,Newfoundland and Labrador,Shellfish,Scallop,"1,094,762","3,263,559"
2022,Newfoundland and Labrador,Shellfish,Sea cucumber,"6,083,713","8,007,133"
2022,Newfoundland and Labrador,Shellfish,Sea urchin,"333,166","809,170"
2022,Newfoundland and Labrador,Shellfish,Shrimp,"36,654,505","153,129,445"
2022,Newfoundland and Labrador,Shellfish,Total shellfish,"141,491,578","1,127,160,456"
2022,Newfoundland and Labrador,Pelagics,Alewife,0,0
2022,Newfoundland and Labrador,Pelagics,Capelin,"4,934,995","1,773,410"
2022,Newfoundland and Labrador,Pelagics,Eel,"41,855","251,449"
2022,Newfoundland and Labrador,Pelagics,Elvers,0,0
2022,Newfoundland and Labrador,Pelagics,Herring,"21,343,589","9,406,294"
2022,Newfoundland and Labrador,Pelagics,Mackerel,x,x
2022,Newfoundland and Labrador,Pelagics,Other pelagic/finfish,"30,506","79,441"
2022,Newfoundland and Labrador,Pelagics,Salmon,0,0
2022,Newfoundland and Labrador,Pelagics,Shark,0,0
2022,Newfoundland and Labrador,Pelagics,Silversides,0,0
2022,Newfoundland and Labrador,Pelagics,Swordfish,x,x
2022,Newfoundland and Labrador,Pelagics,Total pelagics,"26,851,738","17,500,470"
2022,Newfoundland and Labrador,Pelagics,Tuna,"46,674","769,971"
2022,Newfoundland and Labrador,Other,Marine plants,0,0
2022,Newfoundland and Labrador,Other,Miscellaneous,x,x
2022,Newfoundland and Labrador,Other,Total other,"273,529","938,377"
2022,Newfoundland and Labrador,Groundfish,Cod,"13,436,448","24,379,189"
2022,Newfoundland and Labrador,Groundfish,Flatfishes,"11,593,135","20,009,598"
2022,Newfoundland and Labrador,Groundfish,Greenland turbot,"9,954,798","53,561,423"
2022,Newfoundland and Labrador,Groundfish,Haddock,"43,376","93,386"
2022,Newfoundland and Labrador,Groundfish,Hake,"144,842","161,507"
2022,Newfoundland and Labrador,Groundfish,Halibut,"993,410","10,869,491"
2022,Newfoundland and Labrador,Groundfish,Other groundfish,"2,723,468","7,499,247"
2022,Newfoundland and Labrador,Groundfish,Pollock,x,x
2022,Newfoundland and Labrador,Groundfish,Redfish spp.,"4,104,563","5,481,736"
2022,Newfoundland and Labrador,Groundfish,Skate,x,x
2022,Newfoundland and Labrador,Groundfish,Total groundfish,"43,258,099","122,135,647"
2022,Newfoundland and Labrador,Grand total,Grand total,"211,874,944","1,267,734,948"
2022,Nova Scotia,Shellfish,Clams / quahaug,"16,622,552","32,138,196"
2022,Nova Scotia,Shellfish,"Crab, Other","1,081,537","2,114,033"
2022,Nova Scotia,Shellfish,"Crab, Queen","15,877,684","242,496,241"
2022,Nova Scotia,Shellfish,Lobster,"43,073,026","868,789,985"
2022,Nova Scotia,Shellfish,Other shellfish,x,x
2022,Nova Scotia,Shellfish,Scallop,"52,152,828","212,648,488"
2022,Nova Scotia,Shellfish,Sea cucumber,x,x
2022,Nova Scotia,Shellfish,Sea urchin,0,0
2022,Nova Scotia,Shellfish,Shrimp,"19,396,768","87,318,761"
2022,Nova Scotia,Shellfish,Total shellfish,"150,876,916","1,448,721,929"
2022,Nova Scotia,Pelagics,Alewife,"1,259,288","1,963,107"
2022,Nova Scotia,Pelagics,Capelin,0,0
2022,Nova Scotia,Pelagics,Eel,"13,682","47,311"
2022,Nova Scotia,Pelagics,Elvers,x,x
2022,Nova Scotia,Pelagics,Herring,"33,986,151","28,630,333"
2022,Nova Scotia,Pelagics,Mackerel,"55,350","155,452"
2022,Nova Scotia,Pelagics,Other pelagic/finfish,x,x
2022,Nova Scotia,Pelagics,Salmon,0,0
2022,Nova Scotia,Pelagics,Shark,x,x
2022,Nova Scotia,Pelagics,Silversides,x,x
2022,Nova Scotia,Pelagics,Swordfish,x,x
2022,Nova Scotia,Pelagics,Total pelagics,"37,121,735","82,998,944"
2022,Nova Scotia,Pelagics,Tuna,"877,554","7,646,426"
2022,Nova Scotia,Other,Marine plants,x,x
2022,Nova Scotia,Other,Miscellaneous,0,0
2022,Nova Scotia,Other,Total other,"70,040","3,502"
2022,Nova Scotia,Groundfish,Cod,"1,090,746","1,985,846"
2022,Nova Scotia,Groundfish,Flatfishes,"676,009","1,254,912"
2022,Nova Scotia,Groundfish,Greenland turbot,"21,028","43,179"
2022,Nova Scotia,Groundfish,Haddock,"9,278,297","14,103,355"
2022,Nova Scotia,Groundfish,Hake,"3,629,574","3,520,548"
2022,Nova Scotia,Groundfish,Halibut,"4,478,662","79,006,833"
2022,Nova Scotia,Groundfish,Other groundfish,"1,236,575","1,645,670"
2022,Nova Scotia,Groundfish,Pollock,"2,927,112","2,548,015"
2022,Nova Scotia,Groundfish,Redfish spp.,"8,688,783","24,456,082"
2022,Nova Scotia,Groundfish,Skate,"143,520","149,673"
2022,Nova Scotia,Groundfish,Total groundfish,"32,170,306","128,714,115"
2022,Nova Scotia,Grand total,Grand total,"220,238,997","1,660,438,489"
2022,Prince Edward Island,Shellfish,Clams / quahaug,x,x
2022,Prince Edward Island,Shellfish,"Crab, Other",x,x
2022,Prince Edward Island,Shellfish,"Crab, Queen","3,557,990","55,670,340"
2022,Prince Edward Island,Shellfish,Lobster,"19,185,237","304,294,995"
2022,Prince Edward Island,Shellfish,Other shellfish,"451,947","1,145,935"
2022,Prince Edward Island,Shellfish,Scallop,"293,995","1,152,970"
2022,Prince Edward Island,Shellfish,Sea cucumber,0,0
2022,Prince Edward Island,Shellfish,Sea urchin,0,0
2022,Prince Edward Island,Shellfish,Shrimp,0,0
2022,Prince Edward Island,Shellfish,Total shellfish,"24,741,498","367,398,924"
2022,Prince Edward Island,Pelagics,Alewife,"49,516","146,151"
2022,Prince Edward Island,Pelagics,Capelin,0,0
2022,Prince Edward Island,Pelagics,Eel,"79,719","615,376"
2022,Prince Edward Island,Pelagics,Elvers,0,0
2022,Prince Edward Island,Pelagics,Herring,"1,861,067","1,622,990"
2022,Prince Edward Island,Pelagics,Mackerel,0,0
2022,Prince Edward Island,Pelagics,Other pelagic/finfish,"20,543","45,199"
2022,Prince Edward Island,Pelagics,Salmon,0,0
2022,Prince Edward Island,Pelagics,Shark,0,0
2022,Prince Edward Island,Pelagics,Silversides,"131,988","442,711"
2022,Prince Edward Island,Pelagics,Swordfish,0,0
2022,Prince Edward Island,Pelagics,Total pelagics,"2,347,268","5,285,927"
2022,Prince Edward Island,Pelagics,Tuna,"204,435","2,413,501"
2022,Prince Edward Island,Other,Marine plants,0,0
2022,Prince Edward Island,Other,Miscellaneous,0,0
2022,Prince Edward Island,Other,Total other,0,0
2022,Prince Edward Island,Groundfish,Cod,"5,042","6,463"
2022,Prince Edward Island,Groundfish,Flatfishes,0,0
2022,Prince Edward Island,Groundfish,Greenland turbot,0,0
2022,Prince Edward Island,Groundfish,Haddock,0,0
2022,Prince Edward Island,Groundfish,Hake,87,73
2022,Prince Edward Island,Groundfish,Halibut,"87,128","858,342"
2022,Prince Edward Island,Groundfish,Other groundfish,0,0
2022,Prince Edward Island,Groundfish,Pollock,0,0
2022,Prince Edward Island,Groundfish,Redfish spp.,0,0
2022,Prince Edward Island,Groundfish,Skate,0,0
2022,Prince Edward Island,Groundfish,Total groundfish,"92,257","864,877"
2022,Prince Edward Island,Grand total,Grand total,"27,181,023","373,549,728"
2022,Quebec,Shellfish,Clams / quahaug,"1,071,619","1,729,037"
2022,Quebec,Shellfish,"Crab, Other","768,903","2,104,327"
2022,Quebec,Shellfish,"Crab, Queen","13,397,676","198,605,685"
2022,Quebec,Shellfish,Lobster,"12,444,878","217,953,580"
2022,Quebec,Shellfish,Other shellfish,"602,458","1,492,920"
2022,Quebec,Shellfish,Scallop,"653,320","3,096,928"
2022,Quebec,Shellfish,Sea cucumber,"806,471","1,520,930"
2022,Quebec,Shellfish,Sea urchin,"601,439","4,171,592"
2022,Quebec,Shellfish,Shrimp,"7,848,491","25,807,099"
2022,Quebec,Shellfish,Total shellfish,"38,195,255","456,482,098"
2022,Quebec,Pelagics,Alewife,0,0
2022,Quebec,Pelagics,Capelin,"183,123","113,246"
2022,Quebec,Pelagics,Eel,0,0
2022,Quebec,Pelagics,Elvers,0,0
2022,Quebec,Pelagics,Herring,"4,126,052","2,020,875"
2022,Quebec,Pelagics,Mackerel,"85,663","141,254"
2022,Quebec,Pelagics,Other pelagic/finfish,x,x
2022,Quebec,Pelagics,Salmon,0,0
2022,Quebec,Pelagics,Shark,x,x
2022,Quebec,Pelagics,Silversides,0,0
2022,Quebec,Pelagics,Swordfish,0,0
2022,Quebec,Pelagics,Total pelagics,"4,429,390","2,553,382"
2022,Quebec,Pelagics,Tuna,"31,572","276,271"
2022,Quebec,Other,Marine plants,x,x
2022,Quebec,Other,Miscellaneous,0,0
2022,Quebec,Other,Total other,100,1
2022,Quebec,Groundfish,Cod,"203,128","507,564"
2022,Quebec,Groundfish,Flatfishes,x,x
2022,Quebec,Groundfish,Greenland turbot,x,x
2022,Quebec,Groundfish,Haddock,x,x
2022,Quebec,Groundfish,Hake,x,x
2022,Quebec,Groundfish,Halibut,"790,363","9,518,333"
2022,Quebec,Groundfish,Other groundfish,"29,659","43,208"
2022,Quebec,Groundfish,Pollock,x,x
2022,Quebec,Groundfish,Redfish spp.,"315,347","282,689"
2022,Quebec,Groundfish,Skate,x,x
2022,Quebec,Groundfish,Total groundfish,"2,699,815","16,702,807"
2022,Quebec,Grand total,Grand total,"45,324,560","475,738,288"
2023,Atlantic,Shellfish,Clams / quahaug,"51,183,491","91,766,844"
2023,Atlantic,Shellfish,"Crab, Other","2,799,162","5,757,178"
2023,Atlantic,Shellfish,"Crab, Queen","100,963,636","500,474,490"
2023,Atlantic,Shellfish,Lobster,"97,464,592","1,764,070,800"
2023,Atlantic,Shellfish,Other shellfish,"6,357,152","14,509,996"
2023,Atlantic,Shellfish,Scallop,"66,650,456","194,940,247"
2023,Atlantic,Shellfish,Sea cucumber,"9,493,926","14,266,958"
2023,Atlantic,Shellfish,Sea urchin,"1,212,710","6,490,329"
2023,Atlantic,Shellfish,Shrimp,"51,990,975","238,965,167"
2023,Atlantic,Shellfish,Total shellfish,"388,116,100","2,831,242,011"
2023,Atlantic,Pelagics,Alewife,"3,789,957","5,990,351"
2023,Atlantic,Pelagics,Capelin,"12,567,312","4,857,597"
2023,Atlantic,Pelagics,Eel,"273,604","2,434,341"
2023,Atlantic,Pelagics,Elvers,"4,583","20,241,261"
2023,Atlantic,Pelagics,Herring,"64,603,306","25,727,339"
2023,Atlantic,Pelagics,Mackerel,"95,001","125,470"
2023,Atlantic,Pelagics,Other pelagic/finfish,"167,415","555,512"
2023,Atlantic,Pelagics,Salmon,0,0
2023,Atlantic,Pelagics,Shark,830,849
2023,Atlantic,Pelagics,Silversides,"73,668","300,153"
2023,Atlantic,Pelagics,Swordfish,"1,922,410","17,489,057"
2023,Atlantic,Pelagics,Total pelagics,"84,692,208","94,851,501"
2023,Atlantic,Pelagics,Tuna,"1,194,122","17,129,571"
2023,Atlantic,Other,Marine plants,"13,858,741","692,935"
2023,Atlantic,Other,Miscellaneous,"389,039","1,188,791"
2023,Atlantic,Other,Total other,"14,247,780","1,881,726"
2023,Atlantic,Groundfish,Cod,"15,140,817","27,907,759"
2023,Atlantic,Groundfish,Flatfishes,"4,319,945","7,117,265"
2023,Atlantic,Groundfish,Greenland turbot,"7,804,107","42,312,875"
2023,Atlantic,Groundfish,Haddock,"8,568,505","18,338,357"
2023,Atlantic,Groundfish,Hake,"4,649,575","6,680,733"
2023,Atlantic,Groundfish,Halibut,"6,855,910","97,745,623"
2023,Atlantic,Groundfish,Other groundfish,"2,452,471","5,256,311"
2023,Atlantic,Groundfish,Pollock,"3,905,608","5,347,255"
2023,Atlantic,Groundfish,Redfish spp.,"13,281,859","16,285,810"
2023,Atlantic,Groundfish,Skate,"173,627","169,776"
2023,Atlantic,Groundfish,Total groundfish,"67,152,424","227,161,763"
2023,Atlantic,Grand total,Grand total,"554,208,512","3,155,137,002"
2023,British Columbia,Shellfish,Clams / quahaug,"1,714,385","66,524,084"
2023,British Columbia,Shellfish,"Crab, Other","7,181,821","113,539,118"
2023,British Columbia,Shellfish,"Crab, Queen",0,0
2023,British Columbia,Shellfish,Lobster,0,0
2023,British Columbia,Shellfish,Other shellfish,"188,146","818,715"
2023,British Columbia,Shellfish,Scallop,"6,326","69,732"
2023,British Columbia,Shellfish,Sea cucumber,"1,651,931","8,522,010"
2023,British Columbia,Shellfish,Sea urchin,"2,279,307","7,955,580"
2023,British Columbia,Shellfish,Shrimp,"1,677,038","73,309,522"
2023,British Columbia,Shellfish,Total shellfish,"14,698,954","270,738,761"
2023,British Columbia,Pelagics,Alewife,0,0
2023,British Columbia,Pelagics,Capelin,0,0
2023,British Columbia,Pelagics,Eel,0,0
2023,British Columbia,Pelagics,Elvers,0,0
2023,British Columbia,Pelagics,Herring,"6,189,887","5,130,401"
2023,British Columbia,Pelagics,Mackerel,"34,351","60,696"
2023,British Columbia,Pelagics,Other pelagic/finfish,"38,458","122,997"
2023,British Columbia,Pelagics,Salmon,"7,266,782","23,386,277"
2023,British Columbia,Pelagics,Shark,0,0
2023,British Columbia,Pelagics,Silversides,0,0
2023,British Columbia,Pelagics,Swordfish,0,0
2023,British Columbia,Pelagics,Total pelagics,"14,672,897","34,246,147"
2023,British Columbia,Pelagics,Tuna,"1,143,419","5,545,775"
2023,British Columbia,Other,Marine plants,0,0
2023,British Columbia,Other,Miscellaneous,0,0
2023,British Columbia,Other,Total other,0,0
2023,British Columbia,Groundfish,Cod,"592,545","914,959"
2023,British Columbia,Groundfish,Flatfishes,"5,877,265","4,286,972"
2023,British Columbia,Groundfish,Greenland turbot,0,0
2023,British Columbia,Groundfish,Haddock,0,0
2023,British Columbia,Groundfish,Hake,"30,310,271","24,724,373"
2023,British Columbia,Groundfish,Halibut,"3,163,691","53,647,155"
2023,British Columbia,Groundfish,Other groundfish,"5,581,373","36,090,838"
2023,British Columbia,Groundfish,Pollock,"5,887,160","2,595,790"
2023,British Columbia,Groundfish,Redfish spp.,"19,309,451","24,903,509"
2023,British Columbia,Groundfish,Skate,"293,005","355,280"
2023,British Columbia,Groundfish,Total groundfish,"71,014,761","147,518,876"
2023,British Columbia,Grand total,Grand total,"100,386,613","452,503,784"
2023,Canada,Shellfish,Clams / quahaug,"52,897,876","158,290,929"
2023,Canada,Shellfish,"Crab, Other","9,980,983","119,296,296"
2023,Canada,Shellfish,"Crab, Queen","100,963,636","500,474,490"
2023,Canada,Shellfish,Lobster,"97,464,592","1,764,070,800"
2023,Canada,Shellfish,Other shellfish,"6,545,298","15,328,711"
2023,Canada,Shellfish,Scallop,"66,656,782","195,009,980"
2023,Canada,Shellfish,Sea cucumber,"11,145,857","22,788,968"
2023,Canada,Shellfish,Sea urchin,"3,492,017","14,445,909"
2023,Canada,Shellfish,Shrimp,"53,668,013","312,274,689"
2023,Canada,Shellfish,Total shellfish,"402,815,054","3,101,980,772"
2023,Canada,Pelagics,Alewife,"3,789,957","5,990,351"
2023,Canada,Pelagics,Capelin,"12,567,312","4,857,597"
2023,Canada,Pelagics,Eel,"273,604","2,434,341"
2023,Canada,Pelagics,Elvers,"4,583","20,241,261"
2023,Canada,Pelagics,Herring,"70,793,193","30,857,740"
2023,Canada,Pelagics,Mackerel,"129,352","186,165"
2023,Canada,Pelagics,Other pelagic/finfish,"205,873","678,509"
2023,Canada,Pelagics,Salmon,"7,266,782","23,386,277"
2023,Canada,Pelagics,Shark,830,849
2023,Canada,Pelagics,Silversides,"73,668","300,153"
2023,Canada,Pelagics,Swordfish,"1,922,410","17,489,057"
2023,Canada,Pelagics,Total pelagics,"99,365,105","129,097,648"
2023,Canada,Pelagics,Tuna,"2,337,541","22,675,346"
2023,Canada,Other,Marine plants,"13,858,741","692,935"
2023,Canada,Other,Miscellaneous,"389,039","1,188,791"
2023,Canada,Other,Total other,"14,247,780","1,881,726"
2023,Canada,Groundfish,Cod,"15,733,362","28,822,718"
2023,Canada,Groundfish,Flatfishes,"10,197,210","11,404,237"
2023,Canada,Groundfish,Greenland turbot,"7,804,107","42,312,875"
2023,Canada,Groundfish,Haddock,"8,568,505","18,338,357"
2023,Canada,Groundfish,Hake,"34,959,846","31,405,106"
2023,Canada,Groundfish,Halibut,"10,019,601","151,392,778"
2023,Canada,Groundfish,Other groundfish,"8,033,844","41,347,149"
2023,Canada,Groundfish,Pollock,"9,792,768","7,943,044"
2023,Canada,Groundfish,Redfish spp.,"32,591,310","41,189,319"
2023,Canada,Groundfish,Skate,"466,632","525,056"
2023,Canada,Groundfish,Total groundfish,"138,167,185","374,680,639"
2023,Canada,Grand total,Grand total,"654,595,125","3,607,640,785"
2023,New Brunswick,Shellfish,Clams / quahaug,"316,751","1,400,425"
2023,New Brunswick,Shellfish,"Crab, Other","854,982","1,069,937"
2023,New Brunswick,Shellfish,"Crab, Queen","13,702,079","68,313,845"
2023,New Brunswick,Shellfish,Lobster,"16,966,496","289,998,921"
2023,New Brunswick,Shellfish,Other shellfish,x,x
2023,New Brunswick,Shellfish,Scallop,"5,293,433","14,871,748"
2023,New Brunswick,Shellfish,Sea cucumber,x,x
2023,New Brunswick,Shellfish,Sea urchin,"288,814","1,146,587"
2023,New Brunswick,Shellfish,Shrimp,"878,338","2,561,334"
2023,New Brunswick,Shellfish,Total shellfish,"38,762,083","379,994,606"
2023,New Brunswick,Pelagics,Alewife,"2,101,641","2,984,161"
2023,New Brunswick,Pelagics,Capelin,0,0
2023,New Brunswick,Pelagics,Eel,"81,752","611,850"
2023,New Brunswick,Pelagics,Elvers,x,x
2023,New Brunswick,Pelagics,Herring,"10,269,490","4,390,684"
2023,New Brunswick,Pelagics,Mackerel,x,x
2023,New Brunswick,Pelagics,Other pelagic/finfish,"52,372","121,138"
2023,New Brunswick,Pelagics,Salmon,0,0
2023,New Brunswick,Pelagics,Shark,0,0
2023,New Brunswick,Pelagics,Silversides,0,0
2023,New Brunswick,Pelagics,Swordfish,0,0
2023,New Brunswick,Pelagics,Total pelagics,"12,512,073","8,311,463"
2023,New Brunswick,Pelagics,Tuna,"6,050","88,188"
2023,New Brunswick,Other,Marine plants,x,x
2023,New Brunswick,Other,Miscellaneous,0,0
2023,New Brunswick,Other,Total other,"13,729,901","686,495"
2023,New Brunswick,Groundfish,Cod,x,x
2023,New Brunswick,Groundfish,Flatfishes,x,x
2023,New Brunswick,Groundfish,Greenland turbot,x,x
2023,New Brunswick,Groundfish,Haddock,0,0
2023,New Brunswick,Groundfish,Hake,0,0
2023,New Brunswick,Groundfish,Halibut,"176,517","1,970,392"
2023,New Brunswick,Groundfish,Other groundfish,"4,936","10,231"
2023,New Brunswick,Groundfish,Pollock,0,0
2023,New Brunswick,Groundfish,Redfish spp.,x,x
2023,New Brunswick,Groundfish,Skate,0,0
2023,New Brunswick,Groundfish,Total groundfish,"211,358","2,016,791"
2023,New Brunswick,Grand total,Grand total,"65,215,415","391,009,355"
2023,Newfoundland and Labrador,Shellfish,Clams / quahaug,x,x
2023,Newfoundland and Labrador,Shellfish,"Crab, Other",x,x
2023,Newfoundland and Labrador,Shellfish,"Crab, Queen","51,633,218","253,047,701"
2023,Newfoundland and Labrador,Shellfish,Lobster,"7,273,827","120,857,193"
2023,Newfoundland and Labrador,Shellfish,Other shellfish,"4,560,781","10,144,916"
2023,Newfoundland and Labrador,Shellfish,Scallop,"1,147,310","3,183,160"
2023,Newfoundland and Labrador,Shellfish,Sea cucumber,"5,963,765","9,729,422"
2023,Newfoundland and Labrador,Shellfish,Sea urchin,"296,145","683,685"
2023,Newfoundland and Labrador,Shellfish,Shrimp,"31,313,088","152,931,312"
2023,Newfoundland and Labrador,Shellfish,Total shellfish,"128,395,662","612,254,137"
2023,Newfoundland and Labrador,Pelagics,Alewife,0,0
2023,Newfoundland and Labrador,Pelagics,Capelin,"12,517,080","4,829,202"
2023,Newfoundland and Labrador,Pelagics,Eel,"52,173","332,702"
2023,Newfoundland and Labrador,Pelagics,Elvers,0,0
2023,Newfoundland and Labrador,Pelagics,Herring,"21,409,859","8,576,205"
2023,Newfoundland and Labrador,Pelagics,Mackerel,0,0
2023,Newfoundland and Labrador,Pelagics,Other pelagic/finfish,"32,952","83,900"
2023,Newfoundland and Labrador,Pelagics,Salmon,0,0
2023,Newfoundland and Labrador,Pelagics,Shark,443,369
2023,Newfoundland and Labrador,Pelagics,Silversides,0,0
2023,Newfoundland and Labrador,Pelagics,Swordfish,"563,084","6,425,077"
2023,Newfoundland and Labrador,Pelagics,Total pelagics,"34,648,679","21,141,583"
2023,Newfoundland and Labrador,Pelagics,Tuna,"73,088","894,127"
2023,Newfoundland and Labrador,Other,Marine plants,0,0
2023,Newfoundland and Labrador,Other,Miscellaneous,"388,939","1,188,790"
2023,Newfoundland and Labrador,Other,Total other,"388,939","1,188,790"
2023,Newfoundland and Labrador,Groundfish,Cod,"13,783,922","24,273,032"
2023,Newfoundland and Labrador,Groundfish,Flatfishes,"3,297,920","5,653,165"
2023,Newfoundland and Labrador,Groundfish,Greenland turbot,"7,608,142","41,479,534"
2023,Newfoundland and Labrador,Groundfish,Haddock,x,x
2023,Newfoundland and Labrador,Groundfish,Hake,"151,461","131,728"
2023,Newfoundland and Labrador,Groundfish,Halibut,"997,611","10,309,945"
2023,Newfoundland and Labrador,Groundfish,Other groundfish,"1,269,362","2,701,996"
2023,Newfoundland and Labrador,Groundfish,Pollock,"53,351","33,115"
2023,Newfoundland and Labrador,Groundfish,Redfish spp.,"4,519,492","5,538,216"
2023,Newfoundland and Labrador,Groundfish,Skate,x,x
2023,Newfoundland and Labrador,Groundfish,Total groundfish,"31,758,702","90,248,611"
2023,Newfoundland and Labrador,Grand total,Grand total,"195,191,982","724,833,121"
2023,Nova Scotia,Shellfish,Clams / quahaug,"23,429,332","26,434,765"
2023,Nova Scotia,Shellfish,"Crab, Other",x,x
2023,Nova Scotia,Shellfish,"Crab, Queen","15,357,117","77,334,648"
2023,Nova Scotia,Shellfish,Lobster,"39,816,734","821,261,725"
2023,Nova Scotia,Shellfish,Other shellfish,"800,860","1,501,128"
2023,Nova Scotia,Shellfish,Scallop,"59,159,279","173,394,051"
2023,Nova Scotia,Shellfish,Sea cucumber,x,x
2023,Nova Scotia,Shellfish,Sea urchin,0,0
2023,Nova Scotia,Shellfish,Shrimp,"15,293,886","68,610,867"
2023,Nova Scotia,Shellfish,Total shellfish,"156,553,111","1,171,793,010"
2023,Nova Scotia,Pelagics,Alewife,"1,648,893","2,888,399"
2023,Nova Scotia,Pelagics,Capelin,0,0
2023,Nova Scotia,Pelagics,Eel,x,x
2023,Nova Scotia,Pelagics,Elvers,x,x
2023,Nova Scotia,Pelagics,Herring,"29,582,648","10,242,694"
2023,Nova Scotia,Pelagics,Mackerel,"39,907","121,754"
2023,Nova Scotia,Pelagics,Other pelagic/finfish,"13,905","40,765"
2023,Nova Scotia,Pelagics,Salmon,0,0
2023,Nova Scotia,Pelagics,Shark,x,x
2023,Nova Scotia,Pelagics,Silversides,0,0
2023,Nova Scotia,Pelagics,Swordfish,"1,359,326","11,063,980"
2023,Nova Scotia,Pelagics,Total pelagics,"33,546,828","56,962,646"
2023,Nova Scotia,Pelagics,Tuna,"893,529","12,460,061"
2023,Nova Scotia,Other,Marine plants,x,x
2023,Nova Scotia,Other,Miscellaneous,0,0
2023,Nova Scotia,Other,Total other,"128,790","6,440"
2023,Nova Scotia,Groundfish,Cod,"1,108,253","3,133,614"
2023,Nova Scotia,Groundfish,Flatfishes,"982,412","1,419,078"
2023,Nova Scotia,Groundfish,Greenland turbot,"16,090","55,662"
2023,Nova Scotia,Groundfish,Haddock,"8,507,813","18,216,989"
2023,Nova Scotia,Groundfish,Hake,"4,491,887","6,543,130"
2023,Nova Scotia,Groundfish,Halibut,"4,619,337","72,034,692"
2023,Nova Scotia,Groundfish,Other groundfish,"1,166,743","2,527,896"
2023,Nova Scotia,Groundfish,Pollock,"3,851,601","5,313,715"
2023,Nova Scotia,Groundfish,Redfish spp.,"8,264,182","10,286,075"
2023,Nova Scotia,Groundfish,Skate,"156,826","163,227"
2023,Nova Scotia,Groundfish,Total groundfish,"33,165,144","119,694,078"
2023,Nova Scotia,Grand total,Grand total,"223,393,873","1,348,456,174"
2023,Prince Edward Island,Shellfish,Clams / quahaug,x,x
2023,Prince Edward Island,Shellfish,"Crab, Other","707,153","1,594,682"
2023,Prince Edward Island,Shellfish,"Crab, Queen","4,825,309","23,933,383"
2023,Prince Edward Island,Shellfish,Lobster,"18,941,228","289,818,027"
2023,Prince Edward Island,Shellfish,Other shellfish,x,x
2023,Prince Edward Island,Shellfish,Scallop,"315,183","38,079"
2023,Prince Edward Island,Shellfish,Sea cucumber,0,0
2023,Prince Edward Island,Shellfish,Sea urchin,0,0
2023,Prince Edward Island,Shellfish,Shrimp,0,0
2023,Prince Edward Island,Shellfish,Total shellfish,"25,337,317","317,151,602"
2023,Prince Edward Island,Pelagics,Alewife,"39,423","117,791"
2023,Prince Edward Island,Pelagics,Capelin,0,0
2023,Prince Edward Island,Pelagics,Eel,"89,043","711,248"
2023,Prince Edward Island,Pelagics,Elvers,0,0
2023,Prince Edward Island,Pelagics,Herring,"1,681,381","1,754,687"
2023,Prince Edward Island,Pelagics,Mackerel,x,x
2023,Prince Edward Island,Pelagics,Other pelagic/finfish,x,x
2023,Prince Edward Island,Pelagics,Salmon,0,0
2023,Prince Edward Island,Pelagics,Shark,0,0
2023,Prince Edward Island,Pelagics,Silversides,"73,668","300,153"
2023,Prince Edward Island,Pelagics,Swordfish,0,0
2023,Prince Edward Island,Pelagics,Total pelagics,"2,110,851","6,249,932"
2023,Prince Edward Island,Pelagics,Tuna,"195,986","3,268,260"
2023,Prince Edward Island,Other,Marine plants,0,0
2023,Prince Edward Island,Other,Miscellaneous,0,0
2023,Prince Edward Island,Other,Total other,0,0
2023,Prince Edward Island,Groundfish,Cod,x,x
2023,Prince Edward Island,Groundfish,Flatfishes,0,0
2023,Prince Edward Island,Groundfish,Greenland turbot,0,0
2023,Prince Edward Island,Groundfish,Haddock,0,0
2023,Prince Edward Island,Groundfish,Hake,x,x
2023,Prince Edward Island,Groundfish,Halibut,"96,977","1,427,570"
2023,Prince Edward Island,Groundfish,Other groundfish,0,0
2023,Prince Edward Island,Groundfish,Pollock,0,0
2023,Prince Edward Island,Groundfish,Redfish spp.,0,0
2023,Prince Edward Island,Groundfish,Skate,0,0
2023,Prince Edward Island,Groundfish,Total groundfish,"99,797","1,431,181"
2023,Prince Edward Island,Grand total,Grand total,"27,547,965","324,832,715"
2023,Quebec,Shellfish,Clams / quahaug,"1,019,332","1,447,492"
2023,Quebec,Shellfish,"Crab, Other","617,551","1,913,129"
2023,Quebec,Shellfish,"Crab, Queen","15,445,913","77,844,912"
2023,Quebec,Shellfish,Lobster,"14,466,307","242,134,934"
2023,Quebec,Shellfish,Other shellfish,"631,753","1,707,557"
2023,Quebec,Shellfish,Scallop,"735,251","3,453,210"
2023,Quebec,Shellfish,Sea cucumber,"1,018,406","2,025,710"
2023,Quebec,Shellfish,Sea urchin,"627,751","4,660,057"
2023,Quebec,Shellfish,Shrimp,"4,505,663","14,861,654"
2023,Quebec,Shellfish,Total shellfish,"39,067,927","350,048,655"
2023,Quebec,Pelagics,Alewife,0,0
2023,Quebec,Pelagics,Capelin,"50,232","28,395"
2023,Quebec,Pelagics,Eel,x,x
2023,Quebec,Pelagics,Elvers,0,0
2023,Quebec,Pelagics,Herring,"1,659,928","763,070"
2023,Quebec,Pelagics,Mackerel,"52,525",525
2023,Quebec,Pelagics,Other pelagic/finfish,x,x
2023,Quebec,Pelagics,Salmon,0,0
2023,Quebec,Pelagics,Shark,x,x
2023,Quebec,Pelagics,Silversides,0,0
2023,Quebec,Pelagics,Swordfish,0,0
2023,Quebec,Pelagics,Total pelagics,"1,873,777","2,185,877"
2023,Quebec,Pelagics,Tuna,"25,469","418,934"
2023,Quebec,Other,Marine plants,x,x
2023,Quebec,Other,Miscellaneous,x,x
2023,Quebec,Other,Total other,150,2
2023,Quebec,Groundfish,Cod,"245,374","496,360"
2023,Quebec,Groundfish,Flatfishes,x,x
2023,Quebec,Groundfish,Greenland turbot,x,x
2023,Quebec,Groundfish,Haddock,x,x
2023,Quebec,Groundfish,Hake,x,x
2023,Quebec,Groundfish,Halibut,"965,468","12,003,024"
2023,Quebec,Groundfish,Other groundfish,"11,430","16,188"
2023,Quebec,Groundfish,Pollock,656,424
2023,Quebec,Groundfish,Redfish spp.,x,x
2023,Quebec,Groundfish,Skate,x,x
2023,Quebec,Groundfish,Total groundfish,"1,917,423","13,771,102"
2023,Quebec,Grand total,Grand total,"42,859,277","366,005,636"
2024,Atlantic,Shellfish,Clams / quahaug,"48,815,442","94,878,863"
2024,Atlantic,Shellfish,"Crab, Other","2,156,276","6,504,238"
2024,Atlantic,Shellfish,"Crab, Queen","96,428,054","761,285,647"
2024,Atlantic,Shellfish,Lobster,"105,249,198","1,971,588,760"
2024,Atlantic,Shellfish,Other shellfish,"7,286,245","16,269,881"
2024,Atlantic,Shellfish,Scallop,"55,618,804","179,092,394"
2024,Atlantic,Shellfish,Sea cucumber,"9,755,463","16,750,404"
2024,Atlantic,Shellfish,Sea urchin,"1,110,944","5,411,327"
2024,Atlantic,Shellfish,Shrimp,"50,401,061","230,911,614"
2024,Atlantic,Shellfish,Total shellfish,"376,821,487","3,282,693,128"
2024,Atlantic,Pelagics,Alewife,"4,113,696","5,700,165"
2024,Atlantic,Pelagics,Capelin,"16,508,716","8,264,408"
2024,Atlantic,Pelagics,Eel,"101,735","615,368"
2024,Atlantic,Pelagics,Elvers,0,0
2024,Atlantic,Pelagics,Herring,"57,927,867","39,999,012"
2024,Atlantic,Pelagics,Mackerel,"400,617","474,601"
2024,Atlantic,Pelagics,Other pelagic/finfish,"92,124","269,509"
2024,Atlantic,Pelagics,Salmon,0,0
2024,Atlantic,Pelagics,Shark,"3,014",225
2024,Atlantic,Pelagics,Silversides,"236,666","1,111,763"
2024,Atlantic,Pelagics,Swordfish,"1,700,178","17,066,855"
2024,Atlantic,Pelagics,Total pelagics,"82,111,148","87,911,815"
2024,Atlantic,Pelagics,Tuna,"1,026,535","14,409,910"
2024,Atlantic,Other,Marine plants,"12,701,054","635,156"
2024,Atlantic,Other,Miscellaneous,"301,779","884,253"
2024,Atlantic,Other,Total other,"13,002,833","1,519,409"
2024,Atlantic,Groundfish,Cod,"17,312,991","33,180,392"
2024,Atlantic,Groundfish,Flatfishes,"4,215,069","8,443,008"
2024,Atlantic,Groundfish,Greenland turbot,"10,064,682","57,971,598"
2024,Atlantic,Groundfish,Haddock,"9,782,450","18,069,282"
2024,Atlantic,Groundfish,Hake,"5,413,654","7,690,634"
2024,Atlantic,Groundfish,Halibut,"7,025,489","104,762,061"
2024,Atlantic,Groundfish,Other groundfish,"2,472,357","5,337,086"
2024,Atlantic,Groundfish,Pollock,"2,848,028","3,772,923"
2024,Atlantic,Groundfish,Redfish spp.,"12,693,096","12,134,082"
2024,Atlantic,Groundfish,Skate,"607,890","434,750"
2024,Atlantic,Groundfish,Total groundfish,"72,435,706","251,795,815"
2024,Atlantic,Grand total,Grand total,"544,371,174","3,623,920,167"
2024,British Columbia,Shellfish,Clams / quahaug,"1,447,389","49,021,365"
2024,British Columbia,Shellfish,"Crab, Other","4,459,041","84,576,332"
2024,British Columbia,Shellfish,"Crab, Queen",0,0
2024,British Columbia,Shellfish,Lobster,0,0
2024,British Columbia,Shellfish,Other shellfish,"119,227","548,246"
2024,British Columbia,Shellfish,Scallop,"9,266","105,204"
2024,British Columbia,Shellfish,Sea cucumber,"1,651,584","13,217,266"
2024,British Columbia,Shellfish,Sea urchin,"2,191,510","9,961,645"
2024,British Columbia,Shellfish,Shrimp,"1,797,857","70,459,237"
2024,British Columbia,Shellfish,Total shellfish,"11,675,875","227,889,296"
2024,British Columbia,Pelagics,Alewife,0,0
2024,British Columbia,Pelagics,Capelin,0,0
2024,British Columbia,Pelagics,Eel,0,0
2024,British Columbia,Pelagics,Elvers,0,0
2024,British Columbia,Pelagics,Herring,"6,952,003","7,661,664"
2024,British Columbia,Pelagics,Mackerel,"9,976","21,900"
2024,British Columbia,Pelagics,Other pelagic/finfish,"6,266","8,243"
2024,British Columbia,Pelagics,Salmon,"8,756,755","31,556,068"
2024,British Columbia,Pelagics,Shark,0,0
2024,British Columbia,Pelagics,Silversides,0,0
2024,British Columbia,Pelagics,Swordfish,0,0
2024,British Columbia,Pelagics,Total pelagics,"18,609,428","56,735,337"
2024,British Columbia,Pelagics,Tuna,"2,884,429","17,487,462"
2024,British Columbia,Other,Marine plants,0,0
2024,British Columbia,Other,Miscellaneous,0,0
2024,British Columbia,Other,Total other,0,0
2024,British Columbia,Groundfish,Cod,"495,139","818,334"
2024,British Columbia,Groundfish,Flatfishes,"6,584,006","3,883,850"
2024,British Columbia,Groundfish,Greenland turbot,0,0
2024,British Columbia,Groundfish,Haddock,0,0
2024,British Columbia,Groundfish,Hake,"12,363,950","4,592,451"
2024,British Columbia,Groundfish,Halibut,"2,808,880","45,779,717"
2024,British Columbia,Groundfish,Other groundfish,"4,136,142","26,861,232"
2024,British Columbia,Groundfish,Pollock,"9,084,991","2,002,895"
2024,British Columbia,Groundfish,Redfish spp.,"15,842,012","16,353,662"
2024,British Columbia,Groundfish,Skate,"253,249","313,343"
2024,British Columbia,Groundfish,Total groundfish,"51,568,369","100,605,485"
2024,British Columbia,Grand total,Grand total,"81,853,672","385,230,119"
2024,Canada,Shellfish,Clams / quahaug,"50,262,831","143,900,228"
2024,Canada,Shellfish,"Crab, Other","6,615,317","91,080,571"
2024,Canada,Shellfish,"Crab, Queen","96,428,054","761,285,647"
2024,Canada,Shellfish,Lobster,"105,249,198","1,971,588,760"
2024,Canada,Shellfish,Other shellfish,"7,405,472","16,818,127"
2024,Canada,Shellfish,Scallop,"55,628,070","179,197,598"
2024,Canada,Shellfish,Sea cucumber,"11,407,047","29,967,670"
2024,Canada,Shellfish,Sea urchin,"3,302,454","15,372,972"
2024,Canada,Shellfish,Shrimp,"52,198,918","301,370,850"
2024,Canada,Shellfish,Total shellfish,"388,497,362","3,510,582,424"
2024,Canada,Pelagics,Alewife,"4,113,696","5,700,165"
2024,Canada,Pelagics,Capelin,"16,508,716","8,264,408"
2024,Canada,Pelagics,Eel,"101,735","615,368"
2024,Canada,Pelagics,Elvers,0,0
2024,Canada,Pelagics,Herring,"64,879,870","47,660,677"
2024,Canada,Pelagics,Mackerel,"410,593","496,502"
2024,Canada,Pelagics,Other pelagic/finfish,"98,390","277,752"
2024,Canada,Pelagics,Salmon,"8,756,755","31,556,068"
2024,Canada,Pelagics,Shark,"3,014",225
2024,Canada,Pelagics,Silversides,"236,666","1,111,763"
2024,Canada,Pelagics,Swordfish,"1,700,178","17,066,855"
2024,Canada,Pelagics,Total pelagics,"100,720,576","144,647,153"
2024,Canada,Pelagics,Tuna,"3,910,964","31,897,371"
2024,Canada,Other,Marine plants,"12,701,054","635,156"
2024,Canada,Other,Miscellaneous,"301,779","884,253"
2024,Canada,Other,Total other,"13,002,833","1,519,409"
2024,Canada,Groundfish,Cod,"17,808,130","33,998,726"
2024,Canada,Groundfish,Flatfishes,"10,799,075","12,326,858"
2024,Canada,Groundfish,Greenland turbot,"10,064,682","57,971,598"
2024,Canada,Groundfish,Haddock,"9,782,450","18,069,282"
2024,Canada,Groundfish,Hake,"17,777,604","12,283,085"
2024,Canada,Groundfish,Halibut,"9,834,369","150,541,778"
2024,Canada,Groundfish,Other groundfish,"6,608,499","32,198,317"
2024,Canada,Groundfish,Pollock,"11,933,019","5,775,818"
2024,Canada,Groundfish,Redfish spp.,"28,535,108","28,487,744"
2024,Canada,Groundfish,Skate,"861,139","748,094"
2024,Canada,Groundfish,Total groundfish,"124,004,075","352,401,301"
2024,Canada,Grand total,Grand total,"626,224,846","4,009,150,286"
2024,New Brunswick,Shellfish,Clams / quahaug,x,x
2024,New Brunswick,Shellfish,"Crab, Other","579,861","1,882,965"
2024,New Brunswick,Shellfish,"Crab, Queen","10,086,787","85,064,344"
2024,New Brunswick,Shellfish,Lobster,"16,905,134","322,575,457"
2024,New Brunswick,Shellfish,Other shellfish,"23,388","156,202"
2024,New Brunswick,Shellfish,Scallop,"7,328,974","23,026,090"
2024,New Brunswick,Shellfish,Sea cucumber,x,x
2024,New Brunswick,Shellfish,Sea urchin,"225,739","896,178"
2024,New Brunswick,Shellfish,Shrimp,x,x
2024,New Brunswick,Shellfish,Total shellfish,"35,787,713","435,696,447"
2024,New Brunswick,Pelagics,Alewife,"2,594,001","3,948,520"
2024,New Brunswick,Pelagics,Capelin,0,0
2024,New Brunswick,Pelagics,Eel,"24,117","134,138"
2024,New Brunswick,Pelagics,Elvers,0,0
2024,New Brunswick,Pelagics,Herring,"9,920,799","8,986,162"
2024,New Brunswick,Pelagics,Mackerel,"43,109","5,641"
2024,New Brunswick,Pelagics,Other pelagic/finfish,"31,094","61,772"
2024,New Brunswick,Pelagics,Salmon,0,0
2024,New Brunswick,Pelagics,Shark,x,x
2024,New Brunswick,Pelagics,Silversides,0,0
2024,New Brunswick,Pelagics,Swordfish,0,0
2024,New Brunswick,Pelagics,Total pelagics,"12,620,116","13,229,740"
2024,New Brunswick,Pelagics,Tuna,x,x
2024,New Brunswick,Other,Marine plants,x,x
2024,New Brunswick,Other,Miscellaneous,0,0
2024,New Brunswick,Other,Total other,"12,620,334","631,120"
2024,New Brunswick,Groundfish,Cod,x,x
2024,New Brunswick,Groundfish,Flatfishes,x,x
2024,New Brunswick,Groundfish,Greenland turbot,x,x
2024,New Brunswick,Groundfish,Haddock,x,x
2024,New Brunswick,Groundfish,Hake,x,x
2024,New Brunswick,Groundfish,Halibut,"204,573","2,399,053"
2024,New Brunswick,Groundfish,Other groundfish,x,x
2024,New Brunswick,Groundfish,Pollock,0,0
2024,New Brunswick,Groundfish,Redfish spp.,x,x
2024,New Brunswick,Groundfish,Skate,0,0
2024,New Brunswick,Groundfish,Total groundfish,"254,420","2,466,892"
2024,New Brunswick,Grand total,Grand total,"61,282,583","452,024,199"
2024,Newfoundland and Labrador,Shellfish,Clams / quahaug,x,x
2024,Newfoundland and Labrador,Shellfish,"Crab, Other",x,x
2024,Newfoundland and Labrador,Shellfish,"Crab, Queen","56,137,935","436,313,886"
2024,Newfoundland and Labrador,Shellfish,Lobster,"9,435,217","137,466,008"
2024,Newfoundland and Labrador,Shellfish,Other shellfish,"5,575,235","12,198,917"
2024,Newfoundland and Labrador,Shellfish,Scallop,"1,327,088","4,349,317"
2024,Newfoundland and Labrador,Shellfish,Sea cucumber,"6,172,848","9,104,289"
2024,Newfoundland and Labrador,Shellfish,Sea urchin,"258,381","594,513"
2024,Newfoundland and Labrador,Shellfish,Shrimp,"33,477,146","169,058,191"
2024,Newfoundland and Labrador,Shellfish,Total shellfish,"138,328,164","828,894,118"
2024,Newfoundland and Labrador,Pelagics,Alewife,0,0
2024,Newfoundland and Labrador,Pelagics,Capelin,"16,126,077","8,077,409"
2024,Newfoundland and Labrador,Pelagics,Eel,"20,008","109,476"
2024,Newfoundland and Labrador,Pelagics,Elvers,0,0
2024,Newfoundland and Labrador,Pelagics,Herring,"23,113,550","10,038,465"
2024,Newfoundland and Labrador,Pelagics,Mackerel,x,x
2024,Newfoundland and Labrador,Pelagics,Other pelagic/finfish,"31,507","102,899"
2024,Newfoundland and Labrador,Pelagics,Salmon,0,0
2024,Newfoundland and Labrador,Pelagics,Shark,x,x
2024,Newfoundland and Labrador,Pelagics,Silversides,0,0
2024,Newfoundland and Labrador,Pelagics,Swordfish,"177,373","2,039,444"
2024,Newfoundland and Labrador,Pelagics,Total pelagics,"39,524,792","20,897,777"
2024,Newfoundland and Labrador,Pelagics,Tuna,"56,035","529,973"
2024,Newfoundland and Labrador,Other,Marine plants,0,0
2024,Newfoundland and Labrador,Other,Miscellaneous,"299,679","884,232"
2024,Newfoundland and Labrador,Other,Total other,"299,679","884,232"
2024,Newfoundland and Labrador,Groundfish,Cod,"16,164,498","30,495,514"
2024,Newfoundland and Labrador,Groundfish,Flatfishes,"3,007,730","5,434,769"
2024,Newfoundland and Labrador,Groundfish,Greenland turbot,"9,922,363","57,357,904"
2024,Newfoundland and Labrador,Groundfish,Haddock,"132,872","209,210"
2024,Newfoundland and Labrador,Groundfish,Hake,"1,493,825","2,211,061"
2024,Newfoundland and Labrador,Groundfish,Halibut,"1,040,714","10,395,665"
2024,Newfoundland and Labrador,Groundfish,Other groundfish,x,x
2024,Newfoundland and Labrador,Groundfish,Pollock,x,x
2024,Newfoundland and Labrador,Groundfish,Redfish spp.,"4,638,876","3,385,446"
2024,Newfoundland and Labrador,Groundfish,Skate,"457,306","336,009"
2024,Newfoundland and Labrador,Groundfish,Total groundfish,"38,710,065","113,810,932"
2024,Newfoundland and Labrador,Grand total,Grand total,"216,862,700","964,487,058"
2024,Nova Scotia,Shellfish,Clams / quahaug,"21,304,709","31,710,421"
2024,Nova Scotia,Shellfish,"Crab, Other","474,315","885,939"
2024,Nova Scotia,Shellfish,"Crab, Queen","13,616,304","114,413,749"
2024,Nova Scotia,Shellfish,Lobster,"44,521,929","961,890,880"
2024,Nova Scotia,Shellfish,Other shellfish,"904,234","1,652,793"
2024,Nova Scotia,Shellfish,Scallop,"45,901,727","147,873,418"
2024,Nova Scotia,Shellfish,Sea cucumber,"2,177,446","4,746,874"
2024,Nova Scotia,Shellfish,Sea urchin,0,0
2024,Nova Scotia,Shellfish,Shrimp,"15,924,805","58,141,092"
2024,Nova Scotia,Shellfish,Total shellfish,"144,825,469","1,321,315,167"
2024,Nova Scotia,Pelagics,Alewife,"1,452,021","1,550,507"
2024,Nova Scotia,Pelagics,Capelin,0,0
2024,Nova Scotia,Pelagics,Eel,"5,944","14,070"
2024,Nova Scotia,Pelagics,Elvers,0,0
2024,Nova Scotia,Pelagics,Herring,"20,515,912","18,164,389"
2024,Nova Scotia,Pelagics,Mackerel,"136,836","289,008"
2024,Nova Scotia,Pelagics,Other pelagic/finfish,"20,943","73,674"
2024,Nova Scotia,Pelagics,Salmon,0,0
2024,Nova Scotia,Pelagics,Shark,x,x
2024,Nova Scotia,Pelagics,Silversides,x,x
2024,Nova Scotia,Pelagics,Swordfish,"1,522,805","15,027,410"
2024,Nova Scotia,Pelagics,Total pelagics,"24,466,630","44,465,203"
2024,Nova Scotia,Pelagics,Tuna,"699,735","8,809,003"
2024,Nova Scotia,Other,Marine plants,x,x
2024,Nova Scotia,Other,Miscellaneous,0,0
2024,Nova Scotia,Other,Total other,"80,720","4,036"
2024,Nova Scotia,Groundfish,Cod,"871,192","2,001,497"
2024,Nova Scotia,Groundfish,Flatfishes,"1,180,363","2,975,942"
2024,Nova Scotia,Groundfish,Greenland turbot,x,x
2024,Nova Scotia,Groundfish,Haddock,"9,649,515","17,860,000"
2024,Nova Scotia,Groundfish,Hake,"3,915,547","5,476,158"
2024,Nova Scotia,Groundfish,Halibut,"4,709,824","79,321,169"
2024,Nova Scotia,Groundfish,Other groundfish,"736,129","1,471,247"
2024,Nova Scotia,Groundfish,Pollock,"2,723,004","3,650,313"
2024,Nova Scotia,Groundfish,Redfish spp.,"7,107,933","8,047,930"
2024,Nova Scotia,Groundfish,Skate,x,x
2024,Nova Scotia,Groundfish,Total groundfish,"31,053,974","120,932,969"
2024,Nova Scotia,Grand total,Grand total,"200,426,793","1,486,717,374"
2024,Prince Edward Island,Shellfish,Clams / quahaug,"168,083","404,447"
2024,Prince Edward Island,Shellfish,"Crab, Other","611,617","2,263,919"
2024,Prince Edward Island,Shellfish,"Crab, Queen","3,203,705","26,811,148"
2024,Prince Edward Island,Shellfish,Lobster,"19,481,642","317,566,689"
2024,Prince Edward Island,Shellfish,Other shellfish,"378,351","1,046,787"
2024,Prince Edward Island,Shellfish,Scallop,"370,057","501,405"
2024,Prince Edward Island,Shellfish,Sea cucumber,0,0
2024,Prince Edward Island,Shellfish,Sea urchin,0,0
2024,Prince Edward Island,Shellfish,Shrimp,0,0
2024,Prince Edward Island,Shellfish,Total shellfish,"24,213,455","348,594,396"
2024,Prince Edward Island,Pelagics,Alewife,"67,674","201,138"
2024,Prince Edward Island,Pelagics,Capelin,0,0
2024,Prince Edward Island,Pelagics,Eel,"51,666","357,684"
2024,Prince Edward Island,Pelagics,Elvers,0,0
2024,Prince Edward Island,Pelagics,Herring,"1,389,839","1,489,723"
2024,Prince Edward Island,Pelagics,Mackerel,"139,274",878
2024,Prince Edward Island,Pelagics,Other pelagic/finfish,x,x
2024,Prince Edward Island,Pelagics,Salmon,0,0
2024,Prince Edward Island,Pelagics,Shark,0,0
2024,Prince Edward Island,Pelagics,Silversides,x,x
2024,Prince Edward Island,Pelagics,Swordfish,0,0
2024,Prince Edward Island,Pelagics,Total pelagics,"2,009,686","6,954,677"
2024,Prince Edward Island,Pelagics,Tuna,"228,517","4,299,388"
2024,Prince Edward Island,Other,Marine plants,0,0
2024,Prince Edward Island,Other,Miscellaneous,0,0
2024,Prince Edward Island,Other,Total other,0,0
2024,Prince Edward Island,Groundfish,Cod,x,x
2024,Prince Edward Island,Groundfish,Flatfishes,0,0
2024,Prince Edward Island,Groundfish,Greenland turbot,0,0
2024,Prince Edward Island,Groundfish,Haddock,0,0
2024,Prince Edward Island,Groundfish,Hake,x,x
2024,Prince Edward Island,Groundfish,Halibut,"90,684","1,140,936"
2024,Prince Edward Island,Groundfish,Other groundfish,0,0
2024,Prince Edward Island,Groundfish,Pollock,0,0
2024,Prince Edward Island,Groundfish,Redfish spp.,0,0
2024,Prince Edward Island,Groundfish,Skate,0,0
2024,Prince Edward Island,Groundfish,Total groundfish,"93,593","1,146,340"
2024,Prince Edward Island,Grand total,Grand total,"26,316,734","356,695,414"
2024,Quebec,Shellfish,Clams / quahaug,"1,120,157","1,652,279"
2024,Quebec,Shellfish,"Crab, Other",x,x
2024,Quebec,Shellfish,"Crab, Queen","13,383,323","98,682,520"
2024,Quebec,Shellfish,Lobster,"14,905,276","232,089,726"
2024,Quebec,Shellfish,Other shellfish,"405,037","1,215,182"
2024,Quebec,Shellfish,Scallop,"690,958","3,342,162"
2024,Quebec,Shellfish,Sea cucumber,x,x
2024,Quebec,Shellfish,Sea urchin,"626,824","3,920,637"
2024,Quebec,Shellfish,Shrimp,x,x
2024,Quebec,Shellfish,Total shellfish,"33,666,686","348,193,000"
2024,Quebec,Pelagics,Alewife,0,0
2024,Quebec,Pelagics,Capelin,"382,639","187,000"
2024,Quebec,Pelagics,Eel,0,0
2024,Quebec,Pelagics,Elvers,0,0
2024,Quebec,Pelagics,Herring,"2,987,767","1,320,273"
2024,Quebec,Pelagics,Mackerel,x,x
2024,Quebec,Pelagics,Other pelagic/finfish,x,x
2024,Quebec,Pelagics,Salmon,0,0
2024,Quebec,Pelagics,Shark,x,x
2024,Quebec,Pelagics,Silversides,0,0
2024,Quebec,Pelagics,Swordfish,0,0
2024,Quebec,Pelagics,Total pelagics,"3,489,924","2,364,419"
2024,Quebec,Pelagics,Tuna,x,x
2024,Quebec,Other,Marine plants,0,0
2024,Quebec,Other,Miscellaneous,x,x
2024,Quebec,Other,Total other,"2,100",21
2024,Quebec,Groundfish,Cod,"274,336","677,883"
2024,Quebec,Groundfish,Flatfishes,x,x
2024,Quebec,Groundfish,Greenland turbot,"129,777","583,601"
2024,Quebec,Groundfish,Haddock,x,x
2024,Quebec,Groundfish,Hake,"4,236","3,373"
2024,Quebec,Groundfish,Halibut,"979,694","11,505,238"
2024,Quebec,Groundfish,Other groundfish,"8,807","2,618"
2024,Quebec,Groundfish,Pollock,x,x
2024,Quebec,Groundfish,Redfish spp.,x,x
2024,Quebec,Groundfish,Skate,x,x
2024,Quebec,Groundfish,Total groundfish,"2,323,654","13,438,682"
2024,Quebec,Grand total,Grand total,"39,482,364","363,996,122"
,,,,,
Quantity in live weight.,,,,,
"""x"" denotes data that is suppressed to meet confidentiality requirements.",,,,,
Totals may not add up due to rounding.,,,,,
"""Miscellaneous"" quantity excludes seal pelts.",,,,,
Source: Department of Fisheries and Oceans (2025). Zonal Interchange File [database]. Ottawa,,,,,
